anno,IstatComune,Regione,Provincia,Comune,Popolazione,Dato riferito a,Frazione umida(1) (t),Verde (t),Carta e cartone (t),Vetro (t),Legno (t),Metallo (t),Plastica (t),RAEE (t),Tessili (t),Selettiva (t),Rifiuti da C e D (t),Pulizia stradale a recupero (t),Ingombranti misti a recupero (t),Altro (t),Totale RD (t),Ingombranti a smaltimento (t),Indifferenziato (t),Totale RU (t),Percentuale RD (%)
2010,060001,Lazio,Frosinone,ACQUAFONDATA,296,Comune,-,-,-,-,-,-,-,0.400,-,0.018,-,-,-,-,0.418,14.740,132.160,147.318,0.28
2010,060002,Lazio,Frosinone,ACUTO,1914,Comune,27.480,-,23.980,26.809,-,0.689,7.241,-,1.647,-,-,-,-,-,87.846,26.520,918.034,1032.399,8.51
2010,060003,Lazio,Frosinone,ALATRI,29496,Comune,-,-,229.920,21.250,-,2.560,37.940,23.410,-,1.520,-,-,-,2.510,319.110,58.220,13392.310,13769.640,2.32
2010,060004,Lazio,Frosinone,ALVITO,2885,Aggregazione: Unione Comuni 'Val Comino',-,-,47.220,53.124,-,3.193,13.802,93.438,-,0.648,-,-,18.340,9.240,239.005,6.240,4969.422,5214.666,4.58
2010,060005,Lazio,Frosinone,AMASENO,4415,Comune,-,-,8.260,-,-,-,-,-,-,0.107,-,-,-,0.550,8.917,37.240,1593.160,1639.317,0.54
2010,060006,Lazio,Frosinone,ANAGNI,21676,Comune,243.980,-,-,207.520,-,3.380,-,26.460,-,1.160,-,-,-,-,482.500,122.440,8622.120,9227.060,5.23
2010,060007,Lazio,Frosinone,AQUINO,5247,Comune,-,-,-,-,-,-,-,-,0.003,0.012,-,-,-,-,0.015,-,2073.960,2073.975,0.00
2010,060008,Lazio,Frosinone,ARCE,5925,Comune,45.920,1.660,60.820,79.444,-,2.890,3.947,5.960,-,0.060,-,-,11.120,0.300,212.121,-,2048.715,2260.836,9.38
2010,060009,Lazio,Frosinone,ARNARA,2395,Comune,-,-,-,2.880,-,-,3.120,7.300,-,-,-,-,-,-,13.300,-,790.060,803.360,1.66
2010,060010,Lazio,Frosinone,ARPINO,7552,Comune,-,-,49.360,15.860,-,-,13.360,11.768,-,-,-,-,-,-,90.348,2.220,2665.480,2758.048,3.28
2010,060011,Lazio,Frosinone,ATINA,4519,Vedi aggregazione: Unione Comuni 'Val Comino',-,-,-,-,-,-,-,-,-,-,-,-,-,-,-,-,-,-,-
2010,060012,Lazio,Frosinone,AUSONIA,2636,Comune,-,-,4.600,22.741,-,2.813,3.842,-,-,0.034,-,-,4.380,-,38.409,-,873.565,911.974,4.21
2010,060013,Lazio,Frosinone,BELMONTE CASTELLO,777,Comune,-,-,6.840,3.035,-,0.030,0.222,-,-,-,-,-,-,-,10.126,-,217.830,227.956,4.44
2010,060014,Lazio,Frosinone,BOVILLE ERNICA,8898,Comune,-,-,52.430,54.760,-,-,-,5.100,-,-,-,-,-,0.440,112.730,9.900,2993.207,3115.837,3.62
2010,060015,Lazio,Frosinone,BROCCOSTELLA,2823,Comune,-,-,10.780,-,-,-,-,-,-,0.095,-,-,4.080,-,14.955,-,1103.990,1118.945,1.34
2010,060016,Lazio,Frosinone,CAMPOLI APPENNINO,1756,Comune,-,-,3.900,-,-,-,-,-,-,0.053,-,-,-,-,3.953,30.580,618.010,652.543,0.61
2010,060017,Lazio,Frosinone,CASALATTICO,656,Comune,-,-,6.239,3.035,-,0.030,0.222,-,-,-,-,-,1.789,-,11.313,-,154.530,165.843,6.82
2010,060018,Lazio,Frosinone,CASALVIERI,3098,Comune,-,-,-,-,-,-,-,-,-,-,-,-,-,0.520,0.520,-,1237.550,1238.070,0.04
2010,060019,Lazio,Frosinone,CASSINO,33153,Comune,-,-,837.520,178.840,-,18.310,92.280,19.190,31.290,7.450,-,-,-,-,1184.880,32.520,19197.260,20414.660,5.80
2010,060020,Lazio,Frosinone,CASTELLIRI,3539,Comune,-,-,5.390,13.697,-,0.361,6.843,0.007,-,0.039,-,-,-,-,26.337,2.420,1267.549,1296.306,2.03
2010,060021,Lazio,Frosinone,CASTELNUOVO PARANO,894,Comune,-,-,50.940,-,-,-,9.650,1.780,-,1.161,-,-,-,-,63.531,7.030,338.780,409.341,15.52
2010,060023,Lazio,Frosinone,CASTRO DEI VOLSCI,4977,Comune,-,-,42.820,25.419,-,3.144,4.294,9.090,2.420,0.121,-,-,1.760,0.280,89.348,-,1739.183,1828.531,4.89
2010,060022,Lazio,Frosinone,CASTROCIELO,4014,Comune,-,-,8.420,-,-,-,1.020,5.100,-,0.076,-,-,-,3.140,17.756,8.960,1742.440,1769.156,1.00
2010,060024,Lazio,Frosinone,CECCANO,23003,Comune,-,-,166.380,-,-,14.320,0.380,93.445,13.220,0.504,-,-,31.880,7.000,327.129,-,10149.600,10476.729,3.12
2010,060025,Lazio,Frosinone,CEPRANO,8610,Comune,-,-,22.780,13.771,-,1.703,2.326,62.850,10.854,0.230,-,-,6.460,20.620,141.594,-,3865.930,4007.524,3.53
2010,060026,Lazio,Frosinone,CERVARO,7209,Comune,-,-,94.640,23.540,1.980,0.900,4.600,11.920,-,0.012,-,-,-,1.800,139.392,53.600,3100.980,3293.972,4.23
2010,060027,Lazio,Frosinone,COLFELICE,1893,Comune,-,-,5.940,12.089,-,0.246,0.756,0.600,-,0.128,-,-,-,-,19.759,8.360,677.309,705.428,2.80
2010,060029,Lazio,Frosinone,COLLE SAN MAGNO,755,Comune,-,-,7.340,-,-,-,0.460,0.640,-,0.021,-,-,-,-,8.461,1.400,246.320,256.181,3.30
2010,060028,Lazio,Frosinone,COLLEPARDO,985,Comune,-,-,4.560,10.025,-,1.240,1.693,-,-,-,-,-,-,0.660,18.178,1.910,346.632,366.720,4.96
2010,060030,Lazio,Frosinone,CORENO AUSONIO,1691,Comune,-,-,7.570,-,-,-,-,4.520,-,0.079,-,-,3.740,-,15.909,-,421.920,437.829,3.63
2010,060031,Lazio,Frosinone,ESPERIA,3978,Comune,-,-,5.390,-,-,1.600,-,3.280,-,0.079,-,-,-,-,10.349,5.020,1208.960,1224.329,0.85
2010,060032,Lazio,Frosinone,FALVATERRA,594,Comune,-,-,-,-,1.000,-,-,4.400,2.400,-,-,-,-,-,7.800,-,267.813,275.613,2.83
2010,060033,Lazio,Frosinone,FERENTINO,21258,Comune,85.780,-,222.600,262.603,-,6.565,37.367,29.886,7.632,0.060,-,-,-,2.840,655.332,90.180,9084.345,9829.858,6.67
2010,060034,Lazio,Frosinone,FILETTINO,550,Comune,-,-,17.520,20.500,-,6.800,-,2.240,-,0.024,-,-,-,-,47.084,28.820,467.340,543.244,8.67
2010,060035,Lazio,Frosinone,FIUGGI,9755,Comune,-,-,67.950,85.095,-,1.459,14.323,-,7.098,0.190,-,-,-,0.860,176.974,99.860,6245.744,6522.578,2.71
2010,060036,Lazio,Frosinone,FONTANA LIRI,3063,Comune,-,-,7.080,3.940,-,-,3.650,1.550,-,-,-,-,-,-,16.220,7.660,1107.200,1131.080,1.43
2010,060037,Lazio,Frosinone,FONTECHIARI,1315,Comune,-,-,1.200,3.885,-,0.481,0.656,-,-,0.032,-,-,-,-,6.254,-,424.888,431.142,1.45
2010,060038,Lazio,Frosinone,FROSINONE,48122,Comune,-,400.440,1822.003,1012.230,-,44.033,94.733,96.410,-,1.630,-,-,-,-,3471.480,225.940,22588.510,26285.929,13.21
2010,060039,Lazio,Frosinone,FUMONE,2210,Comune,142.720,-,36.580,93.100,-,13.720,24.000,10.190,-,-,-,-,-,2.740,323.050,16.740,228.480,568.270,56.85
2010,060040,Lazio,Frosinone,GALLINARO,1279,Vedi aggregazione: Unione Comuni 'Val Comino',-,-,-,-,-,-,-,-,-,-,-,-,-,-,-,-,-,-,-
2010,060041,Lazio,Frosinone,GIULIANO DI ROMA,2373,Comune,-,-,8.320,10.515,-,1.301,1.776,5.930,-,0.102,-,-,4.620,-,32.564,-,916.208,948.772,3.43
2010,060042,Lazio,Frosinone,GUARCINO,1700,Comune,-,-,11.600,15.419,-,1.820,2.486,-,-,-,-,-,0.150,-,31.475,-,716.155,747.630,4.21
2010,060043,Lazio,Frosinone,ISOLA DEL LIRI,11991,Comune,-,-,133.850,-,-,-,-,30.210,8.614,0.414,-,-,-,1.700,174.788,25.480,5091.640,5291.908,3.30
2010,060044,Lazio,Frosinone,MONTE SAN GIOVANNI CAMPANO,12796,Comune,62.160,-,146.428,199.749,-,5.176,16.629,-,11.344,-,-,-,-,3.660,445.146,20.160,4251.586,4716.892,9.44
2010,060045,Lazio,Frosinone,MOROLO,3299,Comune,93.900,-,95.800,76.839,-,5.986,8.176,15.690,1.823,-,-,-,-,-,298.214,14.480,1394.379,1707.073,17.47
2010,060046,Lazio,Frosinone,PALIANO,8330,Comune,37.760,-,58.760,89.840,-,-,19.720,-,-,80.240,-,-,-,0.780,287.100,40.560,3445.620,3773.280,7.61
2010,060047,Lazio,Frosinone,PASTENA,1534,Comune,-,-,2.560,51.201,-,1.907,4.605,-,-,-,-,-,-,-,60.274,-,361.706,421.980,14.28
2010,060048,Lazio,Frosinone,PATRICA,3147,Comune,32.560,3.400,42.370,40.906,-,5.940,13.517,6.750,-,0.310,-,-,13.990,2.120,161.862,-,1348.178,1510.040,10.72
2010,060049,Lazio,Frosinone,PESCOSOLIDO,1582,Comune,-,-,2.800,-,-,-,-,-,-,0.055,-,-,-,-,2.855,-,476.830,479.685,0.60
2010,060050,Lazio,Frosinone,PICINISCO,1256,Comune,-,-,5.060,12.360,1.500,1.500,5.300,-,-,-,-,-,-,2.060,27.780,-,384.080,411.860,6.75
2010,060051,Lazio,Frosinone,PICO,3065,Comune,-,-,1.700,5.529,-,0.684,0.934,-,-,0.030,-,-,-,-,8.877,-,971.573,980.450,0.91
2010,060052,Lazio,Frosinone,PIEDIMONTE SAN GERMANO,6267,Comune,-,2.260,-,2.069,-,0.256,0.349,0.140,-,0.020,-,-,-,-,5.094,0.280,2987.666,2993.040,0.17
2010,060053,Lazio,Frosinone,PIGLIO,4775,Comune,11.580,-,77.620,99.200,-,-,15.960,7.680,1.954,0.130,-,-,-,-,214.124,24.720,1543.890,1782.734,12.01
2010,060054,Lazio,Frosinone,PIGNATARO INTERAMNA,2595,Comune,-,-,-,5.238,-,0.648,0.885,4.120,-,0.674,-,-,-,2.480,14.044,2.260,997.330,1013.634,1.39
2010,060055,Lazio,Frosinone,POFI,4423,Comune,-,-,78.790,100.940,-,-,73.755,19.432,-,-,-,-,-,-,272.917,9.860,668.940,951.717,28.68
2010,060056,Lazio,Frosinone,PONTECORVO,13388,Comune,-,-,-,27.988,-,1.173,1.603,1.100,-,-,-,-,-,0.610,32.474,3.950,5092.866,5129.290,0.63
2010,060057,Lazio,Frosinone,POSTA FIBRENO,1216,Comune,-,-,3.400,-,-,-,-,2.700,-,0.030,-,-,-,-,6.130,2.460,458.340,466.930,1.31
2010,060058,Lazio,Frosinone,RIPI,5494,Comune,-,122.580,113.080,112.340,-,3.848,5.256,13.870,-,-,-,-,-,-,370.975,20.680,1060.171,1451.826,25.55
2010,060059,Lazio,Frosinone,ROCCA D'ARCE,990,Comune,-,-,2.600,-,-,-,-,-,-,0.030,-,-,-,-,2.630,-,329.740,332.370,0.79
2010,060060,Lazio,Frosinone,ROCCASECCA,7583,Comune,-,-,-,0.160,-,-,-,1.820,0.260,3.348,-,-,-,1.660,7.248,9.220,2905.900,2922.368,0.25
2010,060061,Lazio,Frosinone,SAN BIAGIO SARACINISCO,364,Comune,-,-,4.489,5.185,-,-,1.150,-,-,-,-,-,-,3.580,14.403,-,113.630,128.033,11.25
2010,060062,Lazio,Frosinone,SAN DONATO VAL DI COMINO,2133,Vedi aggregazione: Unione Comuni 'Val Comino',-,-,-,-,-,-,-,-,-,-,-,-,-,-,-,-,-,-,-
2010,060063,Lazio,Frosinone,SAN GIORGIO A LIRI,3168,Comune,-,-,20.580,3.640,-,-,5.880,1.780,-,0.041,-,-,-,-,31.921,1.900,1574.280,1608.101,1.99
2010,060064,Lazio,Frosinone,SAN GIOVANNI INCARICO,3395,Comune,-,-,30.700,10.380,-,-,11.370,-,-,-,-,-,-,3.350,55.800,0.360,1288.580,1344.740,4.15
2010,060070,Lazio,Frosinone,SAN VITTORE DEL LAZIO,2735,Comune,-,-,-,5.379,-,0.025,0.034,0.100,0.760,0.022,-,-,-,-,6.319,2.560,1038.603,1047.482,0.60
2010,060065,Lazio,Frosinone,SANT'AMBROGIO SUL GARIGLIANO,976,Comune,-,-,5.970,19.040,-,1.440,7.560,0.220,-,0.052,-,-,-,-,34.282,5.700,151.280,191.262,17.92
2010,060066,Lazio,Frosinone,SANT'ANDREA DEL GARIGLIANO,1601,Comune,-,14.620,13.120,14.868,-,0.622,9.796,1.220,-,-,-,-,-,-,54.245,2.360,273.555,330.160,16.43
2010,060067,Lazio,Frosinone,SANT'APOLLINARE,2015,Comune,-,-,15.040,-,-,-,-,2.420,-,0.026,-,-,-,-,17.486,1.200,587.040,605.726,2.89
2010,060068,Lazio,Frosinone,SANT'ELIA FIUMERAPIDO,6283,Comune,-,-,44.220,129.740,-,-,48.360,1.040,-,0.140,-,-,122.420,2.880,348.800,-,1524.680,1873.480,18.62
2010,060069,Lazio,Frosinone,SANTOPADRE,1450,Comune,-,-,1.960,-,-,-,-,-,-,0.023,-,-,-,-,1.983,-,430.940,432.923,0.46
2010,060071,Lazio,Frosinone,SERRONE,3138,Comune,-,-,16.510,10.240,-,-,1.330,4.260,2.470,0.025,-,-,-,-,34.835,35.420,1120.484,1190.739,2.93
2010,060072,Lazio,Frosinone,SETTEFRATI,809,Vedi aggregazione: Unione Comuni 'Val Comino',-,-,-,-,-,-,-,-,-,-,-,-,-,-,-,-,-,-,-
2010,060073,Lazio,Frosinone,SGURGOLA,2709,Comune,-,-,-,0.192,-,1.244,0.033,2.840,-,-,-,-,-,-,4.309,32.060,993.107,1029.475,0.42
2010,060074,Lazio,Frosinone,SORA,26589,Comune,112.020,17.860,-,-,-,-,-,105.610,15.046,-,-,-,-,-,250.536,-,12020.000,12270.536,2.04
2010,060075,Lazio,Frosinone,STRANGOLAGALLI,2544,Comune,-,-,77.200,66.450,-,5.080,54.650,1.500,-,-,-,-,-,-,204.880,-,418.240,623.120,32.88
2010,060076,Lazio,Frosinone,SUPINO,4958,Comune,-,-,130.580,112.794,12.320,21.370,77.302,23.550,-,-,-,-,-,-,377.916,32.080,1847.578,2257.573,16.74
2010,060077,Lazio,Frosinone,TERELLE,487,Comune,-,-,4.230,26.040,-,3.340,4.400,0.020,-,0.012,-,-,-,-,38.042,-,138.490,176.532,21.55
2010,060078,Lazio,Frosinone,TORRE CAJETANI,1464,Comune,30.420,-,0.380,-,-,-,-,-,-,0.025,-,-,-,-,30.825,-,308.177,339.002,9.09
2010,060079,Lazio,Frosinone,TORRICE,4647,Comune,-,-,-,-,-,-,-,10.180,-,-,-,-,-,1.580,11.760,13.480,1792.840,1818.080,0.65
2010,060080,Lazio,Frosinone,TREVI NEL LAZIO,1754,Comune,-,-,29.290,30.925,-,0.267,5.024,-,-,0.060,-,-,-,-,65.565,27.800,1197.805,1291.170,5.08
2010,060081,Lazio,Frosinone,TRIVIGLIANO,1743,Comune,33.720,-,11.830,-,-,-,-,-,-,0.020,-,-,-,-,45.570,-,350.000,395.570,11.52
2010,060082,Lazio,Frosinone,VALLECORSA,2844,Comune,-,-,24.720,29.550,-,0.710,9.140,-,-,0.030,-,-,-,-,64.150,-,801.260,865.410,7.41
2010,060083,Lazio,Frosinone,VALLEMAIO,984,Comune,-,-,12.520,18.272,-,2.260,5.487,-,-,0.015,-,-,-,-,38.554,21.280,152.981,212.815,18.12
2010,060084,Lazio,Frosinone,VALLEROTONDA,1736,Comune,-,-,-,-,-,-,-,-,-,-,-,-,40.080,-,40.080,-,671.500,711.580,5.63
2010,060085,Lazio,Frosinone,VEROLI,20798,Comune,1.800,-,245.760,246.815,-,0.118,31.061,-,-,0.331,-,-,22.120,-,548.005,-,8411.186,8959.191,6.12
2010,060086,Lazio,Frosinone,VICALVI,840,Vedi aggregazione: Unione Comuni 'Val Comino',-,-,-,-,-,-,-,-,-,-,-,-,-,-,-,-,-,-,-
2010,060087,Lazio,Frosinone,VICO NEL LAZIO,2314,Comune,-,-,32.430,43.280,-,-,25.610,2.580,-,0.089,-,-,-,-,103.989,3.840,467.840,575.669,18.06
2010,060088,Lazio,Frosinone,VILLA LATINA,1240,Comune,-,-,13.465,15.554,-,-,3.450,-,-,-,-,-,-,-,32.469,-,474.690,507.159,6.40
2010,060089,Lazio,Frosinone,VILLA SANTA LUCIA,2696,Comune,-,-,-,-,-,-,-,-,-,0.018,-,-,-,-,0.018,-,1115.780,1115.798,0.00
2010,060090,Lazio,Frosinone,VILLA SANTO STEFANO,1750,Comune,-,-,10.000,6.484,-,0.802,1.095,-,-,0.059,-,-,-,0.080,18.521,2.900,526.859,548.279,3.38
2010,060091,Lazio,Frosinone,VITICUSO,388,Comune,-,-,-,1.200,-,-,0.580,-,-,-,-,-,-,-,1.780,0.920,133.580,136.280,1.31
2010,059001,Lazio,Latina,APRILIA,70349,Comune,-,-,125.040,472.533,-,58.443,79.825,0.590,-,8.610,-,-,-,8.180,753.221,-,35751.979,36505.200,2.06
2010,059002,Lazio,Latina,BASSIANO,1651,Comune,77.440,-,31.410,52.576,9.824,6.503,8.882,9.195,-,-,-,-,-,0.100,195.929,5.040,402.260,603.229,32.48
2010,059003,Lazio,Latina,CAMPODIMELE,660,Comune,29.380,-,7.840,37.130,-,-,-,3.420,-,-,-,-,-,0.380,78.150,3.720,158.470,240.340,32.52
2010,059004,Lazio,Latina,CASTELFORTE,4505,Comune,137.920,-,95.550,-,-,-,35.520,14.430,-,12.752,-,-,-,1.870,298.042,53.440,964.460,1315.942,22.65
2010,059005,Lazio,Latina,CISTERNA DI LATINA,35480,Comune,1346.280,2592.220,757.420,528.537,356.990,65.370,232.105,169.540,-,6.140,-,-,-,27.120,6081.722,108.460,14456.658,20646.840,29.46
2010,059006,Lazio,Latina,CORI,11284,Comune,-,1045.420,287.120,239.880,-,7.780,146.660,15.835,-,-,-,-,-,-,1742.695,262.240,3653.180,5658.115,30.80
2010,059007,Lazio,Latina,FONDI,37770,Comune,-,190.100,772.100,393.600,-,29.080,69.970,109.270,-,5.180,-,-,-,17.780,1587.080,285.860,21582.120,23455.060,6.77
2010,059008,Lazio,Latina,FORMIA,37571,Comune,1538.760,1098.750,1256.310,546.266,357.380,83.442,450.730,210.660,54.590,2.040,-,-,-,8.920,5607.848,104.340,16699.592,22411.780,25.02
2010,059009,Lazio,Latina,GAETA,21546,Comune,-,95.720,575.240,232.480,-,-,110.860,18.530,33.530,0.100,-,-,-,-,1066.460,196.020,13359.110,14621.590,7.29
2010,059010,Lazio,Latina,ITRI,10369,Comune,625.260,59.860,255.100,270.300,104.780,84.400,151.700,67.090,16.670,6.950,-,-,-,-,1642.110,107.740,1564.510,3314.360,49.55
2010,059011,Lazio,Latina,LATINA,119804,Comune,8088.360,1914.026,4249.070,2978.722,972.510,468.881,522.503,542.225,-,19.213,-,-,-,124.259,19879.769,202.560,50883.294,70965.623,28.01
2010,059012,Lazio,Latina,LENOLA,4180,Comune,376.450,-,91.840,-,8.820,12.320,47.500,20.100,13.116,-,-,-,-,-,570.146,2.280,444.770,1017.196,56.05
2010,059013,Lazio,Latina,MAENZA,3169,Comune,170.080,-,44.080,111.537,1.860,16.475,18.842,4.025,-,0.057,-,-,-,-,366.955,18.750,490.697,876.402,41.87
2010,059014,Lazio,Latina,MINTURNO,19059,Comune,68.860,-,400.630,211.090,-,3.180,187.350,80.610,2.500,1.410,-,-,-,-,955.630,203.950,10667.380,11826.960,8.08
2010,059015,Lazio,Latina,MONTE SAN BIAGIO,6188,Comune,-,15.340,165.250,188.980,-,31.000,120.520,41.060,-,-,-,-,-,2.260,564.410,113.590,1131.650,1809.650,31.19
2010,059016,Lazio,Latina,NORMA,4103,Comune,151.550,5.960,57.120,158.614,2.460,18.709,29.904,38.300,-,2.130,-,-,-,6.110,470.857,139.950,1264.064,1874.870,25.11
2010,059017,Lazio,Latina,PONTINIA,14209,Comune,438.940,77.160,428.370,265.989,-,32.898,44.933,10.860,-,0.393,-,-,-,-,1299.543,52.470,5866.700,7218.713,18.00
2010,059018,Lazio,Latina,PONZA,3360,Comune,-,-,21.580,19.700,-,13.720,13.740,4.860,-,-,-,-,-,-,73.600,22.320,2482.340,2578.260,2.86
2010,059019,Lazio,Latina,PRIVERNO,14369,Comune,-,-,207.120,65.717,-,8.128,11.101,58.370,-,0.140,-,-,-,11.170,361.746,92.210,6517.754,6971.710,5.19
2010,059020,Lazio,Latina,PROSSEDI,1238,Comune,84.130,-,36.700,54.286,-,11.674,9.171,7.270,-,-,-,-,-,2.600,205.831,20.110,289.039,514.980,39.97
2010,059022,Lazio,Latina,ROCCA MASSIMA,1088,Comune,-,-,7.680,11.880,-,-,8.940,2.318,-,0.077,-,-,-,-,30.895,0.380,509.850,541.125,5.71
2010,059021,Lazio,Latina,ROCCAGORGA,4766,Comune,385.160,-,65.440,147.959,11.680,20.426,81.836,34.850,-,0.030,-,-,-,1.380,748.761,15.390,552.249,1316.400,56.88
2010,059023,Lazio,Latina,ROCCASECCA DEI VOLSCI,1144,Comune,43.110,-,14.420,27.674,-,3.423,4.675,2.600,-,-,-,-,-,0.160,96.061,29.420,268.099,393.580,24.41
2010,059024,Lazio,Latina,SABAUDIA,19664,Comune,-,1766.440,356.710,256.620,50.150,-,0.060,47.723,-,-,-,-,-,-,2477.703,36.720,12198.480,14712.903,16.84
2010,059025,Lazio,Latina,SAN FELICE CIRCEO,8603,Comune,-,271.680,186.950,104.870,62.040,1.416,25.074,63.120,-,0.440,-,-,-,390.400,1105.990,94.800,9960.040,11160.830,9.91
2010,059026,Lazio,Latina,SANTI COSMA E DAMIANO,6886,Comune,328.470,-,242.710,-,-,-,105.370,31.155,-,12.574,-,-,-,-,720.279,40.680,2118.820,2879.779,25.01
2010,059027,Lazio,Latina,SERMONETA,9156,Comune,934.940,82.420,232.680,401.126,58.030,40.504,54.094,66.220,-,16.940,-,-,-,15.330,1902.284,27.190,1005.466,2934.940,64.82
2010,059028,Lazio,Latina,SEZZE,24790,Comune,436.790,130.210,371.020,521.154,-,48.990,116.785,20.030,-,0.060,-,-,-,32.520,1677.559,400.640,10399.372,12477.570,13.45
2010,059029,Lazio,Latina,SONNINO,7267,Comune,585.130,-,141.610,315.701,29.060,36.948,50.466,44.655,-,0.915,-,-,-,27.560,1232.046,49.870,1152.104,2434.020,50.62
2010,059030,Lazio,Latina,SPERLONGA,3277,Comune,-,87.528,269.120,152.076,38.820,0.239,116.817,13.400,3.640,29.237,-,-,-,-,710.877,-,2909.128,3620.005,19.64
2010,059031,Lazio,Latina,SPIGNO SATURNIA,2962,Comune,-,0.220,116.565,-,-,-,17.209,0.670,-,8.986,-,-,-,0.520,144.170,7.050,1409.780,1561.000,9.24
2010,059032,Lazio,Latina,TERRACINA,44480,Comune,-,6.120,629.660,130.888,194.090,7.130,9.738,153.424,-,5.720,-,-,-,7.860,1144.630,508.860,28545.914,30199.404,3.79
2010,059033,Lazio,Latina,VENTOTENE,745,Comune,0.880,-,29.720,94.120,-,-,1.560,0.910,-,0.360,-,-,-,-,127.550,49.660,740.270,917.480,13.90
2010,057001,Lazio,Rieti,ACCUMOLI,708,Comune,-,-,-,-,-,-,-,-,-,-,-,-,-,-,-,-,399.140,399.140,-
2010,057002,Lazio,Rieti,AMATRICE,2717,Comune,-,-,-,-,-,-,-,20.280,-,-,-,-,-,-,20.280,62.320,1883.500,1966.100,1.03
2010,057003,Lazio,Rieti,ANTRODOCO,2762,Comune,-,-,120.020,71.206,-,8.807,12.029,-,-,-,-,-,-,-,212.062,148.000,1276.338,1636.400,12.96
2010,057004,Lazio,Rieti,ASCREA,279,Comune,-,-,3.000,-,-,-,1.300,-,-,-,-,-,-,-,4.300,8.540,143.360,156.200,2.75
2010,057005,Lazio,Rieti,BELMONTE IN SABINA,677,Comune,-,-,-,-,-,-,-,20.600,-,-,-,-,-,-,20.600,42.430,272.000,335.030,6.15
2010,057006,Lazio,Rieti,BORBONA,660,Comune,-,-,2.840,3.574,-,0.442,1.004,0.160,-,-,-,-,-,0.560,8.579,21.720,354.891,385.190,2.23
2010,057008,Lazio,Rieti,BORGO VELINO,1004,Comune,-,-,1.220,0.862,-,0.111,0.146,-,-,-,-,-,-,0.220,2.559,-,500.000,502.559,0.51
2010,057007,Lazio,Rieti,BORGOROSE,4644,Comune,-,-,-,16.120,-,0.533,0.728,2.380,-,-,-,-,-,1.060,20.821,7.760,2324.430,2353.010,0.89
2010,057009,Lazio,Rieti,CANTALICE,2796,Comune,-,-,0.600,-,-,-,-,1.350,-,-,-,-,-,-,1.950,9.860,1016.800,1028.610,0.19
2010,057010,Lazio,Rieti,CANTALUPO IN SABINA,1742,Vedi aggregazione: Unione 'Bassa Sabina',-,-,-,-,-,-,-,-,-,-,-,-,-,-,-,-,-,-,-
2010,057011,Lazio,Rieti,CASAPROTA,774,Aggregazione: Unione 'Alta Sabina',-,-,0.360,28.284,-,3.498,4.778,1.860,-,-,-,-,-,-,38.780,264.370,3842.470,4145.620,0.94
2010,057012,Lazio,Rieti,CASPERIA,1241,Aggregazione: Unione 'Nova Sabina',-,-,42.480,92.569,-,8.592,11.735,3.490,6.861,0.530,-,-,-,-,166.258,51.520,2512.864,2730.641,6.09
2010,057013,Lazio,Rieti,CASTEL DI TORA,310,Comune,-,-,2.240,12.660,-,-,0.630,3.980,-,-,-,-,-,-,19.510,21.440,45.290,86.240,22.62
2010,057015,Lazio,Rieti,CASTEL SANT'ANGELO,1289,Comune,-,-,0.800,0.491,-,0.061,0.083,1.720,-,-,-,-,-,-,3.154,25.410,662.906,691.470,0.46
2010,057014,Lazio,Rieti,CASTELNUOVO DI FARFA,1072,Vedi aggregazione: Unione dei Comuni della Valle dell'Olio,-,-,-,-,-,-,-,-,-,-,-,-,-,-,-,-,-,-,-
2010,057016,Lazio,Rieti,CITTADUCALE,7018,Comune,-,84.300,-,53.432,-,6.445,8.803,-,-,-,-,-,-,-,152.980,260.622,3137.800,3551.402,4.31
2010,057017,Lazio,Rieti,CITTAREALE,485,Comune,-,-,2.190,2.705,-,0.335,0.857,2.940,-,-,-,-,-,3.200,12.227,5.642,277.883,295.752,4.13
2010,057018,Lazio,Rieti,COLLALTO SABINO,458,Comune,-,-,-,-,-,-,-,-,-,-,-,-,-,-,-,-,243.460,243.460,-
2010,057019,Lazio,Rieti,COLLE DI TORA,380,Comune,-,-,1.260,-,-,-,0.350,2.570,-,-,-,-,-,-,4.180,12.540,175.760,192.480,2.17
2010,057020,Lazio,Rieti,COLLEGIOVE,190,Comune,-,-,-,0.676,-,0.084,0.114,-,-,-,-,-,-,-,0.874,5.440,86.346,92.660,0.94
2010,057021,Lazio,Rieti,COLLEVECCHIO,1650,Comune,-,-,12.900,4.300,-,-,12.320,-,-,-,-,-,-,-,29.520,8.120,664.460,702.100,4.21
2010,057022,Lazio,Rieti,COLLI SUL VELINO,513,Comune,-,-,2.550,5.010,-,0.450,1.110,1.170,-,-,-,-,-,-,10.290,-,189.500,199.790,5.15
2010,057023,Lazio,Rieti,CONCERVIANO,319,Comune,-,-,-,-,-,-,-,-,-,-,-,-,-,-,-,4.620,137.920,142.540,-
2010,057024,Lazio,Rieti,CONFIGNI,692,Aggregazione: Comunita   Montana della Val d'Aia,-,-,-,7.909,-,0.543,0.742,1.060,-,-,-,-,-,-,10.253,51.660,746.947,808.860,1.27
2010,057025,Lazio,Rieti,CONTIGLIANO,3676,Comune,-,57.170,8.860,11.602,-,1.002,1.909,15.137,-,-,-,-,-,-,95.680,105.270,1552.668,1753.617,5.46
2010,057026,Lazio,Rieti,COTTANELLO,572,Vedi aggregazione: Comunita   Montana della Val d'Aia,-,-,-,-,-,-,-,-,-,-,-,-,-,-,-,-,-,-,-
2010,057027,Lazio,Rieti,FARA IN SABINA,13350,Comune,-,-,227.190,154.471,-,10.889,55.157,-,-,0.400,-,-,-,-,448.108,605.440,5769.862,6823.410,6.57
2010,057028,Lazio,Rieti,FIAMIGNANO,1525,Comune,-,-,-,-,-,-,-,-,-,-,-,-,-,-,-,-,751.620,751.620,-
2010,057029,Lazio,Rieti,FORANO,3102,Vedi aggregazione: Unione 'Bassa Sabina',-,-,-,-,-,-,-,-,-,-,-,-,-,-,-,-,-,-,-
2010,057030,Lazio,Rieti,FRASSO SABINO,709,Vedi aggregazione: Unione dei Comuni della Valle dell'Olio,-,-,-,-,-,-,-,-,-,-,-,-,-,-,-,-,-,-,-
2010,057031,Lazio,Rieti,GRECCIO,1558,Comune,-,-,16.130,28.339,-,1.365,6.565,6.270,-,-,-,-,-,-,58.669,27.110,755.881,841.660,6.97
2010,057032,Lazio,Rieti,LABRO,370,Comune,-,-,-,-,-,-,-,-,-,-,-,-,6.480,-,6.480,-,199.400,205.880,3.15
2010,057033,Lazio,Rieti,LEONESSA,2604,Comune,-,-,-,-,-,-,-,19.780,-,7.295,-,-,-,7.051,34.126,10.040,1565.550,1609.716,2.12
2010,057034,Lazio,Rieti,LONGONE SABINO,604,Comune,-,-,-,1.856,-,0.230,0.314,0.720,-,-,-,-,-,-,3.120,7.320,248.280,258.720,1.21
2010,057035,Lazio,Rieti,MAGLIANO SABINA,3892,Comune,-,-,139.750,30.200,-,36.100,40.210,16.000,-,-,-,-,-,-,262.260,27.080,1825.520,2114.860,12.40
2010,057036,Lazio,Rieti,MARCETELLI,111,Comune,-,-,-,-,-,-,-,-,-,-,-,-,-,-,-,5.440,39.600,45.040,-
2010,057037,Lazio,Rieti,MICIGLIANO,142,Comune,-,-,-,2.320,-,0.300,0.390,-,-,-,-,-,6.000,-,9.010,-,63.590,72.600,12.41
2010,057038,Lazio,Rieti,MOMPEO,546,Comune,-,-,6.280,3.943,-,0.238,3.935,1.980,-,0.020,-,-,-,-,16.395,18.440,175.465,210.300,7.80
2010,057039,Lazio,Rieti,MONTASOLA,420,Vedi aggregazione: Comunita   Montana della Val d'Aia,-,-,-,-,-,-,-,-,-,-,-,-,-,-,-,-,-,-,-
2010,057043,Lazio,Rieti,MONTE SAN GIOVANNI IN SABINA,772,Comune,-,-,1.620,1.700,-,-,1.120,10.500,-,-,-,-,-,-,14.940,19.840,331.960,366.740,4.07
2010,057040,Lazio,Rieti,MONTEBUONO,938,Vedi aggregazione: Unione 'Nova Sabina',-,-,-,-,-,-,-,-,-,-,-,-,-,-,-,-,-,-,-
2010,057041,Lazio,Rieti,MONTELEONE SABINO,1278,Aggregazione: Unione dei Comuni della Valle dell'Olio,-,-,48.930,5.660,-,-,1.600,-,-,-,-,-,-,-,56.190,10.460,1900.430,1967.080,2.86
2010,057042,Lazio,Rieti,MONTENERO SABINO,310,Comune,-,-,-,1.909,-,0.236,0.323,0.100,-,-,-,-,-,-,2.568,11.460,82.132,96.160,2.67
2010,057044,Lazio,Rieti,MONTOPOLI DI SABINA,4274,Vedi aggregazione: Unione 'Bassa Sabina',-,-,-,-,-,-,-,-,-,-,-,-,-,-,-,-,-,-,-
2010,057045,Lazio,Rieti,MORRO REATINO,371,Comune,-,-,4.070,-,-,-,1.920,0.130,-,-,-,-,-,-,6.120,1.920,163.420,171.460,3.57
2010,057046,Lazio,Rieti,NESPOLO,281,Comune,-,-,-,3.740,-,0.480,0.630,0.800,1.540,-,-,-,-,-,7.190,-,137.110,144.300,4.98
2010,057047,Lazio,Rieti,ORVINIO,472,Vedi aggregazione: Unione 'Alta Sabina',-,-,-,-,-,-,-,-,-,-,-,-,-,-,-,-,-,-,-
2010,057048,Lazio,Rieti,PAGANICO,180,Comune,-,-,0.530,-,-,-,0.160,0.500,-,-,-,-,-,-,1.190,3.880,80.000,85.070,1.40
2010,057049,Lazio,Rieti,PESCOROCCHIANO,2290,Comune,-,-,-,3.315,-,0.410,0.560,0.160,-,0.120,-,-,-,3.500,8.065,32.160,1076.315,1116.540,0.72
2010,057050,Lazio,Rieti,PETRELLA SALTO,1271,Comune,-,-,6.350,8.060,-,-,1.970,1.220,-,-,-,-,-,-,17.600,51.900,689.520,759.020,2.32
2010,057051,Lazio,Rieti,POGGIO BUSTONE,2163,Comune,-,-,7.940,-,-,-,5.300,1.680,-,-,-,-,-,0.300,15.220,8.940,827.780,851.940,1.79
2010,057052,Lazio,Rieti,POGGIO CATINO,1377,Vedi aggregazione: Unione 'Nova Sabina',-,-,-,-,-,-,-,-,-,-,-,-,-,-,-,-,-,-,-
2010,057053,Lazio,Rieti,POGGIO MIRTETO,6157,Aggregazione: Unione 'Bassa Sabina',-,-,223.375,31.062,-,2.936,104.171,-,-,-,-,-,-,-,361.544,671.580,8099.501,9132.625,3.96
2010,057054,Lazio,Rieti,POGGIO MOIANO,2959,Vedi aggregazione: Unione 'Alta Sabina',-,-,-,-,-,-,-,-,-,-,-,-,-,-,-,-,-,-,-
2010,057055,Lazio,Rieti,POGGIO NATIVO,2527,Comune,-,-,0.560,3.401,-,0.421,1.055,1.760,-,-,-,-,-,0.600,7.797,64.060,1087.634,1159.490,0.67
2010,057056,Lazio,Rieti,POGGIO SAN LORENZO,589,Vedi aggregazione: Unione dei Comuni della Valle dell'Olio,-,-,-,-,-,-,-,-,-,-,-,-,-,-,-,-,-,-,-
2010,057057,Lazio,Rieti,POSTA,724,Comune,-,-,2.660,2.705,-,0.335,0.857,0.520,-,-,-,-,-,0.380,7.457,24.820,375.143,407.420,1.83
2010,057058,Lazio,Rieti,POZZAGLIA SABINA,368,Vedi aggregazione: Unione 'Alta Sabina',-,-,-,-,-,-,-,-,-,-,-,-,-,-,-,-,-,-,-
2010,057059,Lazio,Rieti,RIETI,47774,Comune,238.180,570.220,1107.220,384.699,353.000,182.548,192.679,407.620,-,19.760,-,-,-,22.150,3478.076,122.720,21653.369,25254.165,13.77
2010,057060,Lazio,Rieti,RIVODUTRI,1310,Comune,-,-,12.670,15.010,-,1.857,10.016,0.540,-,0.060,-,-,-,-,40.153,6.060,512.758,558.970,7.18
2010,057062,Lazio,Rieti,ROCCA SINIBALDA,844,Comune,-,-,8.120,9.440,-,-,3.060,-,-,-,-,-,-,-,20.620,20.280,453.240,494.140,4.17
2010,057061,Lazio,Rieti,ROCCANTICA,627,Vedi aggregazione: Unione 'Nova Sabina',-,-,-,-,-,-,-,-,-,-,-,-,-,-,-,-,-,-,-
2010,057063,Lazio,Rieti,SALISANO,565,Comune,-,-,5.200,5.007,-,3.538,3.897,6.320,-,-,-,-,-,-,23.961,18.980,192.289,235.230,10.19
2010,057064,Lazio,Rieti,SCANDRIGLIA,3140,Vedi aggregazione: Unione 'Alta Sabina',-,-,-,-,-,-,-,-,-,-,-,-,-,-,-,-,-,-,-
2010,057065,Lazio,Rieti,SELCI,1112,Vedi aggregazione: Unione 'Nova Sabina',-,-,-,-,-,-,-,-,-,-,-,-,-,-,-,-,-,-,-
2010,057066,Lazio,Rieti,STIMIGLIANO,2206,Vedi aggregazione: Unione 'Bassa Sabina',-,-,-,-,-,-,-,-,-,-,-,-,-,-,-,-,-,-,-
2010,057067,Lazio,Rieti,TARANO,1495,Vedi aggregazione: Unione 'Bassa Sabina',-,-,-,-,-,-,-,-,-,-,-,-,-,-,-,-,-,-,-
2010,057068,Lazio,Rieti,TOFFIA,1085,Vedi aggregazione: Unione dei Comuni della Valle dell'Olio,-,-,-,-,-,-,-,-,-,-,-,-,-,-,-,-,-,-,-
2010,057070,Lazio,Rieti,TORRI IN SABINA,1310,Vedi aggregazione: Unione 'Nova Sabina',-,-,-,-,-,-,-,-,-,-,-,-,-,-,-,-,-,-,-
2010,057069,Lazio,Rieti,TORRICELLA IN SABINA,1404,Vedi aggregazione: Unione 'Alta Sabina',-,-,-,-,-,-,-,-,-,-,-,-,-,-,-,-,-,-,-
2010,057071,Lazio,Rieti,TURANIA,247,Comune,-,-,-,-,-,-,-,0.550,-,-,-,-,-,-,0.550,-,166.500,167.050,0.33
2010,057072,Lazio,Rieti,VACONE,265,Vedi aggregazione: Comunita   Montana della Val d'Aia,-,-,-,-,-,-,-,-,-,-,-,-,-,-,-,-,-,-,-
2010,057073,Lazio,Rieti,VARCO SABINO,221,Comune,-,-,-,-,-,-,-,-,-,-,-,-,-,-,-,-,116.680,116.680,-
2010,058001,Lazio,Roma,AFFILE,1562,Comune,-,-,3.380,12.810,-,-,-,-,-,-,-,-,-,-,16.190,-,541.780,557.970,2.90
2010,058002,Lazio,Roma,AGOSTA,1768,Comune,-,-,-,-,-,-,-,-,-,0.108,-,-,-,-,0.108,47.100,700.040,747.248,0.01
2010,058003,Lazio,Roma,ALBANO LAZIALE,40516,Comune,-,30.940,438.950,233.960,-,-,124.110,21.740,28.500,1.130,-,-,-,2.840,882.170,264.460,22286.260,23432.890,3.77
2010,058004,Lazio,Roma,ALLUMIERE,4268,Comune,18.400,25.510,113.300,157.808,108.160,65.860,74.113,89.140,7.400,5.210,-,-,-,1.530,666.431,-,1508.549,2174.980,30.64
2010,058005,Lazio,Roma,ANGUILLARA SABAZIA,18882,Comune,661.590,633.838,1049.100,739.720,17.350,2.120,12.880,67.110,15.060,4.440,-,-,-,1.020,3204.228,57.420,6349.160,9610.808,33.34
2010,058006,Lazio,Roma,ANTICOLI CORRADO,969,Comune,-,-,0.510,2.612,-,0.137,1.055,-,-,0.141,-,-,-,-,4.455,4.380,304.013,312.848,1.42
2010,058007,Lazio,Roma,ANZIO,55413,Comune,-,2076.000,956.510,806.491,450.140,93.428,284.620,224.510,-,2.800,-,-,-,3.850,4898.349,176.620,37448.831,42523.800,11.52
2010,058008,Lazio,Roma,ARCINAZZO ROMANO,1466,Comune,-,-,3.730,-,-,-,-,-,-,-,-,-,-,-,3.730,-,695.120,698.850,0.53
2010,058117,Lazio,Roma,ARDEA,42879,Comune,2163.660,1114.520,672.990,404.820,-,33.520,307.860,87.346,-,2.427,-,-,-,15.760,4802.903,1044.050,20885.000,26731.953,17.97
2010,058009,Lazio,Roma,ARICCIA,18555,Comune,1154.280,296.600,764.770,341.604,234.690,26.010,119.446,148.480,19.969,7.625,-,-,-,17.840,3131.314,218.480,8918.840,12268.634,25.52
2010,058010,Lazio,Roma,ARSOLI,1670,Comune,-,-,52.549,5.850,1.750,0.132,27.931,3.470,-,0.185,-,-,-,-,91.867,3.870,453.682,549.419,16.72
2010,058011,Lazio,Roma,ARTENA,13959,Comune,-,-,39.590,108.952,-,1.829,20.023,-,5.520,0.070,-,-,-,-,175.983,270.870,7441.907,7888.760,2.23
2010,058012,Lazio,Roma,BELLEGRA,3008,Comune,-,-,-,-,-,-,-,4.360,3.825,-,-,-,-,-,8.185,36.950,1143.500,1188.635,0.69
2010,058013,Lazio,Roma,BRACCIANO,18889,Comune,441.610,116.160,930.618,380.936,196.880,57.107,122.124,210.820,57.620,8.480,-,-,-,9.820,2532.175,138.680,8583.248,11254.103,22.50
2010,058014,Lazio,Roma,CAMERATA NUOVA,485,Comune,-,-,0.500,-,-,-,0.180,1.600,-,0.059,-,-,-,-,2.339,-,237.420,239.759,0.98
2010,058015,Lazio,Roma,CAMPAGNANO DI ROMA,11166,Comune,105.650,3.000,123.070,141.019,61.740,16.412,83.109,22.050,-,0.020,-,-,-,3.560,559.629,93.950,2954.841,3608.420,15.51
2010,058016,Lazio,Roma,CANALE MONTERANO,3966,Comune,7.500,-,47.070,84.516,40.240,2.352,6.867,22.760,6.290,4.195,-,-,-,-,221.790,-,1792.566,2014.356,11.01
2010,058017,Lazio,Roma,CANTERANO,369,Comune,-,-,-,-,-,-,-,-,-,0.079,-,-,-,10.060,10.139,67.780,164.503,242.422,4.18
2010,058018,Lazio,Roma,CAPENA,9709,Comune,-,-,80.660,72.780,65.660,0.310,25.140,8.890,-,7.595,-,-,-,-,261.035,403.200,4789.910,5454.145,4.79
2010,058019,Lazio,Roma,CAPRANICA PRENESTINA,375,Comune,-,-,6.670,8.145,-,0.143,1.401,-,-,-,-,-,-,-,16.360,24.700,223.720,264.780,6.18
2010,058020,Lazio,Roma,CARPINETO ROMANO,4714,Comune,22.900,-,32.430,59.075,-,0.885,23.802,-,5.520,0.120,-,-,-,-,144.731,111.760,2162.969,2419.460,5.98
2010,058021,Lazio,Roma,CASAPE,748,Comune,-,-,4.359,7.151,-,0.145,2.916,-,-,0.022,-,-,-,-,14.593,31.380,290.206,336.179,4.34
2010,058022,Lazio,Roma,CASTEL GANDOLFO,9037,Comune,-,-,46.410,71.720,-,2.040,25.440,-,11.293,0.333,-,-,-,-,157.236,2.300,5745.720,5905.256,2.66
2010,058023,Lazio,Roma,CASTEL MADAMA,7568,Comune,-,-,38.028,64.592,26.200,2.798,0.920,19.920,-,0.355,-,-,-,-,152.813,48.760,2847.760,3049.333,5.01
2010,058025,Lazio,Roma,CASTEL SAN PIETRO ROMANO,859,Comune,-,-,34.820,12.990,-,9.500,19.040,-,-,0.094,-,-,-,-,76.444,-,268.824,345.268,22.14
2010,058024,Lazio,Roma,CASTELNUOVO DI PORTO,8886,Comune,-,298.540,287.950,384.719,-,40.418,29.185,55.830,-,0.250,-,-,-,-,1096.891,-,3447.353,4544.244,24.14
2010,058026,Lazio,Roma,CAVE,10924,Comune,-,-,122.274,47.960,-,12.530,28.740,-,-,0.553,-,-,-,-,212.057,310.720,5017.380,5540.157,3.83
2010,058027,Lazio,Roma,CERRETO LAZIALE,1206,Comune,-,-,5.910,5.450,-,0.190,2.260,-,-,0.170,-,-,-,-,13.980,-,539.070,553.050,2.53
2010,058028,Lazio,Roma,CERVARA DI ROMA,502,Comune,-,-,5.490,5.560,-,0.320,2.330,-,-,0.070,-,-,-,-,13.770,-,267.800,281.570,4.89
2010,058029,Lazio,Roma,CERVETERI,36229,Comune,-,219.820,359.210,370.440,-,10.139,196.239,69.520,-,0.480,-,-,-,-,1225.848,1399.620,18155.522,20780.990,5.90
2010,058118,Lazio,Roma,CIAMPINO,38529,Comune,2415.760,153.800,1227.060,1018.150,90.520,223.110,27.500,257.110,64.000,19.520,-,-,-,-,5496.530,1193.540,6272.210,12962.280,42.40
2010,058030,Lazio,Roma,CICILIANO,1459,Comune,-,-,-,0.460,-,-,0.460,0.920,-,0.032,-,-,-,-,1.872,26.640,605.822,634.334,0.30
2010,058031,Lazio,Roma,CINETO ROMANO,668,Comune,-,-,3.800,5.700,-,0.390,0.860,-,-,0.111,-,-,-,-,10.861,-,368.949,379.810,2.86
2010,058032,Lazio,Roma,CIVITAVECCHIA,52294,Comune,-,0.640,999.800,585.080,13.940,5.760,366.220,37.400,-,3.919,-,-,-,-,2012.759,111.650,27024.310,29148.719,6.91
2010,058033,Lazio,Roma,CIVITELLA SAN PAOLO,2009,Comune,-,-,12.880,15.100,-,0.130,5.180,1.110,-,0.150,-,-,-,-,34.550,31.940,761.580,828.070,4.17
2010,058034,Lazio,Roma,COLLEFERRO,22142,Comune,-,30.740,719.340,269.840,-,19.147,240.394,-,13.660,0.830,-,-,-,-,1293.950,638.430,9116.600,11048.980,11.71
2010,058035,Lazio,Roma,COLONNA,4016,Comune,58.080,-,57.110,37.900,-,0.692,20.059,0.030,3.640,0.220,-,-,-,-,177.731,80.490,1948.509,2206.730,8.05
2010,058036,Lazio,Roma,FIANO ROMANO,13978,Comune,-,2.680,49.070,149.326,52.610,14.652,44.402,27.340,18.282,1.522,-,-,-,2.330,362.214,13.500,8526.260,8901.974,4.07
2010,058037,Lazio,Roma,FILACCIANO,526,Comune,-,-,5.230,11.330,-,0.110,2.760,-,-,-,-,-,-,-,19.430,-,219.000,238.430,8.15
2010,058120,Lazio,Roma,FIUMICINO,70985,Comune,-,192.620,621.700,472.401,397.800,58.427,79.802,217.230,86.600,3.780,-,-,-,29.330,2159.690,692.220,49752.670,52604.580,4.11
2010,058122,Lazio,Roma,FONTE NUOVA,28620,Comune,-,3.260,515.220,169.809,70.040,35.738,87.455,6.390,30.007,0.840,-,-,-,4.000,922.759,258.520,13522.338,14703.617,6.28
2010,058038,Lazio,Roma,FORMELLO,12802,Comune,-,303.983,343.650,-,-,5.220,-,107.625,-,-,-,-,-,-,760.478,-,4484.000,5244.478,14.50
2010,058039,Lazio,Roma,FRASCATI,21285,Comune,386.440,-,487.300,312.572,-,38.889,128.378,-,46.360,1.160,-,-,-,-,1401.098,680.070,14358.532,16439.700,8.52
2010,058040,Lazio,Roma,GALLICANO NEL LAZIO,6058,Comune,-,-,51.827,24.880,-,9.420,25.580,4.380,-,0.049,-,-,-,-,116.136,9.660,3431.040,3556.836,3.27
2010,058041,Lazio,Roma,GAVIGNANO,1987,Comune,26.480,-,22.550,48.332,-,0.849,15.979,-,1.090,0.060,-,-,-,-,115.340,39.010,360.210,514.560,22.42
2010,058042,Lazio,Roma,GENAZZANO,6036,Comune,-,-,20.770,38.687,-,1.368,10.948,-,1.210,0.020,-,-,-,-,73.003,73.240,3146.507,3292.750,2.22
2010,058043,Lazio,Roma,GENZANO DI ROMA,24364,Comune,-,57.900,473.630,236.260,-,4.670,111.110,41.150,45.820,27.510,-,-,-,-,998.050,172.400,12734.840,13905.290,7.18
2010,058044,Lazio,Roma,GERANO,1253,Comune,-,-,5.062,7.983,-,0.313,2.613,-,-,0.036,-,-,-,-,16.007,6.100,571.569,593.676,2.70
2010,058045,Lazio,Roma,GORGA,778,Comune,19.110,-,9.530,19.915,-,0.344,6.650,-,-,-,-,-,-,-,55.549,17.070,155.281,227.900,24.37
2010,058046,Lazio,Roma,GROTTAFERRATA,21039,Comune,-,363.800,753.100,402.560,-,49.789,421.904,24.060,-,2.130,-,-,-,-,2017.343,290.220,3998.387,6305.950,31.99
2010,058047,Lazio,Roma,GUIDONIA MONTECELIO,83736,Comune,1334.400,8.300,1077.804,734.889,5.800,49.829,574.232,20.620,-,4.614,-,-,-,73.220,3883.708,2588.200,31152.589,37624.497,10.32
2010,058048,Lazio,Roma,JENNE,407,Comune,-,-,1.410,3.350,-,-,-,-,-,-,-,-,-,-,4.760,-,187.520,192.280,2.48
2010,058049,Lazio,Roma,LABICO,5982,Comune,44.280,-,50.510,55.434,-,1.228,25.855,-,2.850,0.025,-,-,-,-,180.182,67.350,3082.993,3330.525,5.41
2010,058116,Lazio,Roma,LADISPOLI,41035,Comune,216.160,2035.670,736.320,279.598,275.450,29.217,184.825,196.185,-,3.700,-,-,-,-,3957.125,234.090,24337.140,28528.355,13.87
2010,058050,Lazio,Roma,LANUVIO,13147,Comune,-,-,199.100,157.000,-,0.980,117.540,16.540,10.411,0.528,-,-,-,-,502.099,285.380,5259.040,6046.519,8.30
2010,058115,Lazio,Roma,LARIANO,13011,Comune,-,-,87.580,51.880,-,13.440,36.200,6.000,-,0.720,-,-,-,-,195.820,27.780,7872.380,8095.980,2.42
2010,058051,Lazio,Roma,LICENZA,1021,Comune,18.871,-,3.531,1.738,4.773,0.173,3.349,-,-,0.022,-,-,-,-,32.457,-,435.484,467.941,6.94
2010,058052,Lazio,Roma,MAGLIANO ROMANO,1519,Comune,-,-,9.270,51.566,-,4.766,14.256,-,-,0.210,-,-,-,-,80.068,-,659.262,739.330,10.83
2010,058053,Lazio,Roma,MANDELA,947,Comune,17.329,-,8.386,1.710,4.383,0.159,3.068,-,-,-,-,-,-,-,35.035,-,380.000,415.035,8.44
2010,058054,Lazio,Roma,MANZIANA,6951,Comune,-,143.670,35.660,56.970,94.540,47.800,0.960,46.240,1.800,1.600,-,-,-,-,429.240,60.880,4278.100,4768.220,9.00
2010,058055,Lazio,Roma,MARANO EQUO,825,Comune,-,-,-,-,-,-,-,1.300,-,-,-,-,-,-,1.300,144.480,222.560,368.340,0.35
2010,058056,Lazio,Roma,MARCELLINA,7101,Comune,-,-,97.902,91.859,-,19.223,33.990,-,-,0.269,-,-,-,-,243.243,154.780,2973.336,3371.359,7.22
2010,058057,Lazio,Roma,MARINO,39976,Comune,-,-,528.730,740.267,-,66.448,171.948,58.840,27.620,3.870,-,-,-,-,1597.723,717.120,20708.507,23023.350,6.94
2010,058058,Lazio,Roma,MAZZANO ROMANO,3064,Comune,-,-,12.580,23.680,-,0.150,8.180,3.720,-,0.230,-,-,-,3.140,51.680,48.220,1667.560,1767.460,2.92
2010,058059,Lazio,Roma,MENTANA,21602,Comune,-,-,248.180,129.661,73.240,43.845,72.150,3.770,-,2.540,-,-,-,11.540,584.926,248.520,9132.564,9966.010,5.87
2010,058064,Lazio,Roma,MONTE PORZIO CATONE,8989,Comune,568.020,52.400,229.870,51.760,31.710,5.813,38.180,15.070,-,2.320,-,-,-,-,995.143,45.020,2682.207,3722.370,26.73
2010,058060,Lazio,Roma,MONTECOMPATRI,10716,Comune,-,-,72.240,42.800,-,12.200,37.457,-,8.363,0.399,-,-,-,-,173.459,187.500,7196.710,7557.669,2.30
2010,058061,Lazio,Roma,MONTEFLAVIO,1420,Comune,-,-,6.501,10.822,-,0.097,3.768,2.980,-,0.135,-,-,-,-,24.303,6.760,672.270,703.333,3.46
2010,058062,Lazio,Roma,MONTELANICO,2156,Comune,46.090,-,23.050,48.232,-,0.849,15.979,-,1.420,-,-,-,-,-,135.620,45.440,374.380,555.440,24.42
2010,058063,Lazio,Roma,MONTELIBRETTI,5130,Comune,-,-,4.840,7.081,35.180,10.656,1.796,7.960,-,-,-,-,-,-,67.513,18.120,2325.187,2410.820,2.80
2010,058065,Lazio,Roma,MONTEROTONDO,39588,Comune,432.640,-,908.320,27.667,338.600,8.682,238.724,117.735,39.532,9.320,-,-,-,19.880,2141.100,300.980,15491.527,17933.607,11.94
2010,058066,Lazio,Roma,MONTORIO ROMANO,2035,Comune,-,-,8.266,15.126,-,2.062,3.945,1.550,-,0.060,-,-,-,-,31.009,62.780,955.189,1048.978,2.96
2010,058067,Lazio,Roma,MORICONE,2748,Comune,-,-,14.934,24.711,-,0.136,12.754,-,-,0.087,-,-,-,-,52.622,-,961.650,1014.272,5.19
2010,058068,Lazio,Roma,MORLUPO,8486,Comune,-,52.550,127.560,82.444,-,10.540,51.527,14.790,2.960,4.071,-,-,-,1.100,347.542,438.420,4211.560,4997.521,6.95
2010,058069,Lazio,Roma,NAZZANO,1368,Comune,-,-,10.460,15.593,4.200,0.730,6.143,1.860,1.440,0.158,-,-,-,1.600,42.184,9.640,1.064,52.888,79.76
2010,058070,Lazio,Roma,NEMI,2026,Comune,-,-,27.310,24.614,-,0.772,13.864,-,5.924,0.015,-,-,-,-,72.498,10.500,1809.171,1892.169,3.83
2010,058071,Lazio,Roma,NEROLA,1811,Comune,-,-,12.120,9.400,-,-,-,-,-,0.095,-,-,-,-,21.615,21.520,714.399,757.534,2.85
2010,058072,Lazio,Roma,NETTUNO,47332,Comune,129.200,247.080,802.260,621.858,146.260,43.070,121.200,151.845,-,5.958,-,-,-,18.620,2287.351,87.450,25965.892,28340.693,8.07
2010,058073,Lazio,Roma,OLEVANO ROMANO,6914,Comune,320.280,-,293.290,159.319,-,2.402,97.661,-,3.250,0.170,-,-,-,-,876.372,312.260,1281.929,2470.560,35.47
2010,058074,Lazio,Roma,PALESTRINA,21602,Comune,-,-,115.750,77.400,2.900,15.000,42.330,13.370,-,1.890,-,-,-,-,268.640,142.200,10959.620,11370.460,2.36
2010,058075,Lazio,Roma,PALOMBARA SABINA,12991,Comune,-,-,40.954,95.163,-,8.710,45.190,-,-,0.260,-,-,-,-,190.277,508.920,5841.560,6540.757,2.91
2010,058076,Lazio,Roma,PERCILE,238,Comune,-,-,-,7.500,-,-,-,-,-,-,-,-,-,-,7.500,-,43.200,50.700,14.79
2010,058077,Lazio,Roma,PISONIANO,829,Comune,-,-,25.380,7.060,-,12.220,12.460,0.450,-,0.060,-,-,-,-,57.630,0.064,368.877,426.571,13.51
2010,058078,Lazio,Roma,POLI,2479,Comune,-,-,-,0.544,-,4.087,1.552,2.400,-,0.148,-,-,-,-,8.730,41.740,1037.337,1087.808,0.80
2010,058079,Lazio,Roma,POMEZIA,61106,Comune,454.980,151.820,628.060,587.138,102.920,10.455,401.470,88.270,-,7.550,-,-,-,14.670,2447.333,738.210,36121.727,39307.270,6.23
2010,058080,Lazio,Roma,PONZANO ROMANO,1183,Comune,-,-,83.800,20.706,-,1.169,6.661,1.200,1.900,0.180,-,-,-,-,115.615,-,591.865,707.480,16.34
2010,058081,Lazio,Roma,RIANO,9902,Comune,-,-,155.700,94.186,-,13.499,163.201,32.784,-,-,-,-,-,-,459.369,258.210,3907.085,4624.664,9.93
2010,058082,Lazio,Roma,RIGNANO FLAMINIO,9740,Comune,-,-,52.760,64.140,-,0.300,28.960,-,-,-,-,-,-,63.460,209.620,179.000,4749.630,5138.250,4.08
2010,058083,Lazio,Roma,RIOFREDDO,790,Comune,-,-,4.721,8.891,-,0.030,2.648,1.460,-,0.052,-,-,-,-,17.802,16.780,379.428,414.010,4.30
2010,058084,Lazio,Roma,ROCCA CANTERANO,202,Comune,-,-,-,-,-,-,-,0.560,-,0.043,-,-,-,-,0.603,15.300,96.960,112.863,0.53
2010,058085,Lazio,Roma,ROCCA DI CAVE,385,Comune,-,-,30.280,12.570,-,10.060,18.760,-,-,0.243,-,-,-,-,71.913,-,164.840,236.753,30.38
2010,058086,Lazio,Roma,ROCCA DI PAPA,16149,Comune,279.380,256.660,81.780,202.598,70.170,24.881,143.766,-,17.086,0.386,-,-,-,1.110,1077.817,466.900,7080.955,8625.672,12.50
2010,058088,Lazio,Roma,ROCCA PRIORA,11987,Comune,-,-,98.150,53.440,-,13.580,35.211,-,9.858,0.300,-,-,-,-,210.539,-,6992.280,7202.819,2.92
2010,058089,Lazio,Roma,ROCCA SANTO STEFANO,1040,Comune,-,-,-,-,-,-,-,1.710,2.720,-,-,-,-,0.200,4.630,24.780,344.060,373.470,1.24
2010,058087,Lazio,Roma,ROCCAGIOVINE,290,Comune,-,-,2.520,0.101,1.422,0.052,0.949,-,-,-,-,-,-,-,5.044,-,100.008,105.052,4.80
2010,058090,Lazio,Roma,ROIATE,770,Comune,-,-,2.270,-,-,-,-,-,-,-,-,-,-,-,2.270,-,268.460,270.730,0.84
2010,058091,Lazio,Roma,ROMA,2761477,Comune,31513.230,36514.304,199000.517,46828.570,10383.390,7425.360,7910.710,10793.917,4307.409,762.253,-,-,1972.930,28058.213,385470.803,-,1440568.042,1826038.845,21.11
2010,058092,Lazio,Roma,ROVIANO,1429,Comune,-,-,11.364,16.009,1.700,0.167,6.490,-,-,0.190,-,-,-,-,35.920,2.840,420.883,459.643,7.82
2010,058093,Lazio,Roma,SACROFANO,7508,Comune,322.380,1012.617,146.590,204.900,229.700,36.040,94.260,-,-,0.835,-,-,-,-,2047.322,438.120,2065.120,4550.562,44.99
2010,058094,Lazio,Roma,SAMBUCI,966,Comune,-,-,-,-,-,-,-,-,-,0.040,-,-,-,-,0.040,11.400,457.377,468.817,0.01
2010,058119,Lazio,Roma,SAN CESAREO,14175,Comune,-,-,84.000,63.100,-,13.040,45.174,-,-,0.526,-,-,-,-,205.840,683.020,9216.370,10105.230,2.04
2010,058095,Lazio,Roma,SAN GREGORIO DA SASSOLA,1578,Comune,-,-,5.796,8.041,-,0.591,7.934,-,-,0.032,-,-,-,-,22.394,-,536.291,558.685,4.01
2010,058096,Lazio,Roma,SAN POLO DEI CAVALIERI,2973,Comune,-,-,21.770,11.430,-,1.414,1.931,5.130,-,-,-,-,-,-,41.675,125.660,1077.925,1245.260,3.35
2010,058100,Lazio,Roma,SAN VITO ROMANO,3429,Comune,61.340,-,47.800,35.384,-,0.775,18.980,-,3.240,0.137,-,-,-,-,167.656,153.250,1161.221,1482.127,11.31
2010,058098,Lazio,Roma,SANT'ANGELO ROMANO,4778,Comune,-,-,16.300,4.680,-,0.400,10.320,0.420,-,0.103,-,-,-,-,32.223,94.250,1809.830,1936.303,1.66
2010,058099,Lazio,Roma,SANT'ORESTE,3870,Comune,-,-,99.360,31.350,-,3.620,17.810,-,-,-,-,-,-,-,152.140,130.300,1487.210,1769.650,8.60
2010,058097,Lazio,Roma,SANTA MARINELLA,18397,Comune,-,-,284.100,165.660,-,6.520,68.820,76.940,-,0.715,-,-,-,-,602.755,136.960,13237.040,13976.755,4.31
2010,058101,Lazio,Roma,SARACINESCO,169,Comune,-,-,1.440,2.480,-,0.160,0.500,-,-,0.040,-,-,-,-,4.620,8.620,75.825,89.065,5.19
2010,058102,Lazio,Roma,SEGNI,9439,Comune,49.156,-,60.025,123.858,-,1.857,38.305,2.420,-,0.070,-,-,-,-,275.692,226.796,3696.645,4199.132,6.57
2010,058103,Lazio,Roma,SUBIACO,9406,Comune,-,-,52.110,58.145,-,0.666,33.633,-,5.210,0.072,-,-,-,-,149.835,112.440,4279.727,4542.002,3.30
2010,058104,Lazio,Roma,TIVOLI,56531,Comune,-,47.267,1251.130,751.860,459.460,79.330,378.220,266.054,64.400,28.734,-,-,-,56.400,3382.855,183.520,27066.680,30633.055,11.04
2010,058105,Lazio,Roma,TOLFA,5252,Comune,-,-,31.140,54.860,-,0.740,20.850,-,6.250,0.335,-,-,-,1.140,115.315,-,2464.240,2579.555,4.47
2010,058106,Lazio,Roma,TORRITA TIBERINA,1076,Comune,-,-,25.740,22.620,-,0.290,11.850,-,-,-,-,-,-,-,60.500,23.100,430.077,513.677,11.78
2010,058107,Lazio,Roma,TREVIGNANO ROMANO,5949,Comune,377.600,155.200,193.970,112.974,-,5.797,7.918,-,-,-,-,-,-,-,853.460,-,1243.690,2097.150,40.70
2010,058108,Lazio,Roma,VALLEPIETRA,308,Comune,-,-,1.972,9.101,-,0.214,1.138,-,-,0.035,-,-,-,2.960,15.420,14.520,206.780,236.720,6.51
2010,058109,Lazio,Roma,VALLINFREDA,316,Comune,-,-,46.070,8.340,-,16.960,30.060,-,-,-,-,-,-,-,101.430,-,43.620,145.050,69.93
2010,058110,Lazio,Roma,VALMONTONE,15469,Comune,-,-,147.850,52.570,-,1.200,25.220,-,-,0.095,-,-,-,-,226.935,286.100,8814.470,9327.505,2.43
2010,058111,Lazio,Roma,VELLETRI,53544,Comune,-,-,754.077,261.260,-,17.470,133.988,53.020,30.505,2.278,-,-,-,-,1252.598,336.620,27842.800,29432.018,4.26
2010,058112,Lazio,Roma,VICOVARO,4108,Comune,-,-,80.010,93.100,112.010,29.760,42.640,32.530,-,-,-,-,-,-,390.050,190.150,1077.440,1657.640,23.53
2010,058113,Lazio,Roma,VIVARO ROMANO,192,Comune,-,-,0.860,0.700,-,-,0.620,-,-,-,-,-,-,-,2.180,-,72.988,75.168,2.90
2010,058114,Lazio,Roma,ZAGAROLO,17628,Comune,950.800,77.260,575.780,227.901,77.620,27.932,49.672,68.120,-,2.500,-,-,-,-,2057.585,15.520,3234.705,5307.810,38.77
2010,056001,Lazio,Viterbo,ACQUAPENDENTE,5677,Comune,-,-,223.590,271.786,-,86.766,58.066,89.710,-,6.600,-,-,-,-,736.518,153.620,1204.762,2094.900,35.16
2010,056002,Lazio,Viterbo,ARLENA DI CASTRO,903,Comune,-,-,17.850,25.051,-,1.255,1.715,-,-,-,-,-,-,-,45.871,16.840,293.069,355.780,12.89
2010,056003,Lazio,Viterbo,BAGNOREGIO,3678,Comune,-,-,58.950,44.621,-,3.419,10.609,3.150,-,-,-,-,-,-,120.748,28.800,1629.762,1779.310,6.79
2010,056004,Lazio,Viterbo,BARBARANO ROMANO,1110,Comune,-,-,40.520,48.840,-,7.800,20.750,13.020,2.600,6.740,-,-,-,-,140.270,13.380,211.020,364.670,38.47
2010,056006,Lazio,Viterbo,BASSANO IN TEVERINA,1319,Comune,29.550,-,50.060,31.169,-,6.144,10.351,-,-,0.110,-,-,-,-,127.383,49.620,184.637,361.640,35.22
2010,056005,Lazio,Viterbo,BASSANO ROMANO,5049,Comune,-,-,30.820,34.385,-,1.172,11.382,8.240,-,5.660,-,-,-,-,91.659,141.520,2203.281,2436.460,3.76
2010,056007,Lazio,Viterbo,BLERA,3402,Comune,-,-,79.650,59.343,-,9.922,64.622,12.450,-,4.080,-,-,-,-,230.067,198.140,1165.903,1594.110,14.43
2010,056008,Lazio,Viterbo,BOLSENA,4187,Comune,-,15.680,170.710,119.901,-,64.511,59.494,52.120,4.900,0.750,-,-,-,1.820,489.886,149.340,2055.624,2694.850,18.18
2010,056009,Lazio,Viterbo,BOMARZO,1862,Comune,19.690,-,61.240,85.798,5.540,18.066,10.382,23.490,-,0.860,-,-,-,-,225.066,33.640,343.324,602.030,37.39
2010,056010,Lazio,Viterbo,CALCATA,924,Comune,-,-,1.370,2.300,-,-,2.190,0.720,-,-,-,-,-,-,6.580,11.500,384.740,402.820,1.63
2010,056011,Lazio,Viterbo,CANEPINA,3212,Comune,92.270,-,82.034,65.989,-,19.434,34.224,-,-,0.641,-,-,-,-,294.592,162.680,771.058,1228.330,23.98
2010,056012,Lazio,Viterbo,CANINO,5310,Comune,-,2.480,115.670,81.285,27.980,29.161,53.810,40.860,2.750,8.050,-,-,-,-,362.045,33.180,2014.165,2409.390,15.03
2010,056013,Lazio,Viterbo,CAPODIMONTE,1797,Comune,-,-,22.710,35.371,-,4.375,5.975,-,5.000,0.191,-,-,-,-,73.622,3.480,1134.629,1211.731,6.08
2010,056014,Lazio,Viterbo,CAPRANICA,6673,Comune,-,114.240,71.854,125.380,-,-,74.370,4.430,-,0.208,-,-,-,-,390.482,471.540,2311.940,3173.962,12.30
2010,056015,Lazio,Viterbo,CAPRAROLA,5715,Comune,-,-,37.400,41.600,-,-,22.760,9.190,-,0.040,-,-,-,-,110.990,226.020,2463.480,2800.490,3.96
2010,056016,Lazio,Viterbo,CARBOGNANO,2066,Comune,-,-,16.032,16.400,2.040,2.820,18.590,2.200,-,0.045,-,-,-,-,58.127,-,911.240,969.367,6.00
2010,056017,Lazio,Viterbo,CASTEL SANT'ELIA,2642,Comune,-,-,54.800,68.400,-,30.120,50.250,-,-,-,-,-,-,-,203.570,58.460,359.940,621.970,32.73
2010,056018,Lazio,Viterbo,CASTIGLIONE IN TEVERINA,2421,Comune,34.590,-,32.670,40.165,-,12.461,5.751,21.490,-,0.220,-,-,-,-,147.347,66.060,782.783,996.190,14.79
2010,056019,Lazio,Viterbo,CELLENO,1362,Comune,-,-,7.030,14.450,-,1.410,1.860,1.440,-,0.219,-,-,-,-,26.409,24.960,668.190,719.559,3.67
2010,056020,Lazio,Viterbo,CELLERE,1280,Comune,-,-,17.640,17.363,-,1.729,2.362,-,-,0.167,-,-,-,-,39.261,90.780,422.316,552.357,7.11
2010,056021,Lazio,Viterbo,CIVITA CASTELLANA,16777,Comune,-,-,236.150,220.350,93.620,49.400,116.120,-,-,-,-,-,-,-,715.640,386.740,7911.960,9014.340,7.94
2010,056022,Lazio,Viterbo,CIVITELLA D'AGLIANO,1696,Comune,-,-,6.890,17.833,-,5.897,2.455,-,-,1.300,-,-,-,-,34.375,48.420,946.375,1029.170,3.34
2010,056023,Lazio,Viterbo,CORCHIANO,3838,Comune,18.400,-,106.950,97.400,41.320,18.300,79.160,-,-,-,-,-,-,-,361.530,67.980,298.280,727.790,49.68
2010,056024,Lazio,Viterbo,FABRICA DI ROMA,8537,Comune,112.720,-,198.328,154.353,-,-,170.558,-,-,0.592,-,-,-,-,636.551,106.760,2271.260,3014.571,21.12
2010,056025,Lazio,Viterbo,FALERIA,2303,Comune,-,-,-,-,-,-,-,1.380,-,0.430,-,-,-,1.810,3.620,31.730,1071.380,1106.730,0.33
2010,056026,Lazio,Viterbo,FARNESE,1667,Comune,125.170,-,64.370,91.498,-,27.885,12.477,-,-,0.450,-,-,-,-,321.850,36.320,317.830,676.000,47.61
2010,056027,Lazio,Viterbo,GALLESE,2982,Comune,-,-,8.370,7.548,-,1.756,0.868,8.800,-,0.080,-,-,-,-,27.422,39.800,1181.998,1249.220,2.20
2010,056028,Lazio,Viterbo,GRADOLI,1483,Comune,-,-,36.530,33.260,-,3.030,11.080,-,-,-,-,-,-,-,83.900,35.600,566.000,685.500,12.24
2010,056029,Lazio,Viterbo,GRAFFIGNANO,2355,Comune,-,-,18.800,8.640,6.340,15.560,14.100,-,-,-,-,-,-,-,63.440,76.020,530.120,669.580,9.48
2010,056030,Lazio,Viterbo,GROTTE DI CASTRO,2833,Comune,-,-,62.590,61.218,-,44.261,8.196,31.340,-,0.168,-,-,-,-,207.773,65.420,1067.685,1340.878,15.50
2010,056031,Lazio,Viterbo,ISCHIA DI CASTRO,2412,Comune,-,-,4.100,4.930,-,-,2.850,3.800,-,0.180,-,-,-,-,15.860,175.180,843.500,1034.540,1.53
2010,056032,Lazio,Viterbo,LATERA,951,Comune,-,-,10.810,13.460,-,0.083,7.543,-,-,-,-,-,-,-,31.896,49.620,399.704,481.220,6.63
2010,056033,Lazio,Viterbo,LUBRIANO,941,Comune,-,-,16.980,17.749,-,2.195,2.998,-,-,-,-,-,-,-,39.922,19.740,399.448,459.110,8.70
2010,056034,Lazio,Viterbo,MARTA,3553,Comune,-,-,96.920,142.080,29.160,25.900,61.820,21.420,-,4.160,-,-,-,-,381.460,117.360,1649.180,2148.000,17.76
2010,056035,Lazio,Viterbo,MONTALTO DI CASTRO,8976,Comune,-,839.980,343.220,184.533,-,89.297,111.347,134.390,-,0.380,-,-,-,-,1703.146,259.300,5906.384,7868.830,21.64
2010,056037,Lazio,Viterbo,MONTE ROMANO,1994,Comune,-,-,6.170,13.332,-,1.216,1.661,-,-,-,-,-,-,-,22.379,27.500,974.121,1024.000,2.19
2010,056036,Lazio,Viterbo,MONTEFIASCONE,13712,Comune,-,-,447.850,237.256,144.150,164.334,136.618,117.590,-,24.810,-,-,-,-,1272.607,197.280,5848.993,7318.880,17.39
2010,056038,Lazio,Viterbo,MONTEROSI,4082,Comune,-,135.410,94.680,84.700,-,28.310,55.310,4.820,-,-,-,-,-,1.840,405.070,17.380,830.500,1252.950,32.33
2010,056039,Lazio,Viterbo,NEPI,9684,Comune,565.710,315.640,325.470,181.660,112.370,20.060,-,-,-,6.360,-,-,-,-,1527.270,171.920,1122.920,2822.110,54.12
2010,056040,Lazio,Viterbo,ONANO,1040,Comune,-,-,7.040,12.930,-,5.640,3.130,-,-,-,-,-,-,-,28.740,91.880,352.480,473.100,6.08
2010,056041,Lazio,Viterbo,ORIOLO ROMANO,3759,Comune,36.140,39.060,-,-,-,-,-,35.010,-,3.840,-,-,-,-,114.050,-,656.180,770.230,14.81
2010,056042,Lazio,Viterbo,ORTE,9069,Comune,-,-,118.165,-,-,-,-,12.660,-,-,-,-,-,-,130.825,290.480,3876.600,4297.905,3.04
2010,056043,Lazio,Viterbo,PIANSANO,2189,Comune,-,-,71.990,54.547,-,15.254,7.313,-,-,0.550,-,-,-,24.990,174.644,80.660,666.297,921.600,18.95
2010,056044,Lazio,Viterbo,PROCENO,623,Comune,-,-,6.110,9.450,-,-,3.130,0.360,-,-,-,-,-,-,19.050,2.430,249.200,270.680,7.04
2010,056045,Lazio,Viterbo,RONCIGLIONE,8908,Comune,174.230,3.400,174.290,129.795,27.560,-,118.720,-,-,-,-,-,-,-,627.995,89.080,3023.580,3740.655,16.79
2010,056047,Lazio,Viterbo,SAN LORENZO NUOVO,2193,Comune,-,-,47.550,77.848,-,8.599,16.804,19.130,1.950,3.582,-,-,-,-,175.463,8.200,756.329,939.992,18.67
2010,056048,Lazio,Viterbo,SORIANO NEL CIMINO,8722,Comune,209.620,14.740,231.500,217.498,66.540,62.645,110.560,57.430,-,6.350,-,-,-,-,976.883,258.320,2112.877,3348.080,29.18
2010,056049,Lazio,Viterbo,SUTRI,6671,Comune,-,42.060,46.580,74.470,-,7.460,9.830,7.690,-,0.210,-,-,-,-,188.300,345.020,3094.140,3627.460,5.19
2010,056050,Lazio,Viterbo,TARQUINIA,16724,Comune,9.220,365.490,434.250,160.343,276.260,34.452,151.537,161.330,23.700,17.930,-,-,-,6.400,1640.912,361.460,9945.078,11947.450,13.73
2010,056051,Lazio,Viterbo,TESSENNANO,367,Comune,-,-,7.210,6.120,-,0.458,1.935,-,-,-,-,-,-,-,15.722,-,127.738,143.460,10.96
2010,056052,Lazio,Viterbo,TUSCANIA,8300,Comune,-,0.650,98.038,88.702,134.232,16.169,1.159,15.520,-,25.785,-,-,-,-,380.255,250.680,3679.340,4310.275,8.82
2010,056053,Lazio,Viterbo,VALENTANO,2975,Comune,-,-,7.120,26.300,-,-,17.430,-,-,0.160,-,-,-,-,51.010,56.660,1630.100,1737.770,2.94
2010,056054,Lazio,Viterbo,VALLERANO,2667,Comune,77.020,-,46.980,62.251,-,11.101,32.379,9.795,-,1.917,-,-,-,-,241.443,167.600,515.119,924.162,26.13
2010,056055,Lazio,Viterbo,VASANELLO,4249,Comune,-,-,56.440,61.693,-,1.722,45.182,18.720,-,0.130,-,-,-,-,183.887,366.880,1199.493,1750.260,10.51
2010,056056,Lazio,Viterbo,VEJANO,2337,Comune,-,-,21.890,40.176,20.630,1.734,17.108,2.920,-,0.090,-,-,-,-,104.547,9.680,948.483,1062.710,9.84
2010,056057,Lazio,Viterbo,VETRALLA,13508,Comune,-,26.800,350.275,192.910,-,102.070,109.400,36.470,-,0.200,-,-,-,-,818.125,175.140,6370.760,7364.025,11.11
2010,056058,Lazio,Viterbo,VIGNANELLO,4823,Comune,-,-,42.380,38.733,-,3.513,4.798,10.490,-,7.680,-,-,-,-,107.594,255.580,2191.546,2554.720,4.21
2010,056046,Lazio,Viterbo,VILLA SAN GIOVANNI IN TUSCIA,1364,Comune,-,-,14.440,17.658,-,1.697,2.317,3.660,-,2.993,-,-,-,-,42.764,-,405.539,448.303,9.54
2010,056059,Lazio,Viterbo,VITERBO,63597,Comune,-,862.230,1978.934,613.075,360.390,150.406,450.221,41.780,-,13.430,-,-,-,9.700,4480.167,845.340,29562.867,34888.374,12.84
2010,056060,Lazio,Viterbo,VITORCHIANO,4844,Comune,-,-,48.770,113.887,-,2.609,6.974,13.860,-,-,-,-,-,0.820,186.920,364.880,1952.710,2504.510,7.46
2011,060001,Lazio,Frosinone,ACQUAFONDATA,282,Comune,-,-,-,-,-,-,-,-,-,0.009,-,-,-,-,0.009,3.620,126.060,129.689,0.01
2011,060002,Lazio,Frosinone,ACUTO,1910,Comune,136.660,-,36.440,41.830,-,5.390,28.700,-,1.811,-,-,-,-,-,250.831,16.340,387.500,654.671,38.31
2011,060003,Lazio,Frosinone,ALATRI,28609,Comune,1015.530,23.400,596.750,668.410,-,19.260,164.910,78.590,12.120,0.620,-,-,-,23.640,2603.230,131.200,9105.060,11839.490,21.99
2011,060004,Lazio,Frosinone,ALVITO,2852,Aggregazione: Unione Comuni 'Val Comino',185.120,-,446.520,377.310,20.820,16.280,181.860,31.519,10.847,0.358,-,-,-,16.910,1287.544,24.160,3745.141,5056.845,25.46
2011,060005,Lazio,Frosinone,AMASENO,4314,Comune,-,-,7.050,25.050,-,3.230,4.250,-,-,0.105,-,-,-,-,39.685,34.050,1505.420,1579.155,2.51
2011,060006,Lazio,Frosinone,ANAGNI,21441,Comune,1020.480,-,708.748,647.880,-,11.390,262.990,19.040,6.097,0.383,-,-,-,3.560,2680.568,106.920,5880.120,8667.608,30.93
2011,060007,Lazio,Frosinone,AQUINO,5309,Comune,-,-,-,-,-,-,-,-,-,0.025,-,-,-,-,0.025,-,2079.680,2079.705,0.00
2011,060008,Lazio,Frosinone,ARCE,5783,Comune,207.660,1.560,157.192,265.140,-,11.100,15.720,9.680,-,0.340,-,-,22.560,1.240,692.192,-,940.200,1632.392,42.40
2011,060009,Lazio,Frosinone,ARNARA,2379,Comune,-,-,-,3.690,-,0.470,0.620,-,-,-,-,-,1.820,2.180,8.780,-,779.440,788.220,1.11
2011,060010,Lazio,Frosinone,ARPINO,7386,Comune,-,-,36.380,6.930,-,-,8.480,0.620,-,-,-,-,1.600,-,54.010,-,2723.100,2777.110,1.95
2011,060011,Lazio,Frosinone,ATINA,4461,Vedi aggregazione: Unione Comuni 'Val Comino',-,-,-,-,-,-,-,-,-,-,-,-,-,-,-,-,-,-,-
2011,060012,Lazio,Frosinone,AUSONIA,2650,Comune,-,0.760,7.440,11.920,-,1.540,2.020,-,-,-,-,-,0.540,-,24.220,-,855.160,879.380,2.75
2011,060013,Lazio,Frosinone,BELMONTE CASTELLO,778,Comune,-,-,-,-,-,-,-,2.462,-,-,-,-,-,-,2.462,-,206.330,208.792,1.18
2011,060014,Lazio,Frosinone,BOVILLE ERNICA,8811,Comune,46.580,-,46.340,61.750,-,2.040,4.930,-,-,-,-,-,-,0.560,162.200,12.690,2864.240,3039.130,5.34
2011,060015,Lazio,Frosinone,BROCCOSTELLA,2807,Comune,-,-,36.980,55.160,-,6.890,14.730,5.660,-,0.075,-,-,2.860,-,122.355,-,682.080,804.435,15.21
2011,060016,Lazio,Frosinone,CAMPOLI APPENNINO,1749,Comune,-,-,13.920,30.720,-,-,11.520,0.400,-,-,-,-,-,-,56.560,-,539.490,596.050,9.49
2011,060017,Lazio,Frosinone,CASALATTICO,641,Comune,-,-,4.960,12.520,0.320,-,4.010,0.746,0.800,-,-,-,-,0.640,23.996,-,137.820,161.816,14.83
2011,060018,Lazio,Frosinone,CASALVIERI,2867,Comune,-,-,-,-,-,-,-,-,-,0.040,-,-,-,-,0.040,-,1202.260,1202.300,0.00
2011,060019,Lazio,Frosinone,CASSINO,33658,Comune,-,1.840,725.660,192.980,-,21.500,80.840,23.140,35.297,11.130,-,-,-,1.240,1093.627,37.580,19114.040,20245.247,5.40
2011,060020,Lazio,Frosinone,CASTELLIRI,3533,Comune,-,-,7.050,14.000,-,-,4.780,4.190,-,0.009,-,-,-,1.160,31.189,8.080,1223.580,1262.849,2.47
2011,060021,Lazio,Frosinone,CASTELNUOVO PARANO,902,Comune,-,-,50.960,38.990,-,-,22.070,1.600,-,1.002,-,-,-,-,114.622,5.330,333.400,453.352,25.28
2011,060023,Lazio,Frosinone,CASTRO DEI VOLSCI,4903,Comune,-,-,35.190,22.780,-,2.930,3.870,6.170,-,0.161,-,-,2.600,0.440,74.141,-,1676.710,1750.851,4.24
2011,060022,Lazio,Frosinone,CASTROCIELO,3969,Comune,-,-,17.345,9.905,-,2.320,1.995,9.120,-,-,-,-,-,1.010,41.695,13.070,1747.470,1802.235,2.31
2011,060024,Lazio,Frosinone,CECCANO,23098,Comune,240.680,-,235.580,167.970,24.260,48.850,84.350,57.035,15.279,0.637,-,-,18.640,12.160,905.441,18.610,8912.140,9836.191,9.21
2011,060025,Lazio,Frosinone,CEPRANO,8740,Vedi aggregazione: Unione Comuni Antica Terra di Lavoro,-,-,-,-,-,-,-,-,-,-,-,-,-,-,-,-,-,-,-
2011,060026,Lazio,Frosinone,CERVARO,7744,Comune,20.800,-,9.820,15.480,-,-,10.140,0.440,-,0.099,-,-,-,-,56.779,2.640,2992.060,3051.479,1.86
2011,060027,Lazio,Frosinone,COLFELICE,1853,Comune,-,-,4.790,12.810,-,0.170,1.440,0.600,-,0.044,-,-,-,-,19.854,-,697.480,717.334,2.77
2011,060029,Lazio,Frosinone,COLLE SAN MAGNO,744,Comune,-,-,18.880,12.840,-,1.650,2.180,-,-,-,-,-,-,-,35.550,-,237.740,273.290,13.01
2011,060028,Lazio,Frosinone,COLLEPARDO,975,Comune,-,-,1.760,8.740,-,1.130,1.480,-,-,0.029,-,-,-,-,13.139,1.280,411.470,425.889,3.09
2011,060030,Lazio,Frosinone,CORENO AUSONIO,1671,Comune,-,-,9.460,24.420,-,3.140,4.150,4.800,-,-,-,-,-,-,45.970,3.780,406.390,456.140,10.08
2011,060031,Lazio,Frosinone,ESPERIA,3903,Comune,-,-,7.140,13.810,-,3.780,2.340,2.400,-,0.026,-,-,-,-,29.496,4.900,1187.230,1221.626,2.41
2011,060032,Lazio,Frosinone,FALVATERRA,567,Vedi aggregazione: Unione Comuni Antica Terra di Lavoro,-,-,-,-,-,-,-,-,-,-,-,-,-,-,-,-,-,-,-
2011,060033,Lazio,Frosinone,FERENTINO,20966,Comune,92.400,-,265.320,309.890,-,6.850,34.160,21.705,6.549,0.780,-,-,-,0.420,738.074,62.320,9318.470,10118.864,7.29
2011,060034,Lazio,Frosinone,FILETTINO,551,Comune,32.430,-,24.430,46.620,-,27.600,14.380,12.880,-,-,-,-,-,-,158.340,28.520,254.060,440.920,35.91
2011,060035,Lazio,Frosinone,FIUGGI,9645,Comune,9.040,-,123.560,114.710,-,14.770,55.810,-,5.944,-,-,-,-,-,323.834,102.260,6132.490,6558.584,4.94
2011,060036,Lazio,Frosinone,FONTANA LIRI,2993,Comune,42.600,-,58.110,61.820,-,-,59.740,2.800,-,0.016,-,-,-,1.800,226.886,30.140,630.630,887.656,25.56
2011,060037,Lazio,Frosinone,FONTECHIARI,1318,Comune,-,-,6.720,10.410,-,0.330,4.230,-,-,-,-,-,-,-,21.690,-,391.580,413.270,5.25
2011,060038,Lazio,Frosinone,FROSINONE,46649,Comune,552.880,621.900,1763.844,1121.830,-,53.210,74.300,99.255,67.692,4.944,-,-,-,4.420,4364.275,195.960,22191.540,26751.775,16.31
2011,060039,Lazio,Frosinone,FUMONE,2180,Comune,133.920,-,32.060,84.980,-,12.660,22.240,7.860,0.660,0.100,-,-,-,1.160,295.640,12.860,240.840,549.340,53.82
2011,060040,Lazio,Frosinone,GALLINARO,1246,Vedi aggregazione: Unione Comuni 'Val Comino',-,-,-,-,-,-,-,-,-,-,-,-,-,-,-,-,-,-,-
2011,060041,Lazio,Frosinone,GIULIANO DI ROMA,2343,Comune,-,-,5.880,9.960,-,1.280,1.690,1.260,-,0.101,-,-,2.550,0.220,22.941,-,914.480,937.421,2.45
2011,060042,Lazio,Frosinone,GUARCINO,1658,Comune,-,-,8.100,20.840,-,1.500,1.980,-,-,0.028,-,-,0.580,-,33.028,-,731.220,764.248,4.32
2011,060043,Lazio,Frosinone,ISOLA DEL LIRI,11963,Comune,-,-,151.880,151.510,-,6.210,13.770,16.190,-,0.553,-,-,-,-,340.113,18.060,4963.772,5321.945,6.39
2011,060044,Lazio,Frosinone,MONTE SAN GIOVANNI CAMPANO,12882,Comune,143.200,-,166.740,266.480,-,9.280,12.220,13.390,7.366,0.600,-,-,-,0.980,620.256,25.240,3961.080,4606.576,13.47
2011,060045,Lazio,Frosinone,MOROLO,3267,Comune,249.980,-,99.320,189.780,-,6.840,9.010,9.180,2.116,-,-,-,-,0.440,566.666,12.040,359.090,937.796,60.43
2011,060046,Lazio,Frosinone,PALIANO,8146,Comune,16.400,-,42.160,90.000,-,-,16.280,11.470,-,-,-,-,-,0.620,176.930,47.100,3700.040,3924.070,4.51
2011,060047,Lazio,Frosinone,PASTENA,1528,Vedi aggregazione: Unione Comuni Antica Terra di Lavoro,-,-,-,-,-,-,-,-,-,-,-,-,-,-,-,-,-,-,-
2011,060048,Lazio,Frosinone,PATRICA,3084,Comune,53.980,-,61.920,63.800,-,5.990,24.420,5.260,-,0.143,-,-,13.070,1.080,229.663,-,851.580,1081.243,21.24
2011,060049,Lazio,Frosinone,PESCOSOLIDO,1552,Comune,-,-,16.440,21.540,-,-,38.537,15.321,-,0.035,-,-,-,-,91.873,1.760,233.010,326.643,28.13
2011,060050,Lazio,Frosinone,PICINISCO,1255,Comune,-,-,16.840,21.380,-,-,10.400,6.200,-,-,-,-,-,-,54.820,-,341.740,396.560,13.82
2011,060051,Lazio,Frosinone,PICO,3004,Comune,-,-,2.960,6.940,-,0.890,1.180,-,-,0.090,-,-,-,0.050,12.110,-,945.950,958.060,1.26
2011,060052,Lazio,Frosinone,PIEDIMONTE SAN GERMANO,6036,Comune,313.260,-,-,2.880,-,2.450,0.490,-,1.238,-,-,-,-,-,320.318,-,1653.880,1974.198,16.23
2011,060053,Lazio,Frosinone,PIGLIO,4657,Comune,297.710,-,119.991,70.860,-,14.040,43.450,2.830,1.670,0.001,-,-,-,-,550.552,29.680,707.780,1288.012,42.74
2011,060054,Lazio,Frosinone,PIGNATARO INTERAMNA,2558,Comune,-,-,-,-,-,-,-,0.360,-,0.019,-,-,-,0.120,0.499,0.720,993.700,994.919,0.05
2011,060055,Lazio,Frosinone,POFI,4303,Comune,-,-,-,8.910,-,1.650,1.510,9.000,-,-,-,-,-,4.960,26.030,10.140,684.510,720.680,3.61
2011,060056,Lazio,Frosinone,PONTECORVO,13223,Comune,-,-,-,61.650,-,3.730,4.910,0.875,7.581,-,-,-,-,1.560,80.306,13.340,5040.750,5134.396,1.56
2011,060057,Lazio,Frosinone,POSTA FIBRENO,1217,Comune,35.240,-,17.700,25.540,-,1.050,25.447,8.065,-,0.018,-,-,-,-,113.060,6.320,213.020,332.400,34.01
2011,060058,Lazio,Frosinone,RIPI,5346,Comune,135.700,-,122.260,168.100,-,4.450,5.860,-,1.905,-,-,-,-,0.200,438.475,19.920,1014.990,1473.385,29.76
2011,060059,Lazio,Frosinone,ROCCA D'ARCE,971,Vedi aggregazione: Unione Comuni Antica Terra di Lavoro,-,-,-,-,-,-,-,-,-,-,-,-,-,-,-,-,-,-,-
2011,060060,Lazio,Frosinone,ROCCASECCA,7536,Comune,-,4.600,-,-,-,-,-,-,-,-,-,-,-,-,4.600,3.940,2892.840,2901.380,0.16
2011,060061,Lazio,Frosinone,SAN BIAGIO SARACINISCO,361,Comune,-,-,5.628,8.232,-,0.090,1.380,0.060,-,-,-,-,-,-,15.390,-,92.360,107.750,14.28
2011,060062,Lazio,Frosinone,SAN DONATO VAL DI COMINO,2122,Vedi aggregazione: Unione Comuni 'Val Comino',-,-,-,-,-,-,-,-,-,-,-,-,-,-,-,-,-,-,-
2011,060063,Lazio,Frosinone,SAN GIORGIO A LIRI,3166,Comune,-,-,3.440,-,-,-,0.540,-,-,-,-,-,-,-,3.980,-,1625.000,1628.980,0.24
2011,060064,Lazio,Frosinone,SAN GIOVANNI INCARICO,3410,Aggregazione: Unione Comuni Antica Terra di Lavoro,306.800,-,83.320,119.550,-,4.770,63.760,32.840,5.018,0.074,-,-,6.000,14.020,636.152,35.240,5609.950,6281.342,10.13
2011,060070,Lazio,Frosinone,SAN VITTORE DEL LAZIO,2679,Comune,-,-,-,-,-,-,-,0.180,-,0.018,-,-,2.040,-,2.238,-,1006.600,1008.838,0.22
2011,060065,Lazio,Frosinone,SANT'AMBROGIO SUL GARIGLIANO,994,Comune,-,-,3.100,26.910,-,2.250,8.430,2.540,-,0.025,-,-,-,-,43.255,0.580,144.710,188.545,22.94
2011,060066,Lazio,Frosinone,SANT'ANDREA DEL GARIGLIANO,1566,Comune,-,-,14.340,30.880,-,-,16.900,0.540,-,-,-,-,-,-,62.660,4.420,252.840,319.920,19.59
2011,060067,Lazio,Frosinone,SANT'APOLLINARE,1931,Comune,-,-,18.260,31.000,-,1.170,16.710,-,-,0.140,-,-,-,-,67.280,-,432.520,499.800,13.46
2011,060068,Lazio,Frosinone,SANT'ELIA FIUMERAPIDO,6227,Comune,-,-,77.080,117.540,-,-,54.120,2.820,-,0.100,-,-,26.560,1.400,279.620,-,1463.740,1743.360,16.04
2011,060069,Lazio,Frosinone,SANTOPADRE,1410,Comune,-,-,4.380,1.710,-,0.220,0.290,-,-,-,-,-,-,-,6.600,-,411.510,418.110,1.58
2011,060071,Lazio,Frosinone,SERRONE,3069,Comune,128.580,-,99.830,94.840,11.900,6.500,51.270,17.350,7.620,-,-,-,-,-,417.890,-,647.120,1065.010,39.24
2011,060072,Lazio,Frosinone,SETTEFRATI,792,Vedi aggregazione: Unione Comuni 'Val Comino',-,-,-,-,-,-,-,-,-,-,-,-,-,-,-,-,-,-,-
2011,060073,Lazio,Frosinone,SGURGOLA,2623,Comune,-,-,-,1.520,-,0.200,2.860,-,-,0.037,-,-,-,-,4.617,-,1006.320,1010.937,0.46
2011,060074,Lazio,Frosinone,SORA,26247,Comune,230.700,46.060,-,-,-,-,-,153.660,-,1.730,-,-,40.400,-,472.550,-,11916.170,12388.720,3.81
2011,060075,Lazio,Frosinone,STRANGOLAGALLI,2501,Comune,-,-,64.870,63.520,-,2.840,58.500,7.220,-,-,-,-,-,-,196.950,-,395.640,592.590,33.24
2011,060076,Lazio,Frosinone,SUPINO,4893,Comune,-,-,163.624,181.010,24.700,17.820,108.030,23.151,-,-,-,-,-,1.440,519.775,19.560,905.380,1444.715,35.98
2011,060077,Lazio,Frosinone,TERELLE,460,Comune,-,-,4.140,5.370,-,0.690,0.910,-,-,0.018,-,-,-,-,11.128,-,133.580,144.708,7.69
2011,060078,Lazio,Frosinone,TORRE CAJETANI,1388,Comune,20.960,-,5.380,-,-,7.931,2.570,-,-,-,-,-,-,-,36.841,-,268.980,305.821,12.05
2011,060079,Lazio,Frosinone,TORRICE,4608,Comune,-,-,9.620,16.530,-,0.790,1.340,13.720,0.673,-,-,-,-,6.760,49.433,18.500,1658.720,1726.653,2.86
2011,060080,Lazio,Frosinone,TREVI NEL LAZIO,1853,Comune,-,-,21.592,20.450,-,2.630,8.350,-,-,-,-,-,-,-,53.022,35.060,1176.370,1264.452,4.19
2011,060081,Lazio,Frosinone,TRIVIGLIANO,1693,Comune,21.880,-,3.840,-,-,3.483,3.055,-,-,-,-,-,-,-,32.258,-,288.840,321.098,10.05
2011,060082,Lazio,Frosinone,VALLECORSA,2800,Comune,-,-,26.460,27.520,-,0.860,11.760,-,-,-,-,-,-,-,66.600,-,792.760,859.360,7.75
2011,060083,Lazio,Frosinone,VALLEMAIO,1002,Comune,-,0.240,7.740,5.900,-,0.760,1.500,1.420,-,-,-,-,-,-,17.560,8.760,149.920,176.240,9.96
2011,060084,Lazio,Frosinone,VALLEROTONDA,1671,Comune,-,-,-,-,-,-,-,-,-,-,-,-,54.520,-,54.520,-,647.400,701.920,7.77
2011,060085,Lazio,Frosinone,VEROLI,20763,Comune,118.140,-,318.240,385.180,-,18.000,23.720,-,-,0.740,-,-,29.320,0.180,893.520,-,7997.440,8890.960,10.05
2011,060086,Lazio,Frosinone,VICALVI,806,Vedi aggregazione: Unione Comuni 'Val Comino',-,-,-,-,-,-,-,-,-,-,-,-,-,-,-,-,-,-,-
2011,060087,Lazio,Frosinone,VICO NEL LAZIO,2256,Comune,58.980,-,36.470,88.900,-,1.870,12.600,-,5.050,0.017,-,-,-,-,203.887,5.500,322.010,531.397,38.37
2011,060088,Lazio,Frosinone,VILLA LATINA,1286,Comune,-,-,13.465,11.554,-,-,3.450,-,-,-,-,-,-,-,28.469,-,441.700,470.169,6.06
2011,060089,Lazio,Frosinone,VILLA SANTA LUCIA,2639,Comune,252.880,-,102.850,35.360,-,4.530,5.970,-,-,0.022,-,-,-,-,401.612,-,675.120,1076.732,37.30
2011,060090,Lazio,Frosinone,VILLA SANTO STEFANO,1707,Comune,-,-,8.400,7.020,-,0.900,1.190,-,-,0.055,-,-,-,0.420,17.985,-,564.210,582.195,3.09
2011,060091,Lazio,Frosinone,VITICUSO,372,Comune,-,-,-,3.600,-,-,0.440,-,-,-,-,-,3.300,-,7.340,-,120.620,127.960,5.74
2011,059001,Lazio,Latina,APRILIA,66979,Comune,195.580,459.770,1103.540,804.810,123.040,89.140,146.120,221.575,57.707,20.902,-,-,-,36.536,3258.720,460.170,35506.713,39225.603,8.31
2011,059002,Lazio,Latina,BASSIANO,1580,Comune,63.400,-,28.820,55.840,0.980,7.190,9.480,1.465,-,-,-,-,-,-,167.175,10.500,409.570,587.245,28.47
2011,059003,Lazio,Latina,CAMPODIMELE,638,Comune,66.520,-,17.800,33.800,-,-,12.940,1.590,1.190,-,-,-,-,-,133.840,-,65.860,199.700,67.02
2011,059004,Lazio,Latina,CASTELFORTE,4401,Comune,304.620,2.200,121.590,149.758,-,3.180,81.800,9.040,-,7.370,-,-,-,0.320,679.878,33.140,821.660,1534.678,44.30
2011,059005,Lazio,Latina,CISTERNA DI LATINA,35551,Comune,1300.700,2369.300,731.960,510.180,287.540,65.710,207.470,132.070,18.370,9.760,-,-,-,24.340,5657.400,325.960,13456.480,19439.840,29.10
2011,059006,Lazio,Latina,CORI,11025,Comune,1045.370,-,288.920,239.889,-,7.770,146.660,8.200,4.800,-,-,-,-,-,1741.609,209.060,3653.180,5603.849,31.08
2011,059007,Lazio,Latina,FONDI,37180,Comune,-,348.130,1260.190,588.410,-,41.360,229.510,79.200,-,8.200,-,-,-,12.420,2567.420,334.420,20771.150,23672.990,10.85
2011,059008,Lazio,Latina,FORMIA,36331,Comune,2145.420,1255.040,1322.520,609.700,395.010,78.190,560.830,171.050,69.619,8.831,-,-,-,9.560,6625.770,92.070,14312.110,21029.950,31.51
2011,059009,Lazio,Latina,GAETA,20762,Comune,-,105.140,563.690,259.900,-,-,119.920,16.190,45.768,0.370,-,-,-,-,1110.978,163.240,12857.000,14131.218,7.86
2011,059010,Lazio,Latina,ITRI,10460,Comune,635.180,55.390,251.000,306.300,106.900,82.120,149.480,75.810,12.195,5.654,-,-,-,-,1680.029,114.720,1515.250,3309.999,50.76
2011,059011,Lazio,Latina,LATINA,117892,Comune,8924.640,1637.130,4214.800,4665.204,958.270,643.323,1282.497,415.608,-,24.392,-,-,-,124.479,22890.343,195.330,49134.260,72219.933,31.70
2011,059012,Lazio,Latina,LENOLA,4155,Comune,258.880,-,55.650,116.580,3.500,17.260,58.520,10.025,15.972,0.320,-,-,-,18.740,555.447,1.800,514.870,1072.117,51.81
2011,059013,Lazio,Latina,MAENZA,3078,Comune,158.050,-,43.600,114.850,-,14.790,19.890,-,-,-,-,-,-,1.920,353.100,-,462.080,815.180,43.32
2011,059014,Lazio,Latina,MINTURNO,19472,Comune,201.880,19.610,451.050,232.970,-,-,225.540,50.215,-,1.080,-,-,-,16.500,1198.845,206.300,10156.950,11562.095,10.37
2011,059015,Lazio,Latina,MONTE SAN BIAGIO,6144,Comune,523.540,1.360,121.380,141.920,24.200,20.050,73.580,22.090,-,-,-,-,-,3.480,931.600,34.600,904.526,1870.726,49.80
2011,059016,Lazio,Latina,NORMA,4035,Comune,332.040,-,37.640,325.020,-,41.860,55.150,28.640,-,1.450,-,-,-,-,821.800,108.760,685.600,1616.160,50.85
2011,059017,Lazio,Latina,PONTINIA,13812,Comune,448.160,73.960,448.250,317.570,-,40.900,53.890,18.340,2.560,1.040,-,-,-,-,1404.670,89.340,5542.000,7036.010,19.96
2011,059018,Lazio,Latina,PONZA,3255,Comune,-,-,17.640,23.540,-,16.960,6.660,4.060,-,-,-,-,-,-,68.860,33.740,2467.520,2570.120,2.68
2011,059019,Lazio,Latina,PRIVERNO,13891,Comune,-,-,182.380,85.450,-,14.660,23.250,50.020,-,0.060,-,-,-,27.660,383.480,79.350,6267.550,6730.380,5.70
2011,059020,Lazio,Latina,PROSSEDI,1233,Comune,90.290,-,40.160,58.130,0.000,7.490,9.860,-,0.000,-,-,-,-,-,205.930,-,289.560,495.490,41.56
2011,059022,Lazio,Latina,ROCCA MASSIMA,1094,Comune,-,-,6.391,10.060,-,-,9.234,1.699,-,0.068,-,-,-,-,27.452,-,501.540,528.992,5.19
2011,059021,Lazio,Latina,ROCCAGORGA,4552,Comune,370.360,0.000,69.870,20.000,13.980,3.740,64.380,17.700,0.000,0.050,-,-,-,0.000,560.080,11.350,508.760,1080.190,51.85
2011,059023,Lazio,Latina,ROCCASECCA DEI VOLSCI,1126,Comune,46.880,-,16.170,26.970,-,3.470,4.580,2.660,-,-,-,-,-,-,100.730,11.790,240.950,353.470,28.50
2011,059024,Lazio,Latina,SABAUDIA,18812,Comune,-,1554.020,377.690,291.800,30.630,0.180,113.110,49.010,-,1.360,-,-,-,5.415,2423.215,82.010,12115.430,14620.655,16.57
2011,059025,Lazio,Latina,SAN FELICE CIRCEO,8709,Comune,-,212.500,156.910,219.960,79.560,4.790,7.530,33.530,-,0.073,-,-,-,211.880,926.733,161.820,9624.930,10713.483,8.65
2011,059026,Lazio,Latina,SANTI COSMA E DAMIANO,6882,Comune,412.320,-,235.460,197.710,-,6.390,135.070,24.155,-,8.752,-,-,-,0.280,1020.137,66.960,1219.140,2306.237,44.23
2011,059027,Lazio,Latina,SERMONETA,9129,Comune,904.405,88.250,211.860,254.260,44.530,32.750,43.150,44.125,-,4.920,-,-,-,6.380,1634.630,25.880,983.000,2643.510,61.84
2011,059028,Lazio,Latina,SEZZE,24114,Comune,632.860,146.100,382.080,394.150,-,33.730,97.500,29.510,-,1.008,-,-,-,28.160,1745.098,361.840,9960.780,12067.718,14.46
2011,059029,Lazio,Latina,SONNINO,7279,Comune,549.620,-,135.500,297.240,22.850,41.150,62.050,25.480,-,-,-,-,-,36.960,1170.850,39.060,1112.580,2322.490,50.41
2011,059030,Lazio,Latina,SPERLONGA,3334,Comune,-,121.200,191.190,180.860,45.370,-,76.320,11.920,1.900,3.160,-,-,-,-,631.920,-,2805.780,3437.700,18.38
2011,059031,Lazio,Latina,SPIGNO SATURNIA,2903,Comune,-,1.880,86.920,52.890,-,-,37.560,4.230,-,1.346,-,-,-,0.480,185.306,11.220,1262.790,1459.316,12.70
2011,059032,Lazio,Latina,TERRACINA,44233,Comune,0.000,32.720,896.370,302.050,196.360,29.350,15.200,97.105,0.000,2.590,-,-,-,4.320,1576.065,421.000,27838.180,29835.245,5.28
2011,059033,Lazio,Latina,VENTOTENE,691,Comune,94.860,3.920,87.920,92.760,4.280,11.950,33.900,16.320,-,3.080,-,-,-,5.440,354.430,333.240,713.130,1400.800,25.30
2011,057001,Lazio,Rieti,ACCUMOLI,653,Comune,-,-,-,-,-,-,-,-,-,-,-,-,-,-,-,-,391.100,391.100,-
2011,057002,Lazio,Rieti,AMATRICE,2646,Comune,-,-,-,-,-,-,-,20.280,-,-,-,-,-,-,20.280,-,1783.500,1803.780,1.12
2011,057003,Lazio,Rieti,ANTRODOCO,2704,Comune,-,-,100.020,71.206,-,8.807,12.029,-,-,-,-,-,-,-,192.062,-,1197.931,1389.993,13.82
2011,057004,Lazio,Rieti,ASCREA,266,Comune,-,-,1.800,1.400,-,-,0.750,-,-,-,-,-,-,-,3.950,5.080,128.340,137.370,2.88
2011,057005,Lazio,Rieti,BELMONTE IN SABINA,649,Comune,-,-,-,-,-,-,-,1.640,-,-,-,-,-,-,1.640,7.340,254.520,263.500,0.62
2011,057006,Lazio,Rieti,BORBONA,650,Comune,-,-,3.060,3.500,-,0.450,0.590,2.640,-,-,-,-,-,0.460,10.700,8.580,304.200,323.480,3.31
2011,057008,Lazio,Rieti,BORGO VELINO,990,Comune,-,-,1.580,0.600,-,-,0.420,3.990,-,-,-,-,-,-,6.590,11.680,479.180,497.450,1.33
2011,057007,Lazio,Rieti,BORGOROSE,4615,Comune,-,12.020,18.720,29.150,-,2.380,9.260,1.100,8.310,-,-,-,-,28.560,109.500,13.380,2270.340,2393.220,4.58
2011,057009,Lazio,Rieti,CANTALICE,2726,Comune,-,0.840,10.300,-,-,-,5.000,1.700,-,-,-,-,-,-,17.840,26.960,979.040,1023.840,1.74
2011,057010,Lazio,Rieti,CANTALUPO IN SABINA,1736,Vedi aggregazione: Unione 'Bassa Sabina',-,-,-,-,-,-,-,-,-,-,-,-,-,-,-,-,-,-,-
2011,057011,Lazio,Rieti,CASAPROTA,723,Vedi aggregazione: Unione 'Alta Sabina',-,-,-,-,-,-,-,-,-,-,-,-,-,-,-,-,-,-,-
2011,057012,Lazio,Rieti,CASPERIA,1231,Vedi aggregazione: Unione 'Nova Sabina',-,-,-,-,-,-,-,-,-,-,-,-,-,-,-,-,-,-,-
2011,057013,Lazio,Rieti,CASTEL DI TORA,299,Comune,-,-,2.370,4.440,-,-,0.570,-,-,-,-,-,-,-,7.380,10.380,124.250,142.010,5.20
2011,057015,Lazio,Rieti,CASTEL SANT'ANGELO,1289,Comune,-,-,-,-,-,-,-,2.430,-,-,-,-,-,-,2.430,9.920,582.280,594.630,0.41
2011,057014,Lazio,Rieti,CASTELNUOVO DI FARFA,1047,Vedi aggregazione: Unione dei Comuni della Valle dell'Olio,-,-,-,-,-,-,-,-,-,-,-,-,-,-,-,-,-,-,-
2011,057016,Lazio,Rieti,CITTADUCALE,6900,Comune,-,31.020,50.920,40.120,6.640,14.880,0.160,12.680,-,-,-,-,-,1.120,157.540,51.600,3165.300,3374.440,4.67
2011,057017,Lazio,Rieti,CITTAREALE,470,Comune,-,-,4.200,7.200,-,-,4.200,-,-,-,-,-,-,-,15.600,2.900,210.620,229.120,6.81
2011,057018,Lazio,Rieti,COLLALTO SABINO,440,Comune,-,-,-,-,-,-,-,-,-,-,-,-,-,-,-,-,322.450,322.450,-
2011,057019,Lazio,Rieti,COLLE DI TORA,384,Comune,-,-,4.100,-,-,-,1.150,-,-,-,-,-,-,-,5.250,9.500,180.000,194.750,2.70
2011,057020,Lazio,Rieti,COLLEGIOVE,169,Comune,-,-,-,2.200,0.360,-,-,0.360,-,-,-,-,-,-,2.920,5.850,86.530,95.300,3.06
2011,057021,Lazio,Rieti,COLLEVECCHIO,1595,Comune,-,-,20.055,7.405,-,0.170,18.730,11.744,1.590,-,-,-,-,-,59.694,10.770,639.840,710.304,8.40
2011,057022,Lazio,Rieti,COLLI SUL VELINO,524,Comune,-,-,1.900,3.630,-,0.470,0.620,-,-,-,-,-,-,-,6.620,18.500,183.280,208.400,3.18
2011,057023,Lazio,Rieti,CONCERVIANO,311,Comune,-,-,-,-,-,-,-,0.780,-,-,-,-,-,-,0.780,3.600,137.740,142.120,0.55
2011,057024,Lazio,Rieti,CONFIGNI,672,Aggregazione: Comunita   Montana della Val d'Aia,-,-,-,9.800,-,-,-,1.730,-,0.220,-,-,-,-,11.750,40.010,701.900,753.660,1.56
2011,057025,Lazio,Rieti,CONTIGLIANO,3601,Comune,-,47.130,16.340,2.200,-,0.920,1.350,7.050,-,-,-,-,-,-,74.990,77.620,1448.990,1601.600,4.68
2011,057026,Lazio,Rieti,COTTANELLO,562,Vedi aggregazione: Comunita   Montana della Val d'Aia,-,-,-,-,-,-,-,-,-,-,-,-,-,-,-,-,-,-,-
2011,057027,Lazio,Rieti,FARA IN SABINA,12326,Comune,-,-,206.160,154.720,-,12.250,42.490,0.500,-,0.820,-,-,-,-,416.940,349.940,5763.020,6529.900,6.39
2011,057028,Lazio,Rieti,FIAMIGNANO,1455,Comune,-,-,-,-,-,-,-,-,-,-,-,-,-,-,-,-,711.560,711.560,-
2011,057029,Lazio,Rieti,FORANO,2933,Vedi aggregazione: Unione 'Bassa Sabina',-,-,-,-,-,-,-,-,-,-,-,-,-,-,-,-,-,-,-
2011,057030,Lazio,Rieti,FRASSO SABINO,688,Vedi aggregazione: Unione dei Comuni della Valle dell'Olio,-,-,-,-,-,-,-,-,-,-,-,-,-,-,-,-,-,-,-
2011,057031,Lazio,Rieti,GRECCIO,1520,Comune,-,-,7.960,1.380,-,-,1.350,-,-,-,-,-,-,-,10.690,-,753.800,764.490,1.40
2011,057032,Lazio,Rieti,LABRO,344,Comune,-,-,-,-,-,-,-,-,-,-,-,-,1.160,-,1.160,-,179.760,180.920,0.64
2011,057033,Lazio,Rieti,LEONESSA,2480,Comune,-,-,-,-,-,-,-,-,-,3.520,-,-,9.040,-,12.560,-,1461.460,1474.020,0.85
2011,057034,Lazio,Rieti,LONGONE SABINO,583,Comune,-,-,-,5.080,-,-,-,-,-,-,-,-,-,-,5.080,1.540,234.020,240.640,2.11
2011,057035,Lazio,Rieti,MAGLIANO SABINA,3799,Comune,-,-,19.650,5.800,-,3.800,4.650,10.000,-,-,-,-,8.420,-,52.320,-,1905.980,1958.300,2.67
2011,057036,Lazio,Rieti,MARCETELLI,97,Comune,-,-,-,-,-,-,-,-,-,-,-,-,-,-,-,-,37.280,37.280,-
2011,057037,Lazio,Rieti,MICIGLIANO,131,Comune,-,-,-,-,-,-,-,-,-,-,-,-,-,0.080,0.080,6.820,85.680,92.580,0.09
2011,057038,Lazio,Rieti,MOMPEO,534,Comune,-,-,3.680,7.050,-,-,-,2.000,-,-,-,-,-,-,12.730,30.440,128.290,171.460,7.42
2011,057039,Lazio,Rieti,MONTASOLA,403,Vedi aggregazione: Comunita   Montana della Val d'Aia,-,-,-,-,-,-,-,-,-,-,-,-,-,-,-,-,-,-,-
2011,057043,Lazio,Rieti,MONTE SAN GIOVANNI IN SABINA,752,Comune,-,-,-,6.290,-,0.270,0.350,1.150,-,-,-,-,-,-,8.060,21.820,287.670,317.550,2.54
2011,057040,Lazio,Rieti,MONTEBUONO,917,Vedi aggregazione: Unione 'Nova Sabina',-,-,-,-,-,-,-,-,-,-,-,-,-,-,-,-,-,-,-
2011,057041,Lazio,Rieti,MONTELEONE SABINO,1232,Aggregazione: Unione dei Comuni della Valle dell'Olio,-,-,41.289,61.236,-,-,16.146,3.420,-,0.080,-,-,-,0.540,122.711,73.789,2522.867,2719.367,4.51
2011,057042,Lazio,Rieti,MONTENERO SABINO,295,Comune,-,-,-,1.180,-,-,-,-,-,-,-,-,-,-,1.180,8.880,77.634,87.694,1.35
2011,057044,Lazio,Rieti,MONTOPOLI DI SABINA,4222,Vedi aggregazione: Unione 'Bassa Sabina',-,-,-,-,-,-,-,-,-,-,-,-,-,-,-,-,-,-,-
2011,057045,Lazio,Rieti,MORRO REATINO,356,Comune,-,-,6.820,2.160,-,0.020,2.030,0.320,-,-,-,-,-,0.420,11.770,3.720,158.130,173.620,6.78
2011,057046,Lazio,Rieti,NESPOLO,274,Comune,-,-,-,-,-,-,17.080,-,0.680,0.690,-,-,-,-,18.450,-,126.800,145.250,12.70
2011,057047,Lazio,Rieti,ORVINIO,448,Vedi aggregazione: Unione 'Alta Sabina',-,-,-,-,-,-,-,-,-,-,-,-,-,-,-,-,-,-,-
2011,057048,Lazio,Rieti,PAGANICO,172,Comune,-,-,0.650,2.660,-,-,0.180,2.848,-,-,-,-,-,-,6.338,3.680,76.400,86.418,7.33
2011,057049,Lazio,Rieti,PESCOROCCHIANO,2211,Comune,-,-,-,6.060,-,-,-,-,-,0.180,-,-,-,-,6.240,-,1021.820,1028.060,0.61
2011,057050,Lazio,Rieti,PETRELLA SALTO,1212,Comune,-,-,7.200,5.860,-,-,2.680,3.000,-,-,-,-,-,-,18.740,12.620,665.220,696.580,2.69
2011,057051,Lazio,Rieti,POGGIO BUSTONE,2130,Comune,-,-,4.280,-,-,-,2.980,2.000,-,0.010,-,-,-,-,9.270,17.940,779.340,806.550,1.15
2011,057052,Lazio,Rieti,POGGIO CATINO,1335,Vedi aggregazione: Unione 'Nova Sabina',-,-,-,-,-,-,-,-,-,-,-,-,-,-,-,-,-,-,-
2011,057053,Lazio,Rieti,POGGIO MIRTETO,5995,Aggregazione: Unione 'Bassa Sabina',-,0.880,103.370,194.530,0.180,1.140,16.440,-,-,3.460,-,-,-,-,320.000,337.607,8088.840,8746.447,3.66
2011,057054,Lazio,Rieti,POGGIO MOIANO,2798,Aggregazione: Unione 'Alta Sabina',-,-,89.650,30.210,-,3.890,5.130,-,-,-,-,-,-,-,128.880,1415.920,2531.130,4075.930,3.16
2011,057055,Lazio,Rieti,POGGIO NATIVO,2456,Comune,-,-,4.020,8.160,-,-,2.200,2.000,-,-,-,-,-,-,16.380,53.300,1057.600,1127.280,1.45
2011,057056,Lazio,Rieti,POGGIO SAN LORENZO,580,Vedi aggregazione: Unione dei Comuni della Valle dell'Olio,-,-,-,-,-,-,-,-,-,-,-,-,-,-,-,-,-,-,-
2011,057057,Lazio,Rieti,POSTA,686,Comune,-,-,2.660,2.705,-,0.335,0.857,0.520,-,-,-,-,-,0.380,7.457,24.820,355.832,388.109,1.92
2011,057058,Lazio,Rieti,POZZAGLIA SABINA,361,Vedi aggregazione: Unione 'Alta Sabina',-,-,-,-,-,-,-,-,-,-,-,-,-,-,-,-,-,-,-
2011,057059,Lazio,Rieti,RIETI,46187,Comune,220.200,468.600,1003.020,419.700,260.985,107.920,41.625,373.600,-,12.207,-,-,296.230,23.060,3227.147,-,21914.335,25141.482,12.84
2011,057060,Lazio,Rieti,RIVODUTRI,1297,Comune,-,-,-,14.930,-,0.220,0.280,-,-,-,-,-,-,-,15.430,-,484.404,499.834,3.09
2011,057062,Lazio,Rieti,ROCCA SINIBALDA,853,Comune,-,-,8.600,14.340,-,-,3.180,3.860,-,-,-,-,-,-,29.980,25.380,435.440,490.800,6.11
2011,057061,Lazio,Rieti,ROCCANTICA,605,Vedi aggregazione: Unione 'Nova Sabina',-,-,-,-,-,-,-,-,-,-,-,-,-,-,-,-,-,-,-
2011,057063,Lazio,Rieti,SALISANO,558,Vedi aggregazione:,-,-,-,-,-,-,-,-,-,-,-,-,-,-,-,-,-,-,-
2011,057064,Lazio,Rieti,SCANDRIGLIA,2934,Vedi aggregazione: Unione 'Alta Sabina',-,-,-,-,-,-,-,-,-,-,-,-,-,-,-,-,-,-,-
2011,057065,Lazio,Rieti,SELCI,1106,Aggregazione: Unione 'Nova Sabina',-,-,28.290,52.420,-,6.750,8.900,7.980,-,-,-,-,-,-,104.340,90.800,2456.820,2651.960,3.93
2011,057066,Lazio,Rieti,STIMIGLIANO,2241,Vedi aggregazione: Unione 'Bassa Sabina',-,-,-,-,-,-,-,-,-,-,-,-,-,-,-,-,-,-,-
2011,057067,Lazio,Rieti,TARANO,1431,Vedi aggregazione: Unione 'Bassa Sabina',-,-,-,-,-,-,-,-,-,-,-,-,-,-,-,-,-,-,-
2011,057068,Lazio,Rieti,TOFFIA,1002,Vedi aggregazione: Unione dei Comuni della Valle dell'Olio,-,-,-,-,-,-,-,-,-,-,-,-,-,-,-,-,-,-,-
2011,057070,Lazio,Rieti,TORRI IN SABINA,1249,Vedi aggregazione: Unione 'Nova Sabina',-,-,-,-,-,-,-,-,-,-,-,-,-,-,-,-,-,-,-
2011,057069,Lazio,Rieti,TORRICELLA IN SABINA,1405,Vedi aggregazione: Unione 'Alta Sabina',-,-,-,-,-,-,-,-,-,-,-,-,-,-,-,-,-,-,-
2011,057071,Lazio,Rieti,TURANIA,245,Comune,-,-,-,-,-,-,-,0.200,-,-,-,-,-,-,0.200,-,166.700,166.900,0.12
2011,057072,Lazio,Rieti,VACONE,264,Vedi aggregazione: Comunita   Montana della Val d'Aia,-,-,-,-,-,-,-,-,-,-,-,-,-,-,-,-,-,-,-
2011,057073,Lazio,Rieti,VARCO SABINO,210,Comune,-,-,-,-,-,-,-,-,-,-,-,-,-,-,-,-,103.500,103.500,-
2011,058001,Lazio,Roma,AFFILE,1552,Comune,-,-,4.463,9.160,-,1.077,2.420,-,0.800,0.185,-,-,-,-,18.104,-,536.570,554.674,3.26
2011,058002,Lazio,Roma,AGOSTA,1760,Comune,-,-,5.708,7.728,2.000,2.243,3.327,0.300,3.265,0.129,-,-,-,-,24.700,335.260,749.279,1109.239,2.23
2011,058003,Lazio,Roma,ALBANO LAZIALE,38433,Comune,-,43.460,454.330,245.400,-,-,134.210,14.480,59.780,2.855,-,-,-,-,954.515,265.360,22526.570,23746.445,4.02
2011,058004,Lazio,Roma,ALLUMIERE,4133,Comune,273.390,56.620,236.350,143.620,94.730,22.670,59.480,58.625,10.300,9.402,-,-,-,-,965.187,-,601.760,1566.947,61.60
2011,058005,Lazio,Roma,ANGUILLARA SABAZIA,18575,Comune,757.630,536.940,337.660,253.710,104.530,2.270,244.180,24.355,4.920,3.403,-,-,-,2.460,2272.058,159.790,6432.220,8864.068,25.63
2011,058006,Lazio,Roma,ANTICOLI CORRADO,942,Comune,-,-,0.510,2.612,-,0.137,1.055,-,0.430,0.216,-,-,-,-,4.960,-,198.178,203.138,2.44
2011,058007,Lazio,Roma,ANZIO,49731,Comune,476.060,2471.290,993.390,942.170,415.010,59.100,306.080,212.310,14.070,3.440,-,-,-,-,5892.920,186.230,35722.790,41801.940,14.10
2011,058008,Lazio,Roma,ARCINAZZO ROMANO,1394,Comune,-,-,6.483,8.933,-,1.369,2.975,-,3.220,0.236,-,-,-,-,23.216,-,668.570,691.786,3.36
2011,058117,Lazio,Roma,ARDEA,44202,Comune,2523.080,1129.820,645.210,464.280,-,41.520,332.270,44.520,45.368,3.526,-,-,-,3.280,5232.874,1585.690,21260.640,28079.204,18.64
2011,058009,Lazio,Roma,ARICCIA,18311,Comune,2047.400,844.240,849.560,283.620,206.630,38.830,48.130,47.800,19.382,20.762,-,-,-,-,4406.354,183.040,3266.830,7856.224,56.09
2011,058010,Lazio,Roma,ARSOLI,1647,Comune,-,-,-,-,-,-,-,-,2.702,0.030,-,-,-,-,2.732,-,354.229,356.961,0.77
2011,058011,Lazio,Roma,ARTENA,13665,Comune,-,-,45.500,78.940,-,10.170,33.680,-,8.966,0.020,-,-,-,-,177.276,232.660,7140.620,7550.556,2.35
2011,058012,Lazio,Roma,BELLEGRA,2948,Comune,-,-,5.041,5.810,-,1.146,2.198,-,1.961,0.194,-,-,-,3.440,19.791,-,1108.700,1128.491,1.75
2011,058013,Lazio,Roma,BRACCIANO,18549,Comune,492.640,181.470,675.008,274.690,262.320,176.955,276.595,139.088,54.625,14.990,-,-,-,-,2548.381,96.040,7993.565,10637.986,23.96
2011,058014,Lazio,Roma,CAMERATA NUOVA,460,Comune,-,-,2.531,4.242,-,1.133,2.001,-,-,-,-,-,-,-,9.907,-,160.720,170.627,5.81
2011,058015,Lazio,Roma,CAMPAGNANO DI ROMA,11107,Comune,491.340,-,218.070,264.160,97.720,27.440,152.300,36.193,-,0.600,-,-,-,7.880,1295.703,421.760,1814.910,3532.373,36.68
2011,058016,Lazio,Roma,CANALE MONTERANO,4071,Comune,222.150,44.590,115.480,172.220,47.240,9.860,67.640,28.610,8.540,2.660,-,-,-,-,718.990,-,541.200,1260.190,57.05
2011,058017,Lazio,Roma,CANTERANO,359,Comune,-,-,3.593,6.094,4.020,2.489,2.042,-,-,0.129,-,-,-,-,18.367,-,137.420,155.787,11.79
2011,058018,Lazio,Roma,CAPENA,9488,Comune,-,-,77.550,97.190,92.120,0.600,21.620,7.100,9.130,11.775,-,-,250.620,-,567.705,-,6018.060,6585.765,8.62
2011,058019,Lazio,Roma,CAPRANICA PRENESTINA,330,Comune,-,-,8.030,11.600,-,1.490,3.740,-,-,-,-,-,-,-,24.860,13.140,217.790,255.790,9.72
2011,058020,Lazio,Roma,CARPINETO ROMANO,4649,Comune,15.949,-,34.200,40.160,-,5.170,26.840,-,4.602,-,-,-,-,-,126.921,50.608,2108.469,2285.998,5.55
2011,058021,Lazio,Roma,CASAPE,737,Comune,-,-,8.590,7.229,-,2.255,3.461,-,-,0.097,-,-,-,-,21.632,27.940,296.221,345.793,6.26
2011,058022,Lazio,Roma,CASTEL GANDOLFO,8782,Comune,-,-,42.810,67.380,-,1.960,19.360,-,17.694,0.601,-,-,-,-,149.805,23.960,5953.940,6127.705,2.45
2011,058023,Lazio,Roma,CASTEL MADAMA,7328,Comune,-,-,52.598,64.478,1.860,4.108,24.811,7.280,0.735,6.870,-,-,-,-,162.740,39.620,2953.320,3155.680,5.16
2011,058025,Lazio,Roma,CASTEL SAN PIETRO ROMANO,855,Comune,-,-,28.780,11.710,-,8.390,12.450,-,-,0.489,-,-,-,-,61.819,-,241.695,303.514,20.37
2011,058024,Lazio,Roma,CASTELNUOVO DI PORTO,8059,Comune,365.740,297.460,274.279,218.810,66.600,1.190,1.560,-,14.440,6.345,-,-,-,2.720,1249.144,-,480.900,1730.044,72.20
2011,058026,Lazio,Roma,CAVE,10421,Comune,103.120,-,214.970,57.210,-,15.370,30.410,-,-,0.479,-,-,-,-,421.559,170.160,4749.300,5341.019,7.89
2011,058027,Lazio,Roma,CERRETO LAZIALE,1192,Comune,-,-,7.178,5.928,-,1.389,2.331,-,-,0.208,-,-,-,-,17.034,-,516.578,533.612,3.19
2011,058028,Lazio,Roma,CERVARA DI ROMA,472,Comune,-,-,3.700,5.640,-,1.130,2.830,-,-,0.157,-,-,-,-,13.457,-,291.400,304.857,4.41
2011,058029,Lazio,Roma,CERVETERI,35207,Comune,397.820,315.870,410.870,222.940,125.160,-,219.390,52.350,-,1.686,-,-,-,-,1746.086,1163.900,18742.520,21652.506,8.06
2011,058118,Lazio,Roma,CIAMPINO,37235,Comune,3643.040,323.630,2163.400,1364.520,366.530,176.800,143.930,167.320,60.120,21.560,-,-,-,-,8430.850,277.200,5794.470,14502.520,58.13
2011,058030,Lazio,Roma,CICILIANO,1353,Comune,-,-,4.718,9.249,-,0.041,1.891,-,-,0.236,-,-,-,-,16.134,5.000,590.746,611.881,2.64
2011,058031,Lazio,Roma,CINETO ROMANO,641,Comune,-,-,3.754,3.726,-,0.953,1.562,0.190,-,0.169,-,-,-,-,10.354,-,359.725,370.079,2.80
2011,058032,Lazio,Roma,CIVITAVECCHIA,51229,Comune,79.060,17.190,1003.640,631.630,313.450,38.490,389.120,83.790,94.840,5.600,-,-,-,-,2656.810,362.810,27102.450,30122.070,8.82
2011,058033,Lazio,Roma,CIVITELLA SAN PAOLO,1754,Vedi aggregazione: Unione dei Comuni Valle Del Tevere - Soratte,-,-,-,-,-,-,-,-,-,-,-,-,-,-,-,-,-,-,-
2011,058034,Lazio,Roma,COLLEFERRO,21574,Comune,-,68.060,800.790,331.500,-,42.690,344.240,-,18.390,0.560,-,-,-,-,1606.230,727.800,8780.120,11114.150,14.45
2011,058035,Lazio,Roma,COLONNA,4002,Comune,75.680,-,66.285,30.880,-,3.980,25.190,-,4.277,-,-,-,-,-,206.292,93.060,1775.210,2074.562,9.94
2011,058036,Lazio,Roma,FIANO ROMANO,13059,Comune,560.730,121.370,504.640,292.100,137.260,48.060,367.660,47.570,9.162,0.983,-,-,-,-,2089.535,78.540,3366.940,5535.015,37.75
2011,058037,Lazio,Roma,FILACCIANO,490,Vedi aggregazione: Unione dei Comuni Valle Del Tevere - Soratte,-,-,-,-,-,-,-,-,-,-,-,-,-,-,-,-,-,-,-
2011,058120,Lazio,Roma,FIUMICINO,67626,Comune,-,245.330,630.290,249.250,340.940,269.220,236.880,194.845,90.369,6.716,-,-,-,4.540,2268.380,583.140,49203.340,52054.860,4.36
2011,058122,Lazio,Roma,FONTE NUOVA,30572,Comune,-,-,450.520,174.600,63.480,36.600,111.740,1.380,-,1.520,-,-,-,28.020,867.860,309.880,13425.540,14603.280,5.94
2011,058038,Lazio,Roma,FORMELLO,11909,Comune,710.480,401.323,706.800,310.750,126.270,40.020,234.630,79.750,9.717,5.658,-,-,-,3.240,2628.638,156.750,2159.570,4944.958,53.16
2011,058039,Lazio,Roma,FRASCATI,20755,Comune,390.040,-,448.700,225.160,-,55.890,169.530,-,41.345,0.080,-,-,-,-,1330.745,691.120,14077.009,16098.874,8.27
2011,058040,Lazio,Roma,GALLICANO NEL LAZIO,5749,Comune,-,-,38.990,19.060,-,1.860,16.050,-,-,0.416,-,-,-,-,76.376,-,3665.260,3741.636,2.04
2011,058041,Lazio,Roma,GAVIGNANO,1956,Comune,31.702,-,21.840,31.530,-,4.060,19.580,-,1.371,-,-,-,-,-,110.083,66.062,388.527,564.672,19.50
2011,058042,Lazio,Roma,GENAZZANO,5959,Comune,-,-,35.560,40.430,-,5.210,16.890,-,1.797,-,-,-,-,-,99.887,40.010,3080.050,3219.947,3.10
2011,058043,Lazio,Roma,GENZANO DI ROMA,23780,Comune,-,84.040,436.100,210.480,-,4.920,132.500,35.654,46.044,8.946,-,-,-,-,958.684,114.290,12516.652,13589.626,7.06
2011,058044,Lazio,Roma,GERANO,1248,Comune,-,-,4.629,6.985,-,1.219,222.260,-,-,0.575,-,-,-,-,235.668,-,546.302,781.970,30.14
2011,058045,Lazio,Roma,GORGA,767,Comune,13.513,-,9.690,13.460,-,1.730,8.330,-,-,-,-,-,-,-,46.723,27.181,166.254,240.158,19.46
2011,058046,Lazio,Roma,GROTTAFERRATA,19156,Comune,1787.200,491.520,781.680,417.700,-,53.790,431.000,43.968,39.280,3.808,-,-,-,-,4049.946,286.040,3871.040,8207.026,49.35
2011,058047,Lazio,Roma,GUIDONIA MONTECELIO,81447,Comune,3518.910,-,1968.520,1298.880,-,-,1249.270,13.760,7.419,6.245,-,-,-,-,8063.004,1002.220,24420.260,33485.484,24.08
2011,058048,Lazio,Roma,JENNE,398,Comune,-,-,2.114,4.447,-,0.347,1.427,-,0.500,0.215,-,-,-,-,9.050,-,171.690,180.740,5.01
2011,058049,Lazio,Roma,LABICO,5979,Comune,82.120,-,54.960,52.720,-,6.790,42.240,-,3.808,-,-,-,-,0.028,242.666,141.340,3299.860,3683.866,6.59
2011,058116,Lazio,Roma,LADISPOLI,37293,Comune,296.160,1.400,768.600,307.970,232.570,14.480,151.260,92.474,-,7.105,-,-,-,25.960,1897.979,102.840,23633.500,25634.319,7.40
2011,058050,Lazio,Roma,LANUVIO,13006,Comune,-,-,148.960,165.280,-,1.110,78.130,13.210,9.000,0.840,-,-,-,5.420,421.950,176.200,5307.830,5905.980,7.14
2011,058115,Lazio,Roma,LARIANO,12893,Comune,38.560,-,74.950,56.610,-,16.260,39.060,16.780,8.974,0.684,-,-,-,-,251.878,30.960,7266.200,7549.038,3.34
2011,058051,Lazio,Roma,LICENZA,1012,Vedi aggregazione: UNIONE COMUNI VALLE USTICA,-,-,-,-,-,-,-,-,-,-,-,-,-,-,-,-,-,-,-
2011,058052,Lazio,Roma,MAGLIANO ROMANO,1470,Comune,-,-,9.030,18.640,-,0.540,7.690,-,-,0.210,-,-,-,3.140,39.250,63.400,705.770,808.420,4.86
2011,058053,Lazio,Roma,MANDELA,897,Vedi aggregazione: UNIONE COMUNI VALLE USTICA,-,-,-,-,-,-,-,-,-,-,-,-,-,-,-,-,-,-,-
2011,058054,Lazio,Roma,MANZIANA,7082,Comune,391.760,204.990,209.260,210.540,83.720,46.320,125.560,40.615,17.030,5.730,-,-,-,-,1335.525,75.660,1965.190,3376.375,39.56
2011,058055,Lazio,Roma,MARANO EQUO,786,Comune,-,-,24.240,22.190,18.760,4.290,21.020,-,3.130,0.020,-,-,-,1.320,94.970,-,151.525,246.495,38.53
2011,058056,Lazio,Roma,MARCELLINA,6901,Comune,-,2.320,118.629,113.334,85.500,32.999,36.691,-,21.335,2.696,-,-,-,5.800,419.304,20.380,3008.020,3447.704,12.16
2011,058057,Lazio,Roma,MARINO,38245,Comune,-,290.740,1659.840,1365.566,-,109.780,764.164,44.041,70.330,3.968,-,-,-,-,4308.429,1054.330,19195.750,24558.509,17.54
2011,058058,Lazio,Roma,MAZZANO ROMANO,3056,Comune,-,-,22.170,16.830,-,0.370,9.570,-,-,-,-,-,-,-,48.940,45.740,1657.060,1751.740,2.79
2011,058059,Lazio,Roma,MENTANA,20772,Comune,-,-,319.040,168.880,55.920,21.530,106.010,0.900,20.419,1.280,-,-,-,0.720,694.699,367.960,8716.971,9779.630,7.10
2011,058064,Lazio,Roma,MONTE PORZIO CATONE,8617,Comune,681.740,91.940,288.360,87.830,49.050,11.260,15.170,36.261,0.405,4.198,-,-,-,8.970,1275.184,36.440,1714.400,3026.024,42.14
2011,058060,Lazio,Roma,MONTECOMPATRI,11234,Comune,-,-,61.250,39.640,-,12.490,24.870,-,3.193,0.328,-,-,-,-,141.771,4.460,6141.810,6288.041,2.26
2011,058061,Lazio,Roma,MONTEFLAVIO,1399,Comune,-,-,6.957,15.297,6.690,5.102,4.634,1.280,1.600,0.364,-,-,-,0.500,42.424,22.560,699.689,764.673,5.55
2011,058062,Lazio,Roma,MONTELANICO,2152,Comune,85.762,-,31.980,43.260,-,5.570,30.410,-,1.804,0.500,-,-,-,-,199.286,87.373,336.297,622.956,31.99
2011,058063,Lazio,Roma,MONTELIBRETTI,5213,Comune,-,-,8.472,22.929,-,2.641,7.088,3.670,-,0.449,-,-,-,-,45.248,-,2272.540,2317.788,1.95
2011,058065,Lazio,Roma,MONTEROTONDO,39502,Comune,396.730,-,669.180,432.610,250.000,33.600,128.810,97.060,49.567,13.121,-,-,-,0.990,2071.668,275.800,16789.370,19136.838,10.83
2011,058066,Lazio,Roma,MONTORIO ROMANO,2035,Comune,-,-,8.030,14.813,2.990,2.287,4.021,-,0.400,0.156,-,-,-,0.800,33.497,51.260,973.273,1058.030,3.17
2011,058067,Lazio,Roma,MORICONE,2683,Comune,-,-,72.564,38.238,11.650,1.782,16.471,-,-,0.560,-,-,-,0.500,141.765,51.800,871.970,1065.535,13.31
2011,058068,Lazio,Roma,MORLUPO,8122,Comune,-,20.120,132.180,64.220,-,3.690,40.580,7.860,9.080,0.509,-,-,-,0.060,278.299,345.560,4013.400,4637.259,6.00
2011,058069,Lazio,Roma,NAZZANO,1361,Vedi aggregazione: Unione dei Comuni Valle Del Tevere - Soratte,-,-,-,-,-,-,-,-,-,-,-,-,-,-,-,-,-,-,-
2011,058070,Lazio,Roma,NEMI,1925,Comune,-,-,59.265,23.880,-,3.080,18.620,-,2.112,-,-,-,-,-,106.957,11.840,1513.250,1632.047,6.55
2011,058071,Lazio,Roma,NEROLA,1821,Comune,-,-,7.450,11.809,-,2.249,2.888,1.160,-,0.208,-,-,-,0.400,26.163,5.560,698.832,730.556,3.58
2011,058072,Lazio,Roma,NETTUNO,45460,Comune,53.180,180.610,768.570,678.920,171.320,51.030,74.300,111.800,-,10.281,-,-,-,31.740,2131.751,278.250,25575.580,27985.581,7.62
2011,058073,Lazio,Roma,OLEVANO ROMANO,6742,Comune,343.700,12.360,253.930,104.950,-,19.540,121.510,-,5.836,0.384,-,-,-,-,862.210,274.440,1223.170,2359.820,36.54
2011,058074,Lazio,Roma,PALESTRINA,20498,Comune,972.760,116.560,542.700,-,65.140,-,230.080,38.255,-,-,-,-,-,-,1965.495,94.360,7020.645,9080.500,21.65
2011,058075,Lazio,Roma,PALOMBARA SABINA,12167,Comune,78.440,-,68.793,76.091,145.920,15.665,52.092,-,-,0.493,-,-,-,-,437.494,604.780,5615.240,6657.514,6.57
2011,058076,Lazio,Roma,PERCILE,277,Comune,-,-,-,3.500,-,-,-,-,-,-,-,-,-,-,3.500,-,41.858,45.358,7.72
2011,058077,Lazio,Roma,PISONIANO,803,Comune,-,-,10.370,8.730,-,9.080,35.040,-,-,0.132,-,-,-,-,63.352,7.780,361.202,432.334,14.65
2011,058078,Lazio,Roma,POLI,2433,Comune,-,-,0.620,4.700,-,0.610,0.800,-,-,0.013,-,-,-,-,6.743,-,1015.636,1022.379,0.66
2011,058079,Lazio,Roma,POMEZIA,56372,Comune,1125.500,55.460,721.180,723.740,99.400,4.380,569.540,63.426,47.700,15.154,-,-,-,47.080,3472.560,1065.800,30821.540,35359.900,9.82
2011,058080,Lazio,Roma,PONZANO ROMANO,1158,Comune,-,-,7.360,17.990,-,1.050,6.020,1.586,0.620,0.176,-,-,-,-,34.802,-,578.350,613.152,5.68
2011,058081,Lazio,Roma,RIANO,9536,Comune,-,-,155.990,371.510,107.770,74.695,128.270,17.410,10.071,2.490,-,-,-,8.300,876.506,-,4069.526,4946.032,17.72
2011,058082,Lazio,Roma,RIGNANO FLAMINIO,9573,Comune,-,-,49.400,63.860,0.280,0.600,20.040,-,4.360,0.537,-,-,-,9.260,148.337,56.900,4991.862,5197.099,2.85
2011,058083,Lazio,Roma,RIOFREDDO,762,Comune,-,-,-,2.680,-,0.350,0.450,-,-,0.149,-,-,-,-,3.629,-,170.819,174.448,2.08
2011,058084,Lazio,Roma,ROCCA CANTERANO,207,Comune,-,-,1.790,3.238,-,0.850,1.672,-,-,0.166,-,-,-,-,7.716,35.660,97.471,140.847,5.48
2011,058085,Lazio,Roma,ROCCA DI CAVE,396,Comune,-,-,27.610,13.040,-,9.970,8.820,0.210,-,0.163,-,-,-,-,59.813,0.490,183.340,243.643,24.55
2011,058086,Lazio,Roma,ROCCA DI PAPA,15576,Comune,717.240,431.960,230.710,284.870,52.560,44.290,265.630,0.315,18.519,2.421,-,-,-,0.960,2049.475,493.880,5690.630,8233.985,24.89
2011,058088,Lazio,Roma,ROCCA PRIORA,10819,Comune,-,-,74.220,58.930,-,14.770,25.410,-,14.125,0.282,-,-,-,-,187.737,30.480,6923.740,7141.957,2.63
2011,058089,Lazio,Roma,ROCCA SANTO STEFANO,1028,Comune,-,-,3.056,5.615,-,1.039,1.472,-,0.500,0.702,-,-,-,-,12.384,-,336.491,348.875,3.55
2011,058087,Lazio,Roma,ROCCAGIOVINE,280,Vedi aggregazione: UNIONE COMUNI VALLE USTICA,-,-,-,-,-,-,-,-,-,-,-,-,-,-,-,-,-,-,-
2011,058090,Lazio,Roma,ROIATE,749,Comune,-,-,3.456,5.266,-,0.951,1.311,-,0.500,0.225,-,-,-,-,11.708,-,267.460,279.168,4.19
2011,058091,Lazio,Roma,ROMA,2617175,Comune,37954.800,47691.200,210509.280,51239.043,11312.660,5244.574,26059.173,10386.041,7770.634,1057.423,-,-,5978.230,16169.865,431372.923,-,1354280.295,1785653.218,24.16
2011,058092,Lazio,Roma,ROVIANO,1392,Comune,-,-,-,1.390,2.250,0.180,0.240,-,1.612,-,-,-,-,-,5.672,-,306.381,312.053,1.82
2011,058093,Lazio,Roma,SACROFANO,6668,Comune,470.230,318.766,169.500,348.930,96.730,35.590,114.720,27.328,9.440,2.723,-,-,-,-,1593.957,115.469,830.300,2539.726,62.76
2011,058094,Lazio,Roma,SAMBUCI,936,Comune,-,-,5.700,5.065,-,1.389,1.943,-,0.062,0.231,-,-,-,-,14.389,14.500,447.315,476.204,3.02
2011,058119,Lazio,Roma,SAN CESAREO,13806,Comune,-,23.670,155.760,77.160,-,18.400,76.640,25.020,9.156,0.431,-,-,-,-,386.237,219.890,10053.340,10659.467,3.62
2011,058095,Lazio,Roma,SAN GREGORIO DA SASSOLA,1553,Comune,-,-,12.579,8.424,-,2.008,6.487,-,-,0.356,-,-,-,-,29.854,-,524.493,554.347,5.39
2011,058096,Lazio,Roma,SAN POLO DEI CAVALIERI,2984,Comune,-,-,17.816,24.657,-,5.676,10.084,-,-,0.351,-,-,-,-,58.584,-,1051.800,1110.384,5.28
2011,058100,Lazio,Roma,SAN VITO ROMANO,3366,Comune,93.900,-,58.790,28.070,-,3.620,25.040,-,5.593,-,-,-,-,-,215.013,134.510,993.060,1342.583,16.02
2011,058098,Lazio,Roma,SANT'ANGELO ROMANO,4488,Comune,-,-,-,215.000,15.780,22.380,36.670,-,-,0.385,-,-,-,-,290.215,89.640,1734.190,2114.045,13.73
2011,058099,Lazio,Roma,SANT'ORESTE,3702,Aggregazione: Unione dei Comuni Valle Del Tevere - Soratte,-,-,101.340,162.570,22.810,13.500,51.920,11.440,7.180,0.715,-,-,-,9.990,381.465,84.800,5097.320,5563.585,6.86
2011,058097,Lazio,Roma,SANTA MARINELLA,17403,Comune,-,-,163.718,184.240,105.700,5.640,55.200,45.852,49.500,1.966,-,-,-,-,611.816,118.400,13509.460,14239.676,4.30
2011,058101,Lazio,Roma,SARACINESCO,184,Comune,-,-,2.031,3.772,-,-,1.401,-,-,0.096,-,-,-,-,7.300,11.300,71.310,89.910,8.12
2011,058102,Lazio,Roma,SEGNI,9101,Comune,52.194,-,54.430,71.300,-,9.180,43.000,-,8.239,0.118,-,-,-,-,238.461,141.676,3626.960,4007.097,5.95
2011,058103,Lazio,Roma,SUBIACO,9066,Comune,-,-,48.450,50.560,-,6.510,45.640,-,3.254,-,-,-,-,-,154.414,53.240,4086.910,4294.564,3.60
2011,058104,Lazio,Roma,TIVOLI,52910,Comune,-,57.973,1267.340,781.870,372.890,76.710,375.090,202.932,66.133,17.878,-,-,-,38.720,3257.536,180.490,28414.530,31852.556,10.23
2011,058105,Lazio,Roma,TOLFA,5147,Comune,-,-,55.370,61.060,-,1.270,20.880,-,-,0.335,-,-,-,-,138.915,-,2503.320,2642.235,5.26
2011,058106,Lazio,Roma,TORRITA TIBERINA,1071,Vedi aggregazione: Unione dei Comuni Valle Del Tevere - Soratte,-,-,-,-,-,-,-,-,-,-,-,-,-,-,-,-,-,-,-
2011,058107,Lazio,Roma,TREVIGNANO ROMANO,5274,Comune,486.290,145.890,290.470,184.990,54.100,64.610,146.690,41.300,11.550,8.480,-,-,-,0.360,1434.730,48.660,1247.370,2730.760,52.54
2011,058108,Lazio,Roma,VALLEPIETRA,306,Comune,-,-,1.863,5.930,-,1.500,1.127,-,-,0.082,-,-,-,-,10.502,-,82.800,93.302,11.26
2011,058109,Lazio,Roma,VALLINFREDA,317,Comune,-,-,45.870,10.560,-,8.800,39.690,3.260,-,-,-,-,-,-,108.180,3.880,85.900,197.960,54.65
2011,058110,Lazio,Roma,VALMONTONE,14975,Comune,-,-,58.340,41.840,-,5.390,33.940,-,10.761,-,-,-,-,-,150.271,94.560,9276.550,9521.381,1.58
2011,058111,Lazio,Roma,VELLETRI,52295,Comune,-,-,697.660,308.940,-,20.830,188.280,38.500,-,2.444,-,-,-,-,1256.654,289.060,27414.880,28960.594,4.34
2011,058112,Lazio,Roma,VICOVARO,3937,Aggregazione: UNIONE COMUNI VALLE USTICA,159.600,-,78.590,183.680,14.370,-,48.150,6.070,-,-,-,-,1.620,-,492.080,-,1946.520,2438.600,20.18
2011,058113,Lazio,Roma,VIVARO ROMANO,177,Comune,-,-,-,-,-,-,-,-,-,-,-,-,-,-,-,-,49.468,49.468,-
2011,058114,Lazio,Roma,ZAGAROLO,16922,Comune,1279.300,51.480,605.750,426.210,59.780,1.600,334.100,32.731,-,0.658,-,-,-,-,2791.609,76.880,2121.810,4990.299,55.94
2011,056001,Lazio,Viterbo,ACQUAPENDENTE,5655,Comune,689.720,52.440,175.490,296.580,26.750,117.715,57.970,72.325,11.000,7.750,-,-,-,-,1507.740,127.910,1172.740,2808.390,53.69
2011,056002,Lazio,Viterbo,ARLENA DI CASTRO,886,Comune,-,-,16.190,21.810,-,1.440,1.900,-,-,-,-,-,-,-,41.340,20.320,280.890,342.550,12.07
2011,056003,Lazio,Viterbo,BAGNOREGIO,3674,Comune,-,-,62.360,44.200,-,4.040,11.370,8.850,-,-,-,-,-,-,130.820,41.480,1562.970,1735.270,7.54
2011,056004,Lazio,Viterbo,BARBARANO ROMANO,1085,Comune,-,-,39.840,43.410,-,11.660,20.750,5.583,5.050,4.980,-,-,-,-,131.273,21.900,170.210,323.383,40.59
2011,056006,Lazio,Viterbo,BASSANO IN TEVERINA,1277,Comune,97.360,6.280,44.700,77.710,20.140,22.670,33.450,11.480,-,2.698,-,-,-,-,316.488,46.020,211.630,574.138,55.12
2011,056005,Lazio,Viterbo,BASSANO ROMANO,4834,Comune,-,-,38.630,24.950,-,1.200,11.260,13.480,-,6.490,-,-,-,-,96.010,145.960,2069.220,2311.190,4.15
2011,056007,Lazio,Viterbo,BLERA,3356,Comune,18.940,-,63.120,60.180,-,-,48.410,-,-,3.572,-,-,-,-,194.222,125.260,1537.300,1856.782,10.46
2011,056008,Lazio,Viterbo,BOLSENA,4137,Comune,320.270,20.500,196.930,237.790,35.330,118.560,90.350,42.975,7.600,2.000,-,-,-,-,1072.305,131.510,1272.340,2476.155,43.31
2011,056009,Lazio,Viterbo,BOMARZO,1814,Comune,103.020,8.300,57.370,74.650,28.120,24.600,25.950,23.500,-,0.380,-,-,-,-,345.890,47.280,219.370,612.540,56.47
2011,056010,Lazio,Viterbo,CALCATA,905,Comune,9.060,-,28.650,35.840,-,0.550,18.860,-,-,0.240,-,-,-,-,93.200,20.320,96.930,210.450,44.29
2011,056011,Lazio,Viterbo,CANEPINA,3149,Comune,290.660,-,92.750,83.780,7.440,6.140,51.090,-,-,3.825,-,-,-,-,535.685,181.640,306.670,1023.995,52.31
2011,056012,Lazio,Viterbo,CANINO,5270,Comune,-,4.240,127.910,64.940,25.260,57.760,58.390,30.435,3.050,4.420,-,-,-,-,376.405,51.180,2595.360,3022.945,12.45
2011,056013,Lazio,Viterbo,CAPODIMONTE,1741,Comune,-,31.540,18.420,34.500,-,4.440,5.850,4.510,6.650,0.187,-,-,-,-,106.097,78.400,1129.800,1314.297,8.07
2011,056014,Lazio,Viterbo,CAPRANICA,6644,Comune,-,93.740,81.537,87.120,-,-,79.610,4.000,-,0.394,-,-,-,49.580,395.981,472.210,2271.240,3139.431,12.61
2011,056015,Lazio,Viterbo,CAPRAROLA,5345,Comune,-,-,22.050,42.050,-,-,12.220,5.740,-,0.047,-,-,-,-,82.107,231.280,2514.600,2827.987,2.90
2011,056016,Lazio,Viterbo,CARBOGNANO,2042,Comune,154.460,-,47.450,36.080,-,3.770,20.230,-,-,0.047,-,-,-,-,262.037,-,391.950,653.987,40.07
2011,056017,Lazio,Viterbo,CASTEL SANT'ELIA,2558,Comune,-,-,49.226,37.900,26.560,17.700,50.360,3.820,-,-,-,-,-,-,185.566,49.160,557.740,792.466,23.42
2011,056018,Lazio,Viterbo,CASTIGLIONE IN TEVERINA,2385,Comune,181.970,30.070,89.970,100.340,-,56.430,17.030,4.850,-,1.210,-,-,-,-,481.870,-,230.780,712.650,67.62
2011,056019,Lazio,Viterbo,CELLENO,1343,Comune,-,-,4.090,9.500,-,1.220,1.610,1.880,-,0.236,-,-,-,-,18.536,24.040,746.850,789.426,2.35
2011,056020,Lazio,Viterbo,CELLERE,1230,Comune,-,-,16.540,14.180,-,1.830,2.410,-,-,0.193,-,-,-,3.780,38.933,28.430,411.000,478.363,8.14
2011,056021,Lazio,Viterbo,CIVITA CASTELLANA,15596,Comune,7.820,-,155.972,118.020,-,1.170,78.880,-,-,-,-,-,-,-,361.862,358.460,7837.150,8557.472,4.23
2011,056022,Lazio,Viterbo,CIVITELLA D'AGLIANO,1658,Comune,-,-,18.560,23.140,-,2.980,3.930,6.900,-,1.330,-,-,-,-,56.840,37.860,927.310,1022.010,5.56
2011,056023,Lazio,Viterbo,CORCHIANO,3740,Comune,279.750,8.520,105.800,109.680,59.860,29.710,71.935,22.632,-,2.280,-,-,-,-,690.167,88.960,379.750,1158.877,59.56
2011,056024,Lazio,Viterbo,FABRICA DI ROMA,8136,Comune,344.760,-,247.200,244.750,-,9.990,193.240,8.470,-,2.379,-,-,-,4.620,1055.409,78.320,1866.900,3000.629,35.17
2011,056025,Lazio,Viterbo,FALERIA,2115,Comune,20.860,-,38.320,36.700,-,1.800,36.640,-,-,-,-,-,-,-,134.320,-,713.680,848.000,15.84
2011,056026,Lazio,Viterbo,FARNESE,1631,Comune,146.200,-,84.920,77.160,-,37.450,38.690,13.957,-,0.020,-,-,-,-,398.397,37.540,331.940,767.877,51.88
2011,056027,Lazio,Viterbo,GALLESE,2994,Comune,107.570,11.870,60.400,7.560,14.100,89.290,39.880,10.450,-,6.429,-,-,-,-,347.549,24.480,622.090,994.119,34.96
2011,056028,Lazio,Viterbo,GRADOLI,1474,Comune,-,-,33.380,50.790,-,18.770,8.620,-,4.550,-,-,-,-,-,116.110,35.350,536.029,687.489,16.89
2011,056029,Lazio,Viterbo,GRAFFIGNANO,2319,Comune,84.290,-,58.480,46.095,-,15.690,40.335,6.300,-,-,-,-,-,-,251.190,109.260,310.920,671.370,37.42
2011,056030,Lazio,Viterbo,GROTTE DI CASTRO,2795,Comune,-,-,85.530,97.426,-,27.540,24.114,17.015,4.000,0.230,-,-,-,-,255.855,48.360,950.740,1254.955,20.39
2011,056031,Lazio,Viterbo,ISCHIA DI CASTRO,2377,Comune,6.850,0.450,18.600,21.730,17.710,2.100,8.740,9.890,-,1.207,-,-,-,-,87.277,12.820,764.140,864.237,10.10
2011,056032,Lazio,Viterbo,LATERA,933,Comune,-,-,10.730,13.360,-,2.760,6.590,4.140,-,-,-,-,-,-,37.580,44.920,375.350,457.850,8.21
2011,056033,Lazio,Viterbo,LUBRIANO,919,Comune,-,-,12.100,17.920,-,2.310,3.040,-,-,-,-,-,-,-,35.370,17.080,358.200,410.650,8.61
2011,056034,Lazio,Viterbo,MARTA,3520,Comune,-,-,80.330,118.940,49.010,45.320,46.930,32.355,-,4.943,-,-,-,1.000,378.828,96.760,1576.020,2051.608,18.47
2011,056035,Lazio,Viterbo,MONTALTO DI CASTRO,8770,Comune,263.910,815.990,377.967,247.940,89.850,45.620,138.540,71.070,16.000,2.474,-,-,-,8.120,2077.481,207.990,5468.670,7754.141,26.79
2011,056037,Lazio,Viterbo,MONTE ROMANO,2007,Comune,-,-,3.850,9.620,-,1.240,1.630,-,-,-,-,-,-,-,16.340,23.880,945.290,985.510,1.66
2011,056036,Lazio,Viterbo,MONTEFIASCONE,13388,Comune,-,-,417.860,252.270,162.030,166.700,170.080,84.410,-,13.680,-,-,-,11.200,1278.230,186.570,5597.570,7062.370,18.10
2011,056038,Lazio,Viterbo,MONTEROSI,3868,Comune,137.730,278.430,35.260,105.820,7.640,19.050,46.000,14.820,-,0.470,-,-,-,-,645.220,15.880,522.920,1184.020,54.49
2011,056039,Lazio,Viterbo,NEPI,9353,Comune,593.496,492.000,379.910,341.620,140.100,81.800,234.350,32.288,144.000,3.700,-,-,-,-,2443.264,160.500,1171.050,3774.814,64.73
2011,056040,Lazio,Viterbo,ONANO,1017,Comune,-,-,21.910,44.870,-,0.920,10.350,-,-,-,-,-,-,0.400,78.450,-,352.400,430.850,18.21
2011,056041,Lazio,Viterbo,ORIOLO ROMANO,3648,Comune,264.820,53.020,132.340,82.070,50.040,3.540,115.730,24.530,-,8.580,-,-,-,-,734.670,23.920,259.200,1017.790,72.18
2011,056042,Lazio,Viterbo,ORTE,8665,Comune,706.690,-,-,-,-,-,13.700,-,-,-,-,-,-,-,720.390,143.640,1784.090,2648.120,27.20
2011,056043,Lazio,Viterbo,PIANSANO,2147,Comune,-,-,67.370,49.510,-,17.650,22.170,8.215,-,2.950,-,-,-,22.090,189.955,76.460,623.740,890.155,21.34
2011,056044,Lazio,Viterbo,PROCENO,605,Comune,-,-,6.720,11.570,-,-,4.030,-,-,-,-,-,-,-,22.320,-,227.500,249.820,8.93
2011,056045,Lazio,Viterbo,RONCIGLIONE,8308,Comune,495.230,23.400,198.050,129.050,45.270,9.940,185.320,15.166,-,1.170,-,-,-,-,1102.596,278.940,2171.230,3552.766,31.04
2011,056047,Lazio,Viterbo,SAN LORENZO NUOVO,2166,Comune,-,-,64.110,81.000,-,36.430,13.750,13.965,-,0.814,-,-,-,-,210.069,9.080,646.970,866.119,24.25
2011,056048,Lazio,Viterbo,SORIANO NEL CIMINO,8544,Comune,652.170,46.870,236.470,185.980,65.100,53.910,137.600,48.699,8.650,4.487,-,-,-,9.520,1449.456,240.320,1072.000,2761.776,52.48
2011,056049,Lazio,Viterbo,SUTRI,6552,Comune,-,109.618,50.920,70.810,-,9.120,12.010,28.380,-,0.920,-,-,-,-,281.778,261.040,2971.210,3514.028,8.02
2011,056050,Lazio,Viterbo,TARQUINIA,16016,Comune,938.420,544.770,658.550,451.040,312.960,21.000,307.270,63.710,26.650,20.920,-,-,-,3.540,3348.830,417.250,7479.040,11245.120,29.78
2011,056051,Lazio,Viterbo,TESSENNANO,350,Comune,-,-,8.200,6.070,-,0.760,1.100,-,-,-,-,-,-,-,16.130,-,120.280,136.410,11.83
2011,056052,Lazio,Viterbo,TUSCANIA,8145,Comune,-,-,67.931,81.520,193.956,32.580,8.190,29.560,13.950,10.450,-,-,-,-,438.137,306.120,3504.580,4248.837,10.31
2011,056053,Lazio,Viterbo,VALENTANO,2895,Comune,-,16.160,49.770,39.310,-,14.480,16.640,5.890,6.200,0.209,-,-,-,-,148.659,81.880,1530.160,1760.699,8.44
2011,056054,Lazio,Viterbo,VALLERANO,2613,Comune,281.420,-,58.240,74.000,-,16.770,41.930,-,-,6.572,-,-,-,-,478.932,176.120,268.940,923.992,51.83
2011,056055,Lazio,Viterbo,VASANELLO,4161,Comune,318.400,4.401,141.610,107.375,33.749,18.665,75.820,25.235,-,10.080,-,-,-,-,735.335,311.120,441.410,1487.865,49.42
2011,056056,Lazio,Viterbo,VEJANO,2298,Comune,-,15.940,22.110,102.980,12.770,8.180,21.340,4.900,-,0.010,-,-,-,-,188.230,1.540,977.050,1166.820,16.13
2011,056057,Lazio,Viterbo,VETRALLA,13507,Comune,-,29.000,352.340,185.620,54.180,91.030,102.640,38.550,12.850,13.513,-,-,-,-,879.723,153.840,6338.560,7372.123,11.93
2011,056058,Lazio,Viterbo,VIGNANELLO,4826,Comune,260.550,-,80.240,61.860,-,22.200,50.080,12.370,-,5.798,-,-,-,2.620,495.718,137.420,1054.350,1687.488,29.38
2011,056046,Lazio,Viterbo,VILLA SAN GIOVANNI IN TUSCIA,1313,Comune,-,-,22.140,18.560,2.830,0.970,11.750,4.380,-,2.350,-,-,-,-,62.980,-,291.945,354.925,17.75
2011,056059,Lazio,Viterbo,VITERBO,63209,Comune,-,-,2334.136,1021.280,264.790,149.431,692.203,180.055,168.350,14.096,-,-,-,-,4824.341,774.680,26574.120,32173.141,15.00
2011,056060,Lazio,Viterbo,VITORCHIANO,4956,Comune,-,-,66.100,112.900,-,11.870,5.140,3.600,-,0.030,-,-,-,1.180,200.820,135.260,1985.900,2321.980,8.65
2012,060001,Lazio,Frosinone,ACQUAFONDATA,280,Comune,-,-,-,-,-,-,-,-,-,0.012,-,-,-,-,0.012,4.240,119.520,123.772,0.01
2012,060002,Lazio,Frosinone,ACUTO,1912,Comune,117.180,-,37.026,32.343,0.002,3.510,36.063,-,2.515,0.003,-,-,-,0.980,229.622,-,450.959,680.580,33.74
2012,060003,Lazio,Frosinone,ALATRI,28645,Comune,2711.080,120.720,1074.635,1324.989,0.023,43.500,214.256,106.240,38.558,2.790,-,-,275.280,30.240,5942.311,-,2955.841,8898.152,66.78
2012,060004,Lazio,Frosinone,ALVITO,2843,Vedi aggregazione: Unione Comuni 'Val Comino',-,-,-,-,-,-,-,-,-,-,-,-,-,-,-,-,-,-,-
2012,060005,Lazio,Frosinone,AMASENO,4313,Comune,-,-,12.487,19.025,0.001,2.065,8.296,-,0.018,0.155,-,-,13.380,-,55.427,-,1426.858,1482.285,3.74
2012,060006,Lazio,Frosinone,ANAGNI,21397,Comune,1506.920,-,747.750,624.670,0.130,24.070,93.750,8.290,16.644,0.473,-,-,-,0.980,3023.677,115.270,4258.460,7397.407,40.88
2012,060007,Lazio,Frosinone,AQUINO,5299,Vedi aggregazione: UNIONE CINQUECITTA',-,-,-,-,-,-,-,-,-,-,-,-,-,-,-,-,-,-,-
2012,060008,Lazio,Frosinone,ARCE,5777,Comune,245.560,-,156.344,258.239,0.004,7.558,30.366,3.160,0.068,0.320,-,-,-,0.800,702.419,-,873.903,1576.322,44.56
2012,060009,Lazio,Frosinone,ARNARA,2373,Comune,-,-,34.631,49.734,0.000,0.085,64.357,-,0.001,-,-,-,29.700,-,178.508,-,385.423,563.931,31.65
2012,060010,Lazio,Frosinone,ARPINO,7356,Comune,85.020,-,37.150,44.400,-,5.380,32.640,4.150,2.070,-,-,-,-,-,210.810,27.480,2219.200,2457.490,8.58
2012,060011,Lazio,Frosinone,ATINA,4436,Vedi aggregazione: Unione Comuni 'Val Comino',-,-,-,-,-,-,-,-,-,-,-,-,-,-,-,-,-,-,-
2012,060012,Lazio,Frosinone,AUSONIA,2651,Comune,-,-,2.772,13.519,0.001,1.467,5.895,-,1.613,-,-,-,-,-,25.268,-,890.660,915.928,2.76
2012,060013,Lazio,Frosinone,BELMONTE CASTELLO,780,Comune,-,-,-,-,-,-,-,0.390,-,-,-,-,-,-,0.390,-,192.750,193.140,0.20
2012,060014,Lazio,Frosinone,BOVILLE ERNICA,8799,Comune,366.670,-,136.716,102.913,0.005,9.014,36.216,15.990,0.081,-,-,-,26.180,1.100,694.885,-,1144.299,1839.183,37.78
2012,060015,Lazio,Frosinone,BROCCOSTELLA,2798,Comune,-,-,50.140,79.070,-,12.450,19.930,2.620,-,0.060,-,-,-,0.640,164.910,-,599.120,764.030,21.58
2012,060016,Lazio,Frosinone,CAMPOLI APPENNINO,1750,Comune,-,-,25.480,43.640,-,-,24.680,-,-,-,-,-,-,-,93.800,11.240,454.000,559.040,16.78
2012,060017,Lazio,Frosinone,CASALATTICO,641,Comune,-,-,5.510,13.370,-,0.700,4.480,0.670,-,-,-,-,1.260,0.410,26.400,-,120.970,147.370,17.91
2012,060018,Lazio,Frosinone,CASALVIERI,2865,Comune,-,-,-,-,-,-,-,-,-,0.040,-,-,-,1.870,1.910,5.360,1191.530,1198.800,0.16
2012,060019,Lazio,Frosinone,CASSINO,33628,Comune,-,-,718.680,186.820,-,18.040,90.660,21.180,3.150,1.900,-,-,65.720,-,1106.150,-,19128.960,20235.110,5.47
2012,060020,Lazio,Frosinone,CASTELLIRI,3521,Comune,-,-,3.050,8.140,-,-,4.750,-,3.149,0.017,-,-,0.250,-,19.356,-,1319.520,1338.876,1.45
2012,060021,Lazio,Frosinone,CASTELNUOVO PARANO,900,Comune,-,-,12.550,19.740,-,-,3.230,0.270,-,0.050,-,-,2.040,-,37.880,-,311.410,349.290,10.85
2012,060023,Lazio,Frosinone,CASTRO DEI VOLSCI,4902,Comune,-,-,29.149,21.512,0.001,2.335,9.380,3.708,1.571,-,-,-,0.780,-,68.436,-,1782.344,1850.780,3.70
2012,060022,Lazio,Frosinone,CASTROCIELO,3965,Comune,-,-,87.390,96.425,-,3.395,74.455,5.525,2.253,0.260,-,-,-,-,269.703,13.650,1310.760,1594.113,16.92
2012,060024,Lazio,Frosinone,CECCANO,23106,Comune,1593.460,-,1412.160,645.080,57.740,132.990,559.645,69.330,41.284,0.622,-,-,-,12.000,4524.311,-,2641.300,7165.611,63.14
2012,060025,Lazio,Frosinone,CEPRANO,8731,Vedi aggregazione: Unione Comuni Antica Terra di Lavoro,-,-,-,-,-,-,-,-,-,-,-,-,-,-,-,-,-,-,-
2012,060026,Lazio,Frosinone,CERVARO,7763,Comune,192.300,-,99.680,105.740,8.720,3.600,77.840,6.760,3.247,0.143,-,-,-,-,498.030,4.320,2120.040,2622.390,18.99
2012,060027,Lazio,Frosinone,COLFELICE,1873,Comune,-,-,7.000,2.000,-,-,-,-,2.091,0.014,-,-,-,-,11.105,-,713.420,724.525,1.53
2012,060029,Lazio,Frosinone,COLLE SAN MAGNO,739,Vedi aggregazione: UNIONE CINQUECITTA',-,-,-,-,-,-,-,-,-,-,-,-,-,-,-,-,-,-,-
2012,060028,Lazio,Frosinone,COLLEPARDO,965,Comune,-,-,3.181,3.674,0.000,0.399,1.602,-,0.004,-,-,-,-,-,8.860,-,397.164,406.024,2.18
2012,060030,Lazio,Frosinone,CORENO AUSONIO,1675,Comune,-,0.720,19.070,-,-,-,-,4.300,0.500,-,-,-,-,-,24.590,-,433.885,458.475,5.36
2012,060031,Lazio,Frosinone,ESPERIA,3901,Comune,-,-,10.930,27.500,-,0.840,7.470,1.260,-,-,-,-,8.740,-,56.740,-,1159.360,1216.100,4.67
2012,060032,Lazio,Frosinone,FALVATERRA,563,Vedi aggregazione: Unione Comuni Antica Terra di Lavoro,-,-,-,-,-,-,-,-,-,-,-,-,-,-,-,-,-,-,-
2012,060033,Lazio,Frosinone,FERENTINO,20983,Comune,113.760,-,348.083,303.585,2.052,7.017,39.125,20.210,34.061,0.340,-,-,4.030,0.320,872.582,37.580,9087.891,9998.053,8.73
2012,060034,Lazio,Frosinone,FILETTINO,554,Comune,68.820,-,31.864,39.510,-,1.840,16.010,4.470,3.050,-,-,-,-,-,165.564,7.800,266.020,439.384,37.68
2012,060035,Lazio,Frosinone,FIUGGI,9618,Comune,238.840,-,161.537,105.538,0.006,11.454,104.719,-,21.628,0.040,-,-,88.340,-,732.102,10.020,5514.683,6256.804,11.70
2012,060036,Lazio,Frosinone,FONTANA LIRI,2996,Comune,-,170.220,45.230,64.670,-,-,74.200,1.500,-,-,-,-,13.400,-,369.220,-,327.720,696.940,52.98
2012,060037,Lazio,Frosinone,FONTECHIARI,1311,Comune,-,-,13.940,17.100,-,-,10.420,-,-,-,-,-,-,-,41.460,2.500,325.020,368.980,11.24
2012,060038,Lazio,Frosinone,FROSINONE,46604,Comune,547.060,967.800,1538.705,1014.100,0.180,33.570,219.960,-,78.519,3.608,-,-,-,0.500,4404.002,166.120,23009.790,27579.912,15.97
2012,060039,Lazio,Frosinone,FUMONE,2175,Comune,118.840,-,33.500,91.860,-,12.800,20.820,6.300,4.315,0.100,-,-,6.210,0.780,295.525,6.210,247.520,549.255,53.81
2012,060040,Lazio,Frosinone,GALLINARO,1246,Vedi aggregazione: Unione Comuni 'Val Comino',-,-,-,-,-,-,-,-,-,-,-,-,-,-,-,-,-,-,-
2012,060041,Lazio,Frosinone,GIULIANO DI ROMA,2353,Comune,-,-,5.232,5.284,0.000,0.573,2.304,1.140,2.952,0.005,-,-,0.950,-,18.441,-,938.035,956.475,1.93
2012,060042,Lazio,Frosinone,GUARCINO,1657,Comune,-,-,4.367,20.747,0.000,0.550,2.210,-,0.005,-,-,-,-,-,27.879,-,724.627,752.505,3.71
2012,060043,Lazio,Frosinone,ISOLA DEL LIRI,11964,Comune,-,-,129.238,166.522,0.004,7.706,30.960,12.910,0.069,0.825,-,-,1.960,-,350.193,18.280,5087.454,5455.927,6.42
2012,060044,Lazio,Frosinone,MONTE SAN GIOVANNI CAMPANO,12873,Comune,172.600,-,166.839,263.273,0.004,7.047,28.314,10.950,7.276,0.268,-,-,-,6.180,662.751,-,3932.006,4594.758,14.42
2012,060045,Lazio,Frosinone,MOROLO,3264,Comune,257.760,-,101.531,179.023,0.002,4.385,17.618,12.900,3.365,0.370,-,-,-,0.950,577.904,-,344.094,921.998,62.68
2012,060046,Lazio,Frosinone,PALIANO,8129,Comune,350.920,-,141.490,149.380,13.500,15.610,84.170,12.400,1.567,3.270,-,-,53.310,0.108,825.725,-,1876.280,2702.005,30.56
2012,060047,Lazio,Frosinone,PASTENA,1522,Vedi aggregazione: Unione Comuni Antica Terra di Lavoro,-,-,-,-,-,-,-,-,-,-,-,-,-,-,-,-,-,-,-
2012,060048,Lazio,Frosinone,PATRICA,3084,Comune,77.160,-,64.100,142.480,-,11.680,53.780,5.860,-,0.140,-,-,6.780,2.980,364.960,-,850.420,1215.380,30.03
2012,060049,Lazio,Frosinone,PESCOSOLIDO,1558,Comune,-,-,18.120,38.450,-,-,35.510,20.774,-,-,-,-,1.950,-,114.804,-,323.110,437.914,26.22
2012,060050,Lazio,Frosinone,PICINISCO,1256,Comune,-,-,9.990,14.010,-,0.099,3.910,4.235,-,-,-,-,4.790,0.560,37.594,-,357.230,394.824,9.52
2012,060051,Lazio,Frosinone,PICO,3000,Comune,-,-,2.315,1.662,0.000,0.180,0.725,-,0.002,-,-,-,-,-,4.883,-,209.319,214.202,2.28
2012,060052,Lazio,Frosinone,PIEDIMONTE SAN GERMANO,6042,Aggregazione: UNIONE CINQUECITTA',814.620,-,1302.937,385.722,0.011,43.364,399.196,11.900,0.211,-,-,-,37.120,-,2995.080,-,2867.230,5862.310,51.09
2012,060053,Lazio,Frosinone,PIGLIO,4653,Comune,316.700,-,72.472,49.420,-,21.320,47.590,11.600,9.022,-,-,-,-,-,528.124,-,628.688,1156.812,45.65
2012,060054,Lazio,Frosinone,PIGNATARO INTERAMNA,2562,Comune,-,-,0.010,0.260,-,0.030,0.110,0.390,-,0.034,-,-,-,1.690,2.524,0.160,1001.280,1003.964,0.25
2012,060055,Lazio,Frosinone,POFI,4290,Comune,-,-,2.423,11.935,-,-,9.765,-,0.160,0.636,-,-,-,0.496,25.415,3.682,692.620,721.717,3.52
2012,060056,Lazio,Frosinone,PONTECORVO,13205,Comune,-,-,0.151,32.782,0.000,0.497,1.998,-,11.009,-,-,-,-,-,46.438,-,5088.492,5134.930,0.90
2012,060057,Lazio,Frosinone,POSTA FIBRENO,1208,Comune,68.300,-,12.880,38.070,-,-,29.330,0.030,-,0.041,-,-,-,-,148.651,-,148.060,296.711,50.10
2012,060058,Lazio,Frosinone,RIPI,5340,Comune,137.500,-,117.800,128.000,-,-,54.700,19.020,2.406,-,-,-,16.800,4.260,480.486,-,1055.150,1535.636,31.29
2012,060059,Lazio,Frosinone,ROCCA D'ARCE,969,Vedi aggregazione: Unione Comuni Antica Terra di Lavoro,-,-,-,-,-,-,-,-,-,-,-,-,-,-,-,-,-,-,-
2012,060060,Lazio,Frosinone,ROCCASECCA,7515,Comune,-,1.700,-,-,-,-,-,-,5.310,-,-,-,-,-,7.010,-,2990.100,2997.110,0.23
2012,060061,Lazio,Frosinone,SAN BIAGIO SARACINISCO,358,Comune,-,-,8.880,12.452,-,0.087,3.471,0.040,-,-,-,-,-,-,24.930,1.800,92.180,118.910,20.97
2012,060062,Lazio,Frosinone,SAN DONATO VAL DI COMINO,2124,Aggregazione: Unione Comuni 'Val Comino',369.540,-,467.820,467.900,36.220,11.550,220.274,30.523,16.650,0.135,-,-,-,-,1620.612,-,3167.870,4788.482,33.84
2012,060063,Lazio,Frosinone,SAN GIORGIO A LIRI,3171,Comune,-,-,3.440,-,-,-,0.540,-,-,-,-,-,-,0.011,3.991,-,1690.640,1694.631,0.24
2012,060064,Lazio,Frosinone,SAN GIOVANNI INCARICO,3414,Aggregazione: Unione Comuni Antica Terra di Lavoro,420.320,-,137.213,175.740,0.011,5.906,86.618,27.108,7.393,-,-,-,43.860,-,904.170,12.800,5062.813,5979.783,15.12
2012,060070,Lazio,Frosinone,SAN VITTORE DEL LAZIO,2667,Comune,-,-,-,-,-,-,-,-,1.330,0.022,-,-,-,-,1.352,-,1032.720,1034.072,0.13
2012,060065,Lazio,Frosinone,SANT'AMBROGIO SUL GARIGLIANO,985,Comune,-,-,5.421,22.624,0.000,1.892,9.017,1.120,0.004,-,-,-,2.060,-,42.138,-,156.276,198.414,21.24
2012,060066,Lazio,Frosinone,SANT'ANDREA DEL GARIGLIANO,1556,Comune,-,-,15.420,24.640,-,2.820,13.010,2.340,-,-,-,-,5.220,-,63.450,-,225.780,289.230,21.94
2012,060067,Lazio,Frosinone,SANT'APOLLINARE,1932,Comune,-,0.820,17.280,45.640,-,-,20.200,-,-,0.125,-,-,-,-,84.065,2.780,340.760,427.605,19.66
2012,060068,Lazio,Frosinone,SANT'ELIA FIUMERAPIDO,6234,Comune,-,-,56.200,136.900,-,-,67.360,-,-,0.960,-,-,104.780,-,366.200,-,1419.120,1785.320,20.51
2012,060069,Lazio,Frosinone,SANTOPADRE,1406,Comune,-,-,4.380,1.710,-,0.220,0.290,-,-,-,-,-,-,-,6.600,-,422.240,428.840,1.54
2012,060071,Lazio,Frosinone,SERRONE,3054,Comune,162.720,-,42.364,50.607,9.670,8.420,33.960,7.690,6.530,-,-,-,-,-,321.961,12.360,548.020,882.341,36.49
2012,060072,Lazio,Frosinone,SETTEFRATI,786,Vedi aggregazione: Unione Comuni 'Val Comino',-,-,-,-,-,-,-,-,-,-,-,-,-,-,-,-,-,-,-
2012,060073,Lazio,Frosinone,SGURGOLA,2621,Comune,-,-,-,-,-,-,6.820,-,-,-,-,-,-,-,6.820,-,987.480,994.300,0.69
2012,060074,Lazio,Frosinone,SORA,26241,Comune,243.440,83.620,915.520,386.540,64.920,32.680,166.820,122.390,92.280,3.800,-,-,-,-,2112.010,-,11899.960,14011.970,15.07
2012,060075,Lazio,Frosinone,STRANGOLAGALLI,2498,Comune,-,-,44.780,61.410,-,-,96.990,7.820,-,-,-,-,-,-,211.000,-,395.360,606.360,34.80
2012,060076,Lazio,Frosinone,SUPINO,4893,Comune,-,-,128.500,152.120,29.200,17.100,97.160,20.671,1.226,-,-,-,-,-,445.977,-,1047.040,1493.017,29.87
2012,060077,Lazio,Frosinone,TERELLE,461,Comune,-,-,2.662,3.096,0.000,0.336,1.350,-,0.003,-,-,-,0.600,-,8.047,-,141.456,149.503,5.38
2012,060078,Lazio,Frosinone,TORRE CAJETANI,1387,Comune,53.497,-,14.815,4.235,1.018,6.272,16.191,8.370,1.130,0.064,-,-,-,-,105.592,-,230.248,335.840,31.44
2012,060079,Lazio,Frosinone,TORRICE,4614,Comune,-,-,48.872,81.856,0.001,2.016,8.100,4.190,2.848,-,-,-,11.240,0.880,160.003,-,1478.556,1638.559,9.77
2012,060080,Lazio,Frosinone,TREVI NEL LAZIO,1854,Comune,-,-,13.620,10.913,0.001,1.184,9.279,-,0.011,-,-,-,11.840,-,46.847,3.760,1161.614,1212.221,3.87
2012,060081,Lazio,Frosinone,TRIVIGLIANO,1692,Comune,54.200,-,33.564,5.397,13.680,7.775,17.712,8.680,1.760,0.065,-,-,-,-,142.833,-,244.020,386.853,36.92
2012,060082,Lazio,Frosinone,VALLECORSA,2808,Comune,-,-,27.580,24.820,-,2.380,12.420,-,-,-,-,-,-,-,67.200,-,803.960,871.160,7.71
2012,060083,Lazio,Frosinone,VALLEMAIO,1001,Comune,-,0.080,4.920,4.383,-,2.922,21.915,3.976,-,-,-,-,2.220,-,40.416,-,135.400,175.816,22.99
2012,060084,Lazio,Frosinone,VALLEROTONDA,1661,Comune,-,-,-,-,-,-,-,-,-,-,-,-,29.460,-,29.460,-,627.020,656.480,4.49
2012,060085,Lazio,Frosinone,VEROLI,20755,Comune,286.920,-,378.687,453.532,0.009,17.088,68.657,30.075,0.153,0.770,-,-,-,0.500,1236.391,-,7344.736,8581.127,14.41
2012,060086,Lazio,Frosinone,VICALVI,805,Vedi aggregazione: Unione Comuni 'Val Comino',-,-,-,-,-,-,-,-,-,-,-,-,-,-,-,-,-,-,-
2012,060087,Lazio,Frosinone,VICO NEL LAZIO,2253,Comune,132.160,-,55.220,86.060,-,3.451,60.920,-,5.500,0.013,-,-,1.500,-,344.824,2.240,209.589,556.653,61.95
2012,060088,Lazio,Frosinone,VILLA LATINA,1281,Comune,-,-,13.465,11.554,-,-,3.450,-,-,-,-,-,-,-,28.469,-,419.000,447.469,6.36
2012,060089,Lazio,Frosinone,VILLA SANTA LUCIA,2639,Vedi aggregazione: UNIONE CINQUECITTA',-,-,-,-,-,-,-,-,-,-,-,-,-,-,-,-,-,-,-
2012,060090,Lazio,Frosinone,VILLA SANTO STEFANO,1702,Comune,-,-,8.605,13.514,0.001,1.467,5.893,-,0.013,0.008,-,-,2.240,-,31.741,-,563.211,594.952,5.34
2012,060091,Lazio,Frosinone,VITICUSO,371,Comune,-,-,-,3.600,-,-,0.440,-,-,-,-,-,3.300,-,7.340,-,134.120,141.460,5.19
2012,059001,Lazio,Latina,APRILIA,66958,Comune,295.830,511.940,1216.130,762.380,326.200,59.455,319.482,216.355,90.130,29.131,-,-,4.800,36.530,3868.363,408.780,34739.782,39016.925,9.92
2012,059002,Lazio,Latina,BASSIANO,1585,Comune,153.770,0.780,31.600,40.016,-,10.004,31.192,3.840,-,0.130,-,-,30.790,0.260,302.382,-,404.808,707.190,42.76
2012,059003,Lazio,Latina,CAMPODIMELE,639,Comune,68.400,-,13.400,37.800,-,2.200,25.900,2.100,-,-,-,-,14.000,2.400,166.200,-,73.000,239.200,69.48
2012,059004,Lazio,Latina,CASTELFORTE,4397,Comune,478.460,-,119.260,131.810,-,5.800,72.010,9.345,-,4.987,-,-,45.175,0.900,867.747,-,578.140,1445.887,60.02
2012,059005,Lazio,Latina,CISTERNA DI LATINA,35570,Comune,1494.320,2168.590,679.528,418.817,173.084,45.453,279.484,91.250,42.936,10.062,-,-,515.110,50.200,5968.833,-,12856.109,18824.942,31.71
2012,059006,Lazio,Latina,CORI,11064,Comune,909.260,149.480,132.270,255.070,49.700,22.620,172.720,-,0.400,-,-,-,119.360,4.960,1815.840,-,1802.500,3618.340,50.18
2012,059007,Lazio,Latina,FONDI,37202,Comune,-,638.850,1088.800,601.000,-,43.620,232.200,55.455,48.600,8.303,-,-,-,6.700,2723.528,308.010,20551.590,23583.128,11.55
2012,059008,Lazio,Latina,FORMIA,36292,Comune,2468.800,1130.380,1326.585,484.896,385.048,52.624,763.967,163.645,84.810,13.772,-,-,117.230,6.300,6998.057,-,13284.268,20282.325,34.50
2012,059009,Lazio,Latina,GAETA,20720,Comune,141.520,220.100,548.490,305.456,-,3.040,153.720,22.622,53.640,0.600,-,-,267.940,-,1717.128,-,12296.450,14013.578,12.25
2012,059010,Lazio,Latina,ITRI,10479,Comune,603.500,54.360,181.080,300.240,105.980,74.380,154.880,48.208,25.280,4.265,-,-,135.420,-,1687.593,-,1551.830,3239.423,52.10
2012,059011,Lazio,Latina,LATINA,117760,Comune,9421.500,2011.120,4002.515,2697.552,842.379,292.528,1009.474,373.435,2.151,47.398,-,-,219.230,78.690,20997.972,-,47232.351,68230.323,30.78
2012,059012,Lazio,Latina,LENOLA,4157,Comune,293.280,-,65.800,-,7.640,11.660,45.230,0.140,14.750,-,-,-,-,-,438.500,2.180,457.750,898.430,48.81
2012,059013,Lazio,Latina,MAENZA,3067,Comune,152.920,-,46.900,88.980,0.050,9.660,38.800,-,-,0.032,-,-,-,-,337.342,-,438.770,776.112,43.47
2012,059014,Lazio,Latina,MINTURNO,19469,Comune,135.780,119.790,401.130,214.810,-,-,218.090,44.220,-,1.160,-,-,213.280,3.100,1351.360,-,10415.490,11766.850,11.48
2012,059015,Lazio,Latina,MONTE SAN BIAGIO,6138,Comune,555.990,-,126.040,141.660,-,23.240,65.740,13.555,-,0.620,-,-,31.900,4.320,963.065,-,966.360,1929.425,49.92
2012,059016,Lazio,Latina,NORMA,4032,Comune,376.920,3.240,35.408,287.990,0.017,31.255,125.577,23.740,1.059,-,-,-,68.770,0.120,954.096,-,620.490,1574.586,60.59
2012,059017,Lazio,Latina,PONTINIA,13825,Comune,490.580,52.500,445.613,252.928,0.015,27.450,110.288,16.995,11.935,0.750,-,-,82.360,1.620,1493.033,-,5985.232,7478.265,19.97
2012,059018,Lazio,Latina,PONZA,3245,Comune,-,-,25.000,27.840,18.380,-,8.520,3.540,-,1.000,-,-,-,-,84.280,23.700,2260.240,2368.220,3.56
2012,059019,Lazio,Latina,PRIVERNO,13922,Comune,-,1.120,335.480,154.481,-,63.416,114.209,57.143,-,0.650,-,-,0.820,10.670,737.989,-,5473.930,6211.919,11.88
2012,059020,Lazio,Latina,PROSSEDI,1230,Comune,103.420,-,45.970,50.377,0.003,6.967,21.967,4.500,0.049,-,-,-,14.300,12.200,259.753,-,319.319,579.072,44.86
2012,059022,Lazio,Latina,ROCCA MASSIMA,1100,Comune,14.680,-,31.130,30.190,0.020,3.060,12.630,3.035,0.497,0.060,-,-,-,-,95.302,1.680,377.370,474.352,20.09
2012,059021,Lazio,Latina,ROCCAGORGA,4578,Comune,441.940,0.000,77.130,50.000,0.000,151.300,111.370,20.380,50.000,1.110,-,-,16.190,0.000,919.420,-,495.400,1414.820,64.99
2012,059023,Lazio,Latina,ROCCASECCA DEI VOLSCI,1127,Comune,48.160,-,14.401,22.199,0.001,2.409,9.680,1.765,0.022,-,-,-,10.000,2.970,111.608,-,245.612,357.220,31.24
2012,059024,Lazio,Latina,SABAUDIA,18827,Comune,2087.080,551.120,811.442,1133.059,0.022,41.053,179.183,26.015,0.367,1.820,-,-,177.590,9.080,5017.831,-,4530.693,9548.524,52.55
2012,059025,Lazio,Latina,SAN FELICE CIRCEO,8726,Comune,-,305.010,169.900,135.520,88.900,-,65.080,31.242,7.240,1.051,-,-,131.080,78.540,1013.563,-,9827.800,10841.363,9.35
2012,059026,Lazio,Latina,SANTI COSMA E DAMIANO,6889,Comune,728.520,-,220.740,195.690,0.000,17.980,134.130,12.230,3.155,2.763,-,-,63.815,0.000,1379.023,-,838.120,2217.143,62.20
2012,059027,Lazio,Latina,SERMONETA,9230,Comune,939.100,208.320,260.839,356.336,63.450,19.868,76.088,34.275,8.949,9.148,-,-,95.440,73.520,2145.333,-,1047.600,3192.932,67.19
2012,059028,Lazio,Latina,SEZZE,24196,Comune,777.820,70.400,329.600,336.380,-,31.050,76.640,24.963,-,0.640,-,-,257.550,13.660,1918.703,-,9795.135,11713.838,16.38
2012,059029,Lazio,Latina,SONNINO,7285,Comune,536.220,-,106.307,222.403,20.852,30.264,91.946,9.945,0.204,-,-,-,32.840,-,1050.983,-,1114.523,2165.506,48.53
2012,059030,Lazio,Latina,SPERLONGA,3326,Comune,-,145.120,63.169,301.699,47.417,13.173,66.597,7.940,8.228,4.658,-,-,-,0.600,658.600,-,2517.783,3176.383,20.73
2012,059031,Lazio,Latina,SPIGNO SATURNIA,2906,Comune,200.620,-,105.350,78.870,-,6.780,59.710,3.245,-,1.997,-,-,-,0.160,456.732,-,307.630,764.362,59.75
2012,059032,Lazio,Latina,TERRACINA,44254,Comune,947.360,235.360,955.598,427.035,0.011,23.098,83.885,89.005,14.736,5.876,-,-,693.880,7.020,3482.864,9.990,30826.965,34319.819,10.15
2012,059033,Lazio,Latina,VENTOTENE,692,Comune,94.860,3.920,87.920,92.760,4.280,11.950,33.900,16.320,-,3.080,-,-,-,5.440,354.430,333.240,982.549,1670.219,21.22
2012,057001,Lazio,Rieti,ACCUMOLI,654,Comune,-,-,-,-,-,-,-,-,-,-,-,-,-,-,-,-,392.180,392.180,-
2012,057002,Lazio,Rieti,AMATRICE,2635,Comune,-,-,-,-,-,-,-,5.400,-,1.060,-,-,-,1.780,8.240,29.020,1796.560,1833.820,0.45
2012,057003,Lazio,Rieti,ANTRODOCO,2709,Comune,-,-,151.160,-,-,-,-,3.180,-,-,-,-,-,-,154.340,11.480,1153.240,1319.060,11.70
2012,057004,Lazio,Rieti,ASCREA,264,Comune,0.000,0.000,0.000,0.000,0.000,0.000,0.000,-,0.000,0.000,-,-,-,0.000,0.000,-,116.200,116.200,0.00
2012,057005,Lazio,Rieti,BELMONTE IN SABINA,642,Comune,-,-,0.160,4.790,-,0.520,2.090,0.380,-,-,-,-,-,-,7.940,-,255.220,263.160,3.02
2012,057006,Lazio,Rieti,BORBONA,652,Comune,-,-,2.356,4.747,0.000,0.515,2.070,7.600,0.005,0.300,-,-,-,-,17.594,-,327.911,345.505,5.09
2012,057008,Lazio,Rieti,BORGO VELINO,989,Comune,-,-,0.692,1.659,0.000,0.137,0.719,0.580,0.001,-,-,-,2.180,-,5.967,-,500.434,506.401,1.18
2012,057007,Lazio,Rieti,BORGOROSE,4628,Comune,-,-,8.936,12.940,0.000,0.349,3.274,-,7.593,-,-,-,-,-,33.093,-,2342.191,2375.283,1.39
2012,057009,Lazio,Rieti,CANTALICE,2723,Comune,-,17.740,8.640,4.200,-,-,4.740,1.660,-,-,-,-,7.200,-,44.180,0.880,944.360,989.420,4.47
2012,057010,Lazio,Rieti,CANTALUPO IN SABINA,1730,Vedi aggregazione: Unione 'Bassa Sabina',-,-,-,-,-,-,-,-,-,-,-,-,-,-,-,-,-,-,-
2012,057011,Lazio,Rieti,CASAPROTA,722,Vedi aggregazione: Unione 'Alta Sabina',-,-,-,-,-,-,-,-,-,-,-,-,-,-,-,-,-,-,-
2012,057012,Lazio,Rieti,CASPERIA,1226,Vedi aggregazione: Unione 'Nova Sabina',-,-,-,-,-,-,-,-,-,-,-,-,-,-,-,-,-,-,-
2012,057013,Lazio,Rieti,CASTEL DI TORA,297,Comune,-,-,2.104,19.090,-,0.760,3.720,-,-,-,-,-,-,-,25.674,3.480,136.530,165.684,15.50
2012,057015,Lazio,Rieti,CASTEL SANT'ANGELO,1283,Comune,-,-,0.019,0.568,0.000,0.062,0.248,-,0.001,-,-,-,-,-,0.896,-,610.345,611.241,0.15
2012,057014,Lazio,Rieti,CASTELNUOVO DI FARFA,1048,Vedi aggregazione: Unione dei Comuni della Valle dell'Olio,-,-,-,-,-,-,-,-,-,-,-,-,-,-,-,-,-,-,-
2012,057016,Lazio,Rieti,CITTADUCALE,6884,Comune,-,87.820,29.075,32.290,33.160,-,5.360,10.600,-,-,-,-,-,0.160,198.465,-,3101.740,3300.205,6.01
2012,057017,Lazio,Rieti,CITTAREALE,469,Comune,-,-,0.840,1.300,-,-,0.660,0.280,-,-,-,-,-,-,3.080,-,289.780,292.860,1.05
2012,057018,Lazio,Rieti,COLLALTO SABINO,440,Comune,-,-,1.501,48.763,7.003,4.945,20.468,32.000,0.044,-,-,-,-,4.600,119.323,-,261.294,380.617,31.35
2012,057019,Lazio,Rieti,COLLE DI TORA,388,Comune,-,-,7.845,4.386,0.000,0.476,2.513,1.800,0.004,-,-,-,-,-,17.024,-,201.581,218.605,7.79
2012,057020,Lazio,Rieti,COLLEGIOVE,169,Comune,-,-,-,2.300,-,-,-,-,-,-,-,-,-,-,2.300,-,86.730,89.030,2.58
2012,057021,Lazio,Rieti,COLLEVECCHIO,1591,Comune,-,-,20.710,18.310,-,-,18.600,5.685,1.362,0.020,-,-,10.600,-,75.287,3.260,597.610,676.157,11.14
2012,057022,Lazio,Rieti,COLLI SUL VELINO,520,Comune,-,-,1.603,3.137,0.000,0.341,1.368,1.000,0.003,-,-,-,-,-,7.452,-,183.631,191.083,3.90
2012,057023,Lazio,Rieti,CONCERVIANO,311,Comune,-,-,2.920,-,-,-,-,-,-,-,-,-,-,-,2.920,-,141.000,143.920,2.03
2012,057024,Lazio,Rieti,CONFIGNI,670,Aggregazione: Comunita   Montana della Val d'Aia,-,-,1.060,2.600,-,-,-,-,-,-,-,-,-,-,3.660,9.700,700.000,713.360,0.51
2012,057025,Lazio,Rieti,CONTIGLIANO,3575,Comune,-,105.160,47.060,1.197,0.000,0.130,2.602,18.040,0.001,-,-,-,80.580,-,254.770,-,1472.772,1727.541,14.75
2012,057026,Lazio,Rieti,COTTANELLO,566,Vedi aggregazione: Comunita   Montana della Val d'Aia,-,-,-,-,-,-,-,-,-,-,-,-,-,-,-,-,-,-,-
2012,057027,Lazio,Rieti,FARA IN SABINA,12309,Comune,-,-,196.760,56.440,-,4.700,25.860,-,14.500,4.940,-,-,650.660,-,953.860,-,5674.690,6628.550,14.39
2012,057028,Lazio,Rieti,FIAMIGNANO,1445,Comune,-,-,-,-,-,-,-,-,-,-,-,-,-,-,-,-,709.760,709.760,-
2012,057029,Lazio,Rieti,FORANO,2924,Vedi aggregazione: Unione 'Bassa Sabina',-,-,-,-,-,-,-,-,-,-,-,-,-,-,-,-,-,-,-
2012,057030,Lazio,Rieti,FRASSO SABINO,684,Vedi aggregazione: Unione dei Comuni della Valle dell'Olio,-,-,-,-,-,-,-,-,-,-,-,-,-,-,-,-,-,-,-
2012,057031,Lazio,Rieti,GRECCIO,1509,Comune,-,-,9.700,17.200,-,-,6.740,-,-,-,-,-,-,-,33.640,-,737.100,770.740,4.37
2012,057032,Lazio,Rieti,LABRO,345,Comune,-,-,-,-,-,-,-,0.400,1.730,-,-,-,1.600,-,3.730,-,183.560,187.290,1.99
2012,057033,Lazio,Rieti,LEONESSA,2466,Comune,-,-,-,-,-,-,-,-,-,0.540,-,-,2.760,-,3.300,-,1390.140,1393.440,0.24
2012,057034,Lazio,Rieti,LONGONE SABINO,581,Comune,-,-,2.617,7.942,0.005,0.862,3.463,-,0.077,-,-,-,13.060,-,28.026,1.400,236.463,265.889,10.54
2012,057035,Lazio,Rieti,MAGLIANO SABINA,3799,Comune,179.706,-,199.140,114.900,33.560,38.100,78.100,12.600,-,1.390,-,-,27.940,1.810,687.246,-,1123.980,1811.226,37.94
2012,057036,Lazio,Rieti,MARCETELLI,95,Comune,-,-,0.560,0.500,0.500,1.000,0.500,-,0.500,-,-,-,-,-,3.560,-,36.880,40.440,8.80
2012,057037,Lazio,Rieti,MICIGLIANO,130,Comune,0.000,0.000,0.000,0.000,0.000,0.000,0.000,0.000,0.000,0.000,-,-,-,0.000,0.000,-,90.420,90.420,0.00
2012,057038,Lazio,Rieti,MOMPEO,538,Comune,-,-,6.230,7.920,-,0.220,5.020,-,-,0.060,-,-,-,-,19.450,25.200,166.110,210.760,9.23
2012,057039,Lazio,Rieti,MONTASOLA,407,Vedi aggregazione: Comunita   Montana della Val d'Aia,-,-,-,-,-,-,-,-,-,-,-,-,-,-,-,-,-,-,-
2012,057043,Lazio,Rieti,MONTE SAN GIOVANNI IN SABINA,744,Comune,-,-,5.220,2.880,-,-,2.780,2.880,-,0.100,-,-,-,0.650,14.510,-,287.020,301.530,4.81
2012,057040,Lazio,Rieti,MONTEBUONO,916,Vedi aggregazione: Unione 'Nova Sabina',-,-,-,-,-,-,-,-,-,-,-,-,-,-,-,-,-,-,-
2012,057041,Lazio,Rieti,MONTELEONE SABINO,1227,Aggregazione: Unione dei Comuni della Valle dell'Olio,1.313,-,51.108,80.659,-,3.746,28.836,3.420,-,0.080,-,-,8.415,0.540,178.117,-,2139.410,2317.527,7.69
2012,057042,Lazio,Rieti,MONTENERO SABINO,296,Comune,-,-,0.040,1.720,-,0.130,0.520,-,-,-,-,-,-,-,2.410,1.160,76.270,79.840,3.02
2012,057044,Lazio,Rieti,MONTOPOLI DI SABINA,4220,Vedi aggregazione: Unione 'Bassa Sabina',-,-,-,-,-,-,-,-,-,-,-,-,-,-,-,-,-,-,-
2012,057045,Lazio,Rieti,MORRO REATINO,348,Comune,-,-,3.540,10.720,-,-,1.740,-,-,-,-,-,-,0.140,16.140,5.020,145.820,166.980,9.67
2012,057046,Lazio,Rieti,NESPOLO,272,Comune,-,-,2.270,1.500,2.100,2.000,1.000,-,-,-,-,-,-,-,8.870,-,113.480,122.350,7.25
2012,057047,Lazio,Rieti,ORVINIO,449,Vedi aggregazione: Unione 'Alta Sabina',-,-,-,-,-,-,-,-,-,-,-,-,-,-,-,-,-,-,-
2012,057048,Lazio,Rieti,PAGANICO,173,Comune,-,-,1.276,2.460,0.000,0.245,1.381,-,0.002,-,-,-,-,-,5.365,-,80.335,85.699,6.26
2012,057049,Lazio,Rieti,PESCOROCCHIANO,2207,Comune,-,-,-,1.640,-,-,-,-,-,0.095,-,-,-,0.300,2.035,8.800,1016.460,1027.295,0.20
2012,057050,Lazio,Rieti,PETRELLA SALTO,1205,Comune,-,-,9.100,13.500,-,0.500,3.900,0.780,-,-,-,-,-,-,27.780,-,633.940,661.720,4.20
2012,057051,Lazio,Rieti,POGGIO BUSTONE,2116,Comune,-,-,3.380,-,-,-,1.820,-,-,-,-,-,3.180,-,8.380,23.520,769.340,801.240,1.05
2012,057052,Lazio,Rieti,POGGIO CATINO,1339,Vedi aggregazione: Unione 'Nova Sabina',-,-,-,-,-,-,-,-,-,-,-,-,-,-,-,-,-,-,-
2012,057053,Lazio,Rieti,POGGIO MIRTETO,5993,Aggregazione: Unione 'Bassa Sabina',-,-,142.898,58.020,0.001,2.132,8.547,-,0.019,-,-,-,-,-,211.617,19.160,8300.749,8531.525,2.48
2012,057054,Lazio,Rieti,POGGIO MOIANO,2803,Aggregazione: Unione 'Alta Sabina',-,-,83.289,18.488,0.001,2.007,8.062,-,0.018,-,-,-,-,-,111.865,-,3622.704,3734.569,3.00
2012,057055,Lazio,Rieti,POGGIO NATIVO,2469,Comune,-,-,5.160,8.170,-,-,3.360,1.600,1.410,-,-,-,-,0.600,20.300,50.840,1136.800,1207.940,1.68
2012,057056,Lazio,Rieti,POGGIO SAN LORENZO,578,Vedi aggregazione: Unione dei Comuni della Valle dell'Olio,-,-,-,-,-,-,-,-,-,-,-,-,-,-,-,-,-,-,-
2012,057057,Lazio,Rieti,POSTA,685,Comune,-,-,0.960,-,-,-,-,-,-,-,-,-,-,-,0.960,33.920,311.860,346.740,0.28
2012,057058,Lazio,Rieti,POZZAGLIA SABINA,368,Vedi aggregazione: Unione 'Alta Sabina',-,-,-,-,-,-,-,-,-,-,-,-,-,-,-,-,-,-,-
2012,057059,Lazio,Rieti,RIETI,46075,Comune,544.440,1096.560,995.940,562.020,299.190,89.720,142.620,271.030,-,8.550,-,-,209.160,12.120,4231.350,-,20117.000,24348.350,17.38
2012,057060,Lazio,Rieti,RIVODUTRI,1303,Comune,-,-,12.800,12.700,-,-,5.940,-,-,-,-,-,-,-,31.440,5.140,486.520,523.100,6.01
2012,057062,Lazio,Rieti,ROCCA SINIBALDA,848,Comune,-,-,8.548,6.306,0.000,0.684,5.250,3.012,0.006,-,-,-,-,-,23.806,-,424.833,448.639,5.31
2012,057061,Lazio,Rieti,ROCCANTICA,597,Vedi aggregazione: Unione 'Nova Sabina',-,-,-,-,-,-,-,-,-,-,-,-,-,-,-,-,-,-,-
2012,057063,Lazio,Rieti,SALISANO,559,Comune,-,-,4.820,11.290,-,-,4.100,-,-,-,-,-,13.200,-,33.410,-,165.420,198.830,16.80
2012,057064,Lazio,Rieti,SCANDRIGLIA,2922,Vedi aggregazione: Unione 'Alta Sabina',-,-,-,-,-,-,-,-,-,-,-,-,-,-,-,-,-,-,-
2012,057065,Lazio,Rieti,SELCI,1104,Aggregazione: Unione 'Nova Sabina',-,-,19.290,40.367,0.002,4.381,17.902,5.962,0.039,-,-,-,47.800,-,135.743,-,2436.891,2572.634,5.28
2012,057066,Lazio,Rieti,STIMIGLIANO,2270,Vedi aggregazione: Unione 'Bassa Sabina',-,-,-,-,-,-,-,-,-,-,-,-,-,-,-,-,-,-,-
2012,057067,Lazio,Rieti,TARANO,1430,Vedi aggregazione: Unione 'Bassa Sabina',-,-,-,-,-,-,-,-,-,-,-,-,-,-,-,-,-,-,-
2012,057068,Lazio,Rieti,TOFFIA,1006,Vedi aggregazione: Unione dei Comuni della Valle dell'Olio,-,-,-,-,-,-,-,-,-,-,-,-,-,-,-,-,-,-,-
2012,057070,Lazio,Rieti,TORRI IN SABINA,1244,Vedi aggregazione: Unione 'Nova Sabina',-,-,-,-,-,-,-,-,-,-,-,-,-,-,-,-,-,-,-
2012,057069,Lazio,Rieti,TORRICELLA IN SABINA,1407,Vedi aggregazione: Unione 'Alta Sabina',-,-,-,-,-,-,-,-,-,-,-,-,-,-,-,-,-,-,-
2012,057071,Lazio,Rieti,TURANIA,246,Comune,-,-,-,-,-,-,-,-,-,-,-,-,-,-,-,-,155.260,155.260,-
2012,057072,Lazio,Rieti,VACONE,264,Vedi aggregazione: Comunita   Montana della Val d'Aia,-,-,-,-,-,-,-,-,-,-,-,-,-,-,-,-,-,-,-
2012,057073,Lazio,Rieti,VARCO SABINO,209,Comune,-,-,-,-,-,-,-,-,-,-,-,-,-,-,-,-,112.800,112.800,-
2012,058001,Lazio,Roma,AFFILE,1551,Comune,-,-,3.330,11.179,4.700,1.731,2.402,-,3.014,0.210,-,-,-,-,26.565,13.080,521.450,561.095,4.74
2012,058002,Lazio,Roma,AGOSTA,1766,Comune,-,-,4.279,6.878,5.730,3.214,2.948,-,3.160,0.142,-,-,-,-,26.351,-,729.425,755.776,3.49
2012,058003,Lazio,Roma,ALBANO LAZIALE,38368,Comune,-,81.540,376.190,202.720,75.630,-,121.510,8.300,81.000,3.910,-,-,137.880,-,1088.680,-,21984.740,23073.420,4.72
2012,058004,Lazio,Roma,ALLUMIERE,4131,Comune,283.000,23.910,204.215,197.358,104.994,13.313,65.461,55.440,5.869,8.607,-,-,-,-,962.167,-,479.523,1441.690,66.74
2012,058005,Lazio,Roma,ANGUILLARA SABAZIA,18609,Comune,971.360,714.970,609.400,445.440,141.600,-,255.580,-,-,1.520,-,-,-,11.880,3151.750,177.660,4770.160,8099.570,38.91
2012,058006,Lazio,Roma,ANTICOLI CORRADO,946,Comune,-,-,29.309,25.092,7.060,3.061,16.075,-,4.824,0.171,-,-,-,-,85.592,-,252.418,338.010,25.32
2012,058007,Lazio,Roma,ANZIO,49790,Comune,462.850,2982.100,869.894,379.819,333.853,12.586,235.807,137.440,0.043,10.270,-,-,163.700,-,5588.360,-,35505.475,41093.835,13.60
2012,058008,Lazio,Roma,ARCINAZZO ROMANO,1375,Comune,-,-,4.602,11.290,4.300,1.701,4.469,3.030,2.987,0.511,-,-,-,-,32.891,99.060,679.529,811.480,4.05
2012,058117,Lazio,Roma,ARDEA,44609,Comune,2581.370,1064.820,425.640,359.440,-,37.840,249.760,17.543,45.240,2.588,-,-,-,0.780,4785.021,1554.570,22857.460,29197.051,16.39
2012,058009,Lazio,Roma,ARICCIA,18319,Comune,1929.600,903.770,819.120,221.380,216.495,83.780,96.530,46.615,28.330,9.181,-,-,-,-,4354.801,148.480,3351.130,7854.411,55.44
2012,058010,Lazio,Roma,ARSOLI,1650,Comune,-,-,52.102,42.030,12.580,6.095,26.303,-,7.025,-,-,-,-,-,146.136,-,429.536,575.671,25.39
2012,058011,Lazio,Roma,ARTENA,13670,Comune,-,-,181.185,92.736,0.005,10.064,160.587,-,0.090,0.330,-,-,-,-,444.997,-,6534.088,6979.085,6.38
2012,058012,Lazio,Roma,BELLEGRA,2952,Comune,-,-,4.747,6.121,-,1.541,2.127,-,2.153,0.161,-,-,-,-,16.851,-,1106.960,1123.811,1.50
2012,058013,Lazio,Roma,BRACCIANO,18546,Comune,815.505,189.905,792.400,804.990,241.105,186.655,411.650,126.260,43.505,11.925,-,-,200.500,70.260,3894.660,-,6332.360,10227.020,38.08
2012,058014,Lazio,Roma,CAMERATA NUOVA,453,Comune,-,-,13.348,2.531,-,1.158,1.397,-,-,-,-,-,-,-,18.434,-,242.980,261.414,7.05
2012,058015,Lazio,Roma,CAMPAGNANO DI ROMA,11130,Comune,496.040,20.680,249.362,171.565,123.950,46.839,241.700,32.331,0.166,2.190,-,-,381.500,8.840,1775.164,-,1558.043,3333.207,53.26
2012,058016,Lazio,Roma,CANALE MONTERANO,4062,Comune,203.600,59.300,110.010,187.030,47.950,71.260,64.600,16.540,16.220,5.270,-,-,3.800,1.980,787.560,-,574.840,1362.400,57.81
2012,058017,Lazio,Roma,CANTERANO,359,Comune,-,-,2.569,12.345,10.781,2.840,5.926,-,0.590,0.165,-,-,-,-,35.215,-,167.396,202.610,17.38
2012,058018,Lazio,Roma,CAPENA,9470,Comune,308.120,71.080,155.523,245.612,60.216,37.633,52.531,41.990,14.255,0.850,-,-,79.920,-,1067.730,15.600,4291.181,5374.511,19.87
2012,058019,Lazio,Roma,CAPRANICA PRENESTINA,327,Comune,-,-,6.114,4.076,0.000,0.442,3.358,-,0.004,-,-,-,-,-,13.995,-,225.829,239.824,5.84
2012,058020,Lazio,Roma,CARPINETO ROMANO,4642,Comune,16.378,-,38.814,31.074,0.002,3.372,36.900,-,0.030,0.030,-,-,-,-,126.599,-,1978.552,2105.151,6.01
2012,058021,Lazio,Roma,CASAPE,735,Comune,-,-,5.797,6.870,-,3.655,3.640,-,-,0.183,-,-,20.040,-,40.185,-,284.688,324.873,12.37
2012,058022,Lazio,Roma,CASTEL GANDOLFO,8769,Comune,-,-,36.000,77.090,-,2.690,20.910,-,20.815,0.392,-,-,-,-,157.897,-,6060.100,6217.997,2.54
2012,058023,Lazio,Roma,CASTEL MADAMA,7340,Comune,98.100,2.760,130.382,82.895,19.410,8.088,53.503,16.717,11.090,7.145,-,-,7.180,0.620,437.890,-,2573.780,3011.670,14.54
2012,058025,Lazio,Roma,CASTEL SAN PIETRO ROMANO,854,Comune,-,-,20.350,9.910,-,8.280,4.340,-,-,0.450,-,-,-,-,43.330,-,266.680,310.010,13.98
2012,058024,Lazio,Roma,CASTELNUOVO DI PORTO,8041,Comune,560.600,323.360,264.076,364.288,71.338,15.305,61.493,28.476,22.157,5.487,-,-,-,5.020,1721.599,-,531.954,2253.553,76.40
2012,058026,Lazio,Roma,CAVE,10441,Comune,984.890,54.420,369.480,148.980,50.810,31.040,60.070,24.946,6.646,1.920,-,-,-,-,1733.202,44.100,3049.030,4826.332,35.91
2012,058027,Lazio,Roma,CERRETO LAZIALE,1191,Comune,-,-,4.721,2.903,-,1.370,1.938,-,-,0.223,-,-,-,-,11.155,-,498.441,509.596,2.19
2012,058028,Lazio,Roma,CERVARA DI ROMA,474,Comune,-,-,3.550,2.900,-,1.550,2.224,-,-,0.134,-,-,-,-,10.358,-,237.860,248.218,4.17
2012,058029,Lazio,Roma,CERVETERI,35328,Comune,410.820,325.940,405.210,75.150,104.270,-,221.630,58.060,-,1.529,-,-,989.140,-,2591.749,119.500,18222.260,20933.509,12.38
2012,058118,Lazio,Roma,CIAMPINO,37180,Comune,3585.120,310.960,1865.762,1275.334,347.144,155.096,228.026,149.620,51.432,26.060,-,-,-,-,7994.553,239.780,6004.653,14238.986,56.15
2012,058030,Lazio,Roma,CICILIANO,1357,Comune,-,-,3.210,8.725,-,0.132,1.940,-,-,0.230,-,-,-,-,14.236,-,593.247,607.483,2.34
2012,058031,Lazio,Roma,CINETO ROMANO,644,Comune,-,-,13.360,20.170,4.930,2.720,9.356,-,-,0.061,-,-,-,-,50.597,-,293.347,343.944,14.71
2012,058032,Lazio,Roma,CIVITAVECCHIA,51261,Comune,241.860,24.760,106.930,527.620,162.050,92.340,232.310,54.010,5.220,7.589,-,-,-,-,1454.689,150.370,25438.180,27043.239,5.38
2012,058033,Lazio,Roma,CIVITELLA SAN PAOLO,1755,Vedi aggregazione: Unione dei Comuni Valle Del Tevere - Soratte,-,-,-,-,-,-,-,-,-,-,-,-,-,-,-,-,-,-,-
2012,058034,Lazio,Roma,COLLEFERRO,21538,Comune,-,64.440,793.790,251.323,0.015,27.275,391.429,-,22.095,1.120,-,-,0.240,-,1551.726,728.400,8873.053,11153.179,13.91
2012,058035,Lazio,Roma,COLONNA,4028,Comune,84.880,-,65.227,27.513,0.002,2.986,37.887,0.030,4.834,0.290,-,-,-,-,223.648,-,1666.218,1889.865,11.83
2012,058036,Lazio,Roma,FIANO ROMANO,13063,Comune,598.430,153.650,522.892,464.488,122.737,52.753,245.265,34.420,13.414,1.290,-,-,95.170,-,2304.507,9.700,2665.573,4979.781,46.28
2012,058037,Lazio,Roma,FILACCIANO,487,Vedi aggregazione: Unione dei Comuni Valle Del Tevere - Soratte,-,-,-,-,-,-,-,-,-,-,-,-,-,-,-,-,-,-,-
2012,058120,Lazio,Roma,FIUMICINO,67645,Comune,34.420,157.140,583.954,430.447,72.174,46.479,187.248,87.930,13.005,4.131,-,-,618.620,2.940,2238.488,-,48452.314,50690.802,4.42
2012,058122,Lazio,Roma,FONTE NUOVA,30599,Comune,-,-,450.520,174.600,63.480,36.600,111.740,1.380,-,1.520,-,-,-,28.020,867.860,-,14159.460,15027.320,5.78
2012,058038,Lazio,Roma,FORMELLO,11998,Comune,710.760,463.630,654.315,215.353,179.863,23.372,295.404,66.326,8.364,11.490,-,-,150.570,-,2779.445,-,2187.507,4966.952,55.96
2012,058039,Lazio,Roma,FRASCATI,20754,Comune,1401.350,115.740,697.915,270.890,0.016,58.829,406.351,-,49.821,1.389,-,-,-,-,3002.299,-,7894.146,10896.445,27.55
2012,058040,Lazio,Roma,GALLICANO NEL LAZIO,5755,Comune,252.100,19.760,145.850,100.428,27.023,8.449,33.776,-,1.881,0.330,-,-,-,-,589.596,-,2248.347,2837.944,20.78
2012,058041,Lazio,Roma,GAVIGNANO,1959,Comune,37.323,-,23.000,25.191,0.002,2.734,24.395,-,1.201,0.025,-,-,-,-,113.870,-,378.113,491.983,23.15
2012,058042,Lazio,Roma,GENAZZANO,5966,Comune,127.640,-,74.820,44.913,0.003,4.874,53.234,1.920,1.517,0.365,-,-,-,-,309.285,-,2749.069,3058.354,10.11
2012,058043,Lazio,Roma,GENZANO DI ROMA,23754,Comune,-,83.280,380.680,234.530,-,7.460,135.570,19.721,63.102,6.235,-,-,91.320,-,1021.898,-,12468.500,13490.398,7.58
2012,058044,Lazio,Roma,GERANO,1248,Comune,-,-,3.175,5.156,-,1.415,1.940,-,-,0.188,-,-,8.040,-,19.914,-,540.091,560.005,3.56
2012,058045,Lazio,Roma,GORGA,767,Comune,14.136,-,11.027,10.836,0.001,1.176,10.435,-,0.011,-,-,-,-,-,47.621,-,158.594,206.215,23.09
2012,058046,Lazio,Roma,GROTTAFERRATA,19132,Comune,1906.280,490.400,757.694,319.125,0.019,34.634,496.634,199.799,56.243,2.986,-,-,199.800,-,4463.613,-,4031.244,8494.857,52.55
2012,058047,Lazio,Roma,GUIDONIA MONTECELIO,81538,Comune,6306.535,-,2378.771,1766.880,-,-,1646.730,-,13.073,1.093,-,-,-,-,12113.082,-,14345.680,26458.762,45.78
2012,058048,Lazio,Roma,JENNE,395,Comune,-,-,1.402,2.213,-,-,1.122,-,-,0.173,-,-,-,-,4.910,25.060,199.438,229.408,2.14
2012,058049,Lazio,Roma,LABICO,6000,Comune,391.320,-,94.363,67.483,0.004,7.324,108.026,-,3.191,0.090,-,-,-,-,671.800,-,1530.325,2202.125,30.51
2012,058116,Lazio,Roma,LADISPOLI,37156,Comune,456.300,1498.855,590.950,271.170,209.320,10.830,84.660,23.055,15.540,4.030,-,-,-,-,3164.710,101.300,21768.600,25034.610,12.64
2012,058050,Lazio,Roma,LANUVIO,12982,Comune,-,63.280,263.140,204.080,61.340,3.800,61.800,22.130,13.540,0.550,-,-,142.600,3.620,839.880,-,4064.520,4904.400,17.13
2012,058115,Lazio,Roma,LARIANO,12926,Comune,1236.420,10.950,291.720,264.900,-,66.220,265.850,24.200,10.480,-,-,-,40.870,-,2211.610,-,1880.880,4092.490,54.04
2012,058051,Lazio,Roma,LICENZA,1009,Vedi aggregazione: UNIONE COMUNI VALLE USTICA,-,-,-,-,-,-,-,-,-,-,-,-,-,-,-,-,-,-,-
2012,058052,Lazio,Roma,MAGLIANO ROMANO,1471,Comune,-,-,6.900,29.520,-,0.330,6.200,-,-,0.190,-,-,-,-,43.140,48.800,672.260,764.200,5.65
2012,058053,Lazio,Roma,MANDELA,897,Vedi aggregazione: UNIONE COMUNI VALLE USTICA,-,-,-,-,-,-,-,-,-,-,-,-,-,-,-,-,-,-,-
2012,058054,Lazio,Roma,MANZIANA,7103,Comune,604.210,325.140,303.420,282.980,88.090,20.980,183.230,31.395,19.280,2.070,-,-,57.560,-,1918.355,-,928.100,2846.455,67.40
2012,058055,Lazio,Roma,MARANO EQUO,784,Comune,-,-,44.890,36.520,24.710,15.850,33.390,-,5.274,1.870,-,-,-,-,162.504,-,252.000,414.504,39.20
2012,058056,Lazio,Roma,MARCELLINA,6889,Comune,-,-,65.329,105.576,105.971,27.898,46.118,34.626,27.519,4.853,-,-,-,3.350,421.239,-,2998.853,3420.092,12.32
2012,058057,Lazio,Roma,MARINO,38358,Comune,-,417.860,1438.660,854.050,-,116.593,1227.577,29.937,97.460,3.465,-,-,905.800,-,5091.402,-,19415.599,24507.001,20.78
2012,058058,Lazio,Roma,MAZZANO ROMANO,3056,Comune,-,-,19.630,15.600,-,0.400,12.660,-,-,0.220,-,-,-,1.600,50.110,69.100,1717.600,1836.810,2.73
2012,058059,Lazio,Roma,MENTANA,20743,Comune,-,34.000,361.950,176.670,51.780,16.260,92.690,1.930,25.405,1.080,-,-,-,-,761.765,304.180,8825.670,9891.615,7.70
2012,058064,Lazio,Roma,MONTE PORZIO CATONE,8588,Comune,721.720,167.560,317.053,288.972,50.455,30.603,36.171,40.280,4.540,3.740,-,-,28.860,-,1689.954,-,1304.581,2994.535,56.44
2012,058060,Lazio,Roma,MONTECOMPATRI,11223,Comune,-,-,58.280,38.720,-,13.100,17.300,-,3.742,0.448,-,-,-,-,131.590,1.920,6244.560,6378.070,2.06
2012,058061,Lazio,Roma,MONTEFLAVIO,1404,Comune,-,-,3.934,5.830,-,2.131,2.514,-,-,0.219,-,-,-,-,14.628,-,666.653,681.281,2.15
2012,058062,Lazio,Roma,MONTELANICO,2152,Comune,96.520,-,32.837,36.337,0.002,3.944,37.725,-,0.635,0.005,-,-,-,-,208.004,-,294.558,502.562,41.39
2012,058063,Lazio,Roma,MONTELIBRETTI,5200,Comune,-,-,15.415,14.265,-,2.522,7.292,-,6.576,0.216,-,-,30.860,-,77.146,-,2863.460,2940.606,2.62
2012,058065,Lazio,Roma,MONTEROTONDO,39463,Comune,371.870,99.920,622.493,364.713,190.423,38.727,150.406,47.720,67.093,2.976,-,-,304.180,3.200,2263.720,-,16974.502,19238.222,11.77
2012,058066,Lazio,Roma,MONTORIO ROMANO,2033,Comune,-,-,6.804,9.627,4.040,2.151,4.111,3.620,-,0.192,-,-,-,0.400,30.945,-,929.365,960.310,3.22
2012,058067,Lazio,Roma,MORICONE,2682,Comune,-,-,63.195,35.699,0.000,0.558,25.971,1.520,0.005,1.370,-,-,-,0.350,128.669,-,875.563,1004.231,12.81
2012,058068,Lazio,Roma,MORLUPO,8107,Comune,149.500,6.780,111.570,109.320,7.200,2.060,47.560,2.790,14.600,1.130,-,-,-,-,452.510,221.140,3415.290,4088.940,11.07
2012,058069,Lazio,Roma,NAZZANO,1376,Vedi aggregazione: Unione dei Comuni Valle Del Tevere - Soratte,-,-,-,-,-,-,-,-,-,-,-,-,-,-,-,-,-,-,-
2012,058070,Lazio,Roma,NEMI,1962,Comune,-,7.130,21.517,16.595,0.001,1.801,19.346,-,1.834,-,-,-,-,-,68.223,-,1538.942,1607.165,4.25
2012,058071,Lazio,Roma,NEROLA,1817,Comune,-,-,5.073,9.206,-,2.814,1.982,0.840,-,0.222,-,-,-,1.440,21.577,14.920,803.581,840.078,2.57
2012,058072,Lazio,Roma,NETTUNO,45421,Comune,45.980,275.100,731.321,622.541,185.933,41.445,138.968,88.275,0.215,6.015,-,-,159.760,8.250,2303.803,-,25117.115,27420.918,8.40
2012,058073,Lazio,Roma,OLEVANO ROMANO,6733,Comune,334.940,-,242.044,92.405,0.005,30.559,138.433,-,4.966,-,-,-,-,-,843.352,-,1233.529,2076.881,40.61
2012,058074,Lazio,Roma,PALESTRINA,20542,Comune,1891.500,193.220,1063.850,581.580,68.165,30.960,467.360,83.330,-,1.090,-,-,79.900,-,4460.955,-,2895.640,7356.595,60.64
2012,058075,Lazio,Roma,PALOMBARA SABINA,12194,Comune,16.700,-,115.184,76.600,108.550,0.160,35.190,-,-,0.292,-,-,-,-,352.676,-,5766.343,6119.019,5.76
2012,058076,Lazio,Roma,PERCILE,277,Comune,-,-,-,3.500,-,-,-,-,-,-,-,-,-,-,3.500,-,39.729,43.229,8.10
2012,058077,Lazio,Roma,PISONIANO,809,Comune,-,-,7.060,5.570,-,6.560,3.520,1.240,-,0.123,-,-,-,-,24.073,-,336.861,360.934,6.67
2012,058078,Lazio,Roma,POLI,2436,Comune,-,-,-,6.900,-,-,-,-,-,0.009,-,-,-,-,6.909,-,1079.580,1086.489,0.64
2012,058079,Lazio,Roma,POMEZIA,56377,Comune,1708.740,50.340,1144.870,901.120,145.480,4.300,876.040,79.694,73.402,16.342,-,-,114.900,28.267,5143.495,748.420,28955.260,34847.175,14.76
2012,058080,Lazio,Roma,PONZANO ROMANO,1170,Comune,-,-,6.810,14.330,-,0.750,6.630,3.280,1.380,0.225,-,-,-,0.360,33.765,-,557.170,590.935,5.71
2012,058081,Lazio,Roma,RIANO,9526,Comune,237.560,50.980,169.144,174.966,33.858,21.322,163.248,21.850,6.911,2.378,-,-,70.140,9.400,961.757,-,2890.079,3851.837,24.97
2012,058082,Lazio,Roma,RIGNANO FLAMINIO,9616,Comune,-,19.280,51.090,65.990,3.470,0.840,30.260,7.300,-,0.460,-,-,48.820,-,227.510,-,4596.100,4823.610,4.72
2012,058083,Lazio,Roma,RIOFREDDO,756,Comune,-,-,21.255,17.955,5.850,2.874,11.052,-,5.365,0.252,-,-,-,-,64.604,-,204.198,268.801,24.03
2012,058084,Lazio,Roma,ROCCA CANTERANO,209,Comune,-,-,2.906,5.012,-,2.129,1.770,-,-,0.155,-,-,-,-,11.972,-,95.302,107.274,11.16
2012,058085,Lazio,Roma,ROCCA DI CAVE,388,Comune,-,-,18.780,6.650,-,6.800,5.220,-,-,0.153,-,-,-,-,37.603,-,212.400,250.003,15.04
2012,058086,Lazio,Roma,ROCCA DI PAPA,15600,Comune,580.860,335.880,218.372,230.740,4.915,36.744,282.589,-,15.869,0.595,-,-,223.660,-,1930.223,-,5213.946,7144.169,27.02
2012,058088,Lazio,Roma,ROCCA PRIORA,10812,Comune,-,-,70.740,51.700,-,16.160,19.380,-,16.402,0.228,-,-,-,-,174.610,138.540,6979.380,7292.530,2.39
2012,058089,Lazio,Roma,ROCCA SANTO STEFANO,1019,Comune,-,-,3.183,2.695,-,1.173,1.098,-,-,0.122,-,-,-,2.700,10.971,-,365.220,376.191,2.92
2012,058087,Lazio,Roma,ROCCAGIOVINE,284,Vedi aggregazione: UNIONE COMUNI VALLE USTICA,-,-,-,-,-,-,-,-,-,-,-,-,-,-,-,-,-,-,-
2012,058090,Lazio,Roma,ROIATE,744,Comune,-,-,2.652,2.477,-,1.391,1.098,-,-,0.144,-,-,-,-,7.761,25.180,278.820,311.761,2.49
2012,058091,Lazio,Roma,ROMA,2614263,Comune,45327.060,56597.049,206525.330,49994.110,12966.130,6506.945,22505.704,9916.349,4289.342,985.405,-,-,11424.720,212.485,427250.629,152.480,1312004.368,1739407.477,24.56
2012,058092,Lazio,Roma,ROVIANO,1386,Comune,-,-,31.327,32.467,10.260,4.391,16.734,-,2.858,-,-,-,-,-,98.038,-,357.071,455.109,21.54
2012,058093,Lazio,Roma,SACROFANO,6667,Comune,420.940,187.685,182.396,116.808,176.776,66.919,142.920,33.635,50.392,11.185,-,-,-,1.660,1391.316,-,972.087,2363.403,58.87
2012,058094,Lazio,Roma,SAMBUCI,940,Comune,-,-,2.212,2.766,-,1.111,1.265,-,-,0.090,-,-,6.540,-,13.984,-,418.187,432.171,3.24
2012,058119,Lazio,Roma,SAN CESAREO,13787,Comune,334.040,86.480,271.900,148.368,44.080,47.792,145.480,53.670,15.063,0.342,-,-,137.540,-,1284.755,-,7615.740,8900.495,14.44
2012,058095,Lazio,Roma,SAN GREGORIO DA SASSOLA,1545,Comune,-,-,7.620,9.022,-,2.895,3.459,-,-,0.165,-,-,-,-,23.161,-,522.157,545.318,4.25
2012,058096,Lazio,Roma,SAN POLO DEI CAVALIERI,2994,Comune,-,4.220,36.221,49.634,28.090,2.713,33.943,-,0.005,0.183,-,-,-,-,155.010,-,1091.758,1246.767,12.43
2012,058100,Lazio,Roma,SAN VITO ROMANO,3357,Comune,294.940,-,101.989,43.994,0.003,4.775,69.984,-,9.916,0.150,-,-,-,-,525.750,-,342.658,868.408,60.54
2012,058098,Lazio,Roma,SANT'ANGELO ROMANO,4518,Comune,-,-,70.890,84.990,0.030,4.930,24.790,-,-,0.403,-,-,-,-,186.033,-,1874.160,2060.193,9.03
2012,058099,Lazio,Roma,SANT'ORESTE,3693,Aggregazione: Unione dei Comuni Valle Del Tevere - Soratte,-,-,137.690,76.760,33.630,4.680,60.270,1.120,9.466,0.640,-,-,-,19.310,343.566,-,4162.800,4506.366,7.62
2012,058097,Lazio,Roma,SANTA MARINELLA,17455,Comune,444.730,2.760,251.860,236.250,166.580,5.320,180.020,41.085,50.040,0.670,-,-,-,-,1379.315,-,11582.860,12962.175,10.64
2012,058101,Lazio,Roma,SARACINESCO,184,Comune,-,-,2.031,3.772,-,-,1.401,-,-,0.096,-,-,7.980,-,15.280,-,74.196,89.476,17.08
2012,058102,Lazio,Roma,SEGNI,9101,Comune,53.983,-,55.170,59.784,0.004,6.488,57.459,-,8.057,0.235,-,-,-,-,241.179,-,3403.419,3644.598,6.62
2012,058103,Lazio,Roma,SUBIACO,9047,Comune,-,-,39.131,38.277,0.002,4.154,52.651,-,3.863,0.230,-,-,72.930,-,211.238,-,3986.878,4198.115,5.03
2012,058104,Lazio,Roma,TIVOLI,52922,Comune,-,106.780,1247.981,714.878,406.140,69.797,404.091,145.659,110.422,17.514,-,-,220.740,9.880,3453.880,-,27656.554,31110.435,11.10
2012,058105,Lazio,Roma,TOLFA,5148,Comune,-,-,29.620,34.040,-,1.580,12.020,-,-,3.911,-,-,-,-,81.171,-,2409.600,2490.771,3.26
2012,058106,Lazio,Roma,TORRITA TIBERINA,1075,Vedi aggregazione: Unione dei Comuni Valle Del Tevere - Soratte,-,-,-,-,-,-,-,-,-,-,-,-,-,-,-,-,-,-,-
2012,058107,Lazio,Roma,TREVIGNANO ROMANO,5255,Comune,511.950,166.910,265.210,249.324,57.150,56.506,109.038,40.520,17.200,5.330,-,-,74.620,-,1553.758,-,1202.852,2756.610,56.37
2012,058108,Lazio,Roma,VALLEPIETRA,303,Comune,-,-,3.340,4.293,-,1.466,0.583,-,-,0.132,-,-,-,-,9.815,5.580,84.760,100.155,9.80
2012,058109,Lazio,Roma,VALLINFREDA,314,Comune,-,-,2.674,72.185,2.224,7.004,28.359,-,0.062,-,-,-,-,-,112.507,-,87.149,199.656,56.35
2012,058110,Lazio,Roma,VALMONTONE,15003,Comune,74.320,-,91.488,53.953,0.003,5.855,63.436,-,10.077,0.220,-,-,-,-,299.352,-,9396.408,9695.761,3.09
2012,058111,Lazio,Roma,VELLETRI,52225,Comune,233.500,199.110,703.014,333.863,152.532,67.866,234.555,131.025,76.561,2.681,-,-,318.360,1.320,2454.387,-,26618.863,29073.250,8.44
2012,058112,Lazio,Roma,VICOVARO,3947,Aggregazione: UNIONE COMUNI VALLE USTICA,159.600,-,78.590,183.680,14.370,-,48.150,6.070,-,-,-,-,1.620,-,492.080,-,1946.520,2438.600,20.18
2012,058113,Lazio,Roma,VIVARO ROMANO,176,Comune,-,-,6.063,10.802,1.390,0.776,3.066,-,0.611,-,-,-,-,-,22.708,-,48.139,70.847,32.05
2012,058114,Lazio,Roma,ZAGAROLO,16930,Comune,1222.100,50.840,560.275,584.848,53.225,32.413,71.411,55.545,5.533,0.821,-,-,37.890,-,2674.901,17.440,2461.993,5154.333,51.90
2012,056001,Lazio,Viterbo,ACQUAPENDENTE,5652,Comune,590.740,81.120,177.493,254.356,68.960,106.318,100.604,55.540,16.961,1.650,-,-,100.850,-,1554.592,-,1168.849,2723.441,57.08
2012,056002,Lazio,Viterbo,ARLENA DI CASTRO,883,Comune,-,-,14.100,20.390,-,0.880,3.550,-,-,-,-,-,-,-,38.920,12.260,270.830,322.010,12.09
2012,056003,Lazio,Viterbo,BAGNOREGIO,3669,Comune,-,-,50.220,27.030,0.010,2.310,13.260,6.320,-,-,-,-,-,-,99.150,32.660,1309.730,1441.540,6.88
2012,056004,Lazio,Viterbo,BARBARANO ROMANO,1076,Comune,-,6.250,43.824,37.104,11.280,4.523,23.294,11.360,6.902,2.068,-,-,-,-,146.605,-,230.215,376.820,38.91
2012,056006,Lazio,Viterbo,BASSANO IN TEVERINA,1281,Comune,86.130,11.270,41.875,25.026,9.222,10.666,36.543,13.290,0.024,1.168,-,-,43.180,2.560,280.953,-,166.171,447.124,62.84
2012,056005,Lazio,Viterbo,BASSANO ROMANO,4828,Comune,-,-,40.280,36.660,-,-,5.980,10.685,-,1.170,-,-,-,-,94.775,115.100,1953.500,2163.375,4.38
2012,056007,Lazio,Viterbo,BLERA,3363,Comune,255.930,-,106.261,100.392,25.971,1.881,54.398,25.995,2.197,6.048,-,-,-,-,579.073,-,450.908,1029.981,56.22
2012,056008,Lazio,Viterbo,BOLSENA,4142,Comune,420.660,57.160,215.620,313.013,47.590,122.405,53.542,35.495,13.800,2.690,-,-,-,-,1281.975,-,1056.680,2338.655,54.82
2012,056009,Lazio,Viterbo,BOMARZO,1811,Comune,105.980,3.280,57.580,36.210,18.980,37.360,41.970,13.345,-,1.425,-,-,35.260,0.720,352.110,-,186.870,538.980,65.33
2012,056010,Lazio,Viterbo,CALCATA,909,Comune,49.390,-,31.537,18.726,0.001,2.932,27.185,-,0.018,-,-,-,11.520,-,141.309,-,60.610,201.919,69.98
2012,056011,Lazio,Viterbo,CANEPINA,3147,Comune,263.350,-,96.250,42.220,0.020,20.070,64.490,-,-,1.780,-,-,-,0.100,488.280,124.220,366.810,979.310,49.86
2012,056012,Lazio,Viterbo,CANINO,5273,Comune,-,5.930,87.195,86.910,29.650,36.155,50.780,24.785,12.900,3.080,-,-,-,-,337.385,-,2038.320,2375.705,14.20
2012,056013,Lazio,Viterbo,CAPODIMONTE,1730,Comune,-,113.600,17.644,25.924,8.382,2.813,11.304,-,11.025,0.230,-,-,-,-,190.922,-,1110.765,1301.687,14.67
2012,056014,Lazio,Viterbo,CAPRANICA,6645,Comune,-,86.770,74.357,93.500,-,-,62.420,8.750,-,0.366,-,-,18.770,-,344.933,301.780,2277.120,2923.833,11.80
2012,056015,Lazio,Viterbo,CAPRAROLA,5342,Comune,330.100,-,146.370,134.740,-,4.100,89.960,12.020,-,4.745,-,-,-,-,722.035,91.540,1695.710,2509.285,28.78
2012,056016,Lazio,Viterbo,CARBOGNANO,2052,Comune,165.560,-,53.200,90.290,0.220,3.680,45.840,1.340,-,0.018,-,-,-,0.720,360.868,9.260,288.970,659.098,54.75
2012,056017,Lazio,Viterbo,CASTEL SANT'ELIA,2562,Comune,-,-,64.002,102.820,-,1.200,49.240,4.100,-,-,-,-,48.880,-,270.242,-,560.540,830.782,32.53
2012,056018,Lazio,Viterbo,CASTIGLIONE IN TEVERINA,2403,Comune,163.660,11.070,86.800,-,-,24.380,140.880,17.130,-,0.420,-,-,-,-,444.340,-,193.850,638.190,69.63
2012,056019,Lazio,Viterbo,CELLENO,1345,Comune,-,-,2.556,5.640,0.000,0.612,2.459,2.310,0.006,0.196,-,-,-,-,13.779,-,562.743,576.522,2.39
2012,056020,Lazio,Viterbo,CELLERE,1228,Comune,-,-,15.490,11.210,0.010,1.220,4.890,4.090,-,0.157,-,-,-,0.420,37.487,41.740,395.580,474.807,7.90
2012,056021,Lazio,Viterbo,CIVITA CASTELLANA,15630,Comune,7.820,-,155.972,118.020,-,1.170,78.880,-,-,-,-,-,-,-,361.862,358.460,7357.743,8078.065,4.48
2012,056022,Lazio,Viterbo,CIVITELLA D'AGLIANO,1659,Comune,0.000,0.000,16.360,0.000,0.000,6.580,0.000,7.225,0.000,0.500,-,-,-,0.000,30.665,-,673.460,704.125,4.36
2012,056023,Lazio,Viterbo,CORCHIANO,3737,Comune,303.630,3.880,108.913,57.013,38.643,23.187,96.970,13.660,0.055,1.000,-,-,44.780,-,691.732,-,417.891,1109.623,62.34
2012,056024,Lazio,Viterbo,FABRICA DI ROMA,8120,Comune,532.397,-,252.990,145.790,0.080,20.630,238.855,25.610,-,5.015,-,-,-,-,1221.367,48.880,1077.930,2348.177,52.01
2012,056025,Lazio,Viterbo,FALERIA,2124,Comune,28.250,-,37.642,54.639,0.000,1.825,36.401,-,0.006,-,-,-,-,-,158.762,30.540,330.776,520.078,30.53
2012,056026,Lazio,Viterbo,FARNESE,1627,Comune,72.890,-,86.420,55.537,0.003,25.947,24.217,40.000,0.054,-,-,-,-,-,305.068,-,421.109,726.177,42.01
2012,056027,Lazio,Viterbo,GALLESE,3000,Comune,142.970,24.140,76.157,49.082,23.343,31.127,76.022,17.716,0.048,5.769,-,-,25.120,-,471.493,-,330.362,801.856,58.80
2012,056028,Lazio,Viterbo,GRADOLI,1479,Comune,-,-,38.918,37.266,0.002,13.814,16.250,-,4.636,0.080,-,-,-,-,110.965,-,523.303,634.268,17.50
2012,056029,Lazio,Viterbo,GRAFFIGNANO,2314,Comune,287.050,-,62.100,51.250,0.030,5.420,29.700,6.105,-,0.080,-,-,-,-,441.735,48.620,284.990,775.345,56.97
2012,056030,Lazio,Viterbo,GROTTE DI CASTRO,2769,Comune,-,-,78.172,146.471,0.003,39.273,47.303,18.310,8.356,0.869,-,-,-,-,338.756,59.780,980.002,1378.538,24.57
2012,056031,Lazio,Viterbo,ISCHIA DI CASTRO,2381,Comune,55.670,-,43.240,293.700,21.350,37.080,17.148,22.865,6.700,3.830,-,-,90.600,-,592.183,-,498.000,1090.183,54.32
2012,056032,Lazio,Viterbo,LATERA,927,Comune,-,-,8.300,8.870,-,-,5.620,3.800,-,-,-,-,-,-,26.590,39.480,363.960,430.030,6.18
2012,056033,Lazio,Viterbo,LUBRIANO,918,Comune,-,-,8.170,10.010,0.001,1.086,4.365,-,2.910,-,-,-,-,-,26.542,-,408.858,435.400,6.10
2012,056034,Lazio,Viterbo,MARTA,3516,Comune,-,-,75.510,87.250,45.580,20.910,35.240,19.790,-,1.080,-,-,-,-,285.360,156.540,1521.420,1963.320,14.54
2012,056035,Lazio,Viterbo,MONTALTO DI CASTRO,8767,Comune,496.640,527.190,336.150,282.200,82.000,55.340,164.330,73.260,11.900,2.410,-,-,23.560,5.890,2060.870,113.360,4398.440,6572.670,31.36
2012,056037,Lazio,Viterbo,MONTE ROMANO,2012,Comune,-,-,4.010,6.390,-,2.690,2.790,-,-,0.760,-,-,-,-,16.640,28.080,937.920,982.640,1.69
2012,056036,Lazio,Viterbo,MONTEFIASCONE,13394,Comune,-,-,405.500,178.260,170.430,100.880,184.630,72.985,-,5.335,-,-,-,10.920,1128.940,-,5369.920,6498.860,17.37
2012,056038,Lazio,Viterbo,MONTEROSI,3865,Comune,147.940,118.150,98.990,109.150,9.560,28.170,66.620,12.050,-,0.240,-,-,-,-,590.870,-,678.550,1269.420,46.55
2012,056039,Lazio,Viterbo,NEPI,9364,Comune,601.015,633.000,408.520,754.880,139.600,112.000,23.000,52.845,150.000,51.830,-,-,121.140,-,3047.830,-,1348.720,4396.550,69.32
2012,056040,Lazio,Viterbo,ONANO,1018,Comune,-,-,22.250,40.220,-,2.120,11.330,-,-,-,-,-,-,-,75.920,-,344.510,420.430,18.06
2012,056041,Lazio,Viterbo,ORIOLO ROMANO,3649,Comune,290.370,62.710,138.140,103.340,38.770,0.160,130.070,0.160,-,5.950,-,-,-,-,769.670,35.400,239.860,1044.930,73.66
2012,056042,Lazio,Viterbo,ORTE,8643,Comune,669.090,-,1.580,-,-,-,-,1.410,-,-,-,-,-,-,672.080,88.700,2034.260,2795.040,24.05
2012,056043,Lazio,Viterbo,PIANSANO,2149,Comune,37.300,-,71.650,30.072,-,28.678,22.554,11.735,-,0.050,-,-,74.480,-,276.519,-,511.776,788.295,35.08
2012,056044,Lazio,Viterbo,PROCENO,603,Comune,-,-,5.230,10.350,-,-,4.850,-,-,-,-,-,-,-,20.430,-,215.820,236.250,8.65
2012,056045,Lazio,Viterbo,RONCIGLIONE,8301,Comune,621.340,109.130,288.144,132.462,91.248,49.256,275.980,57.274,0.128,4.380,-,-,205.440,-,1834.782,-,1590.248,3425.030,53.57
2012,056047,Lazio,Viterbo,SAN LORENZO NUOVO,2151,Comune,-,-,83.760,50.636,-,40.979,37.977,16.845,8.400,0.248,-,-,8.500,-,247.345,-,703.478,950.823,26.01
2012,056048,Lazio,Viterbo,SORIANO NEL CIMINO,8530,Comune,647.030,31.920,252.487,138.015,97.941,69.318,204.821,53.770,0.306,10.466,-,-,170.580,10.840,1687.493,-,1097.212,2784.706,60.60
2012,056049,Lazio,Viterbo,SUTRI,6579,Comune,-,61.720,50.470,46.980,0.030,5.100,20.490,5.520,-,0.630,-,-,-,2.320,193.260,341.940,2976.260,3511.460,5.50
2012,056050,Lazio,Viterbo,TARQUINIA,15999,Comune,1224.640,464.890,704.585,521.630,263.880,-,398.710,156.810,29.500,36.370,-,-,-,9.760,3810.775,-,6216.540,10027.315,38.00
2012,056051,Lazio,Viterbo,TESSENNANO,348,Comune,-,-,6.920,4.060,-,0.440,1.770,-,-,-,-,-,-,-,13.190,-,110.850,124.040,10.63
2012,056052,Lazio,Viterbo,TUSCANIA,8129,Comune,-,-,96.529,77.510,180.850,55.780,17.620,43.472,12.700,5.400,-,-,-,4.430,494.291,-,3462.780,3957.071,12.49
2012,056053,Lazio,Viterbo,VALENTANO,2892,Comune,-,29.800,39.720,36.670,-,22.800,19.030,10.400,12.200,0.024,-,-,76.380,-,247.024,1.520,1412.860,1661.404,14.87
2012,056054,Lazio,Viterbo,VALLERANO,2610,Comune,276.860,-,52.390,40.320,0.020,8.495,55.480,-,-,0.310,-,-,-,-,433.875,68.160,472.920,974.955,44.50
2012,056055,Lazio,Viterbo,VASANELLO,4167,Comune,383.332,22.260,138.410,91.800,35.040,30.600,67.360,19.195,-,5.122,-,-,32.800,-,825.919,86.140,605.270,1517.329,54.43
2012,056056,Lazio,Viterbo,VEJANO,2300,Comune,-,-,18.507,48.736,1.331,2.296,20.065,3.940,0.021,0.060,-,-,-,-,94.956,-,945.976,1040.932,9.12
2012,056057,Lazio,Viterbo,VETRALLA,13490,Comune,-,32.500,253.771,184.600,57.770,74.515,135.470,38.410,20.800,5.573,-,-,-,-,803.409,-,6032.980,6836.389,11.75
2012,056058,Lazio,Viterbo,VIGNANELLO,4813,Comune,422.723,4.770,116.483,83.871,40.445,30.442,104.952,15.395,0.081,4.229,-,-,186.840,4.140,1014.371,-,662.612,1676.983,60.49
2012,056046,Lazio,Viterbo,VILLA SAN GIOVANNI IN TUSCIA,1315,Comune,-,-,36.210,37.900,9.550,0.030,24.840,2.160,-,0.679,-,-,-,-,111.369,4.680,142.168,258.217,43.13
2012,056059,Lazio,Viterbo,VITERBO,63090,Comune,1224.640,464.890,731.668,1343.662,263.928,89.213,757.154,156.810,30.297,36.370,-,-,-,12.280,5110.911,339.620,26512.854,31963.384,15.99
2012,056060,Lazio,Viterbo,VITORCHIANO,4954,Comune,263.020,-,96.510,78.650,3.490,31.240,95.450,-,-,-,-,-,-,2.080,570.440,52.380,1125.200,1748.020,32.63
2013,060001,Lazio,Frosinone,ACQUAFONDATA,267,Comune,-,-,-,-,-,-,-,-,-,0.019,-,-,-,-,0.019,-,121.840,121.859,0.02
2013,060002,Lazio,Frosinone,ACUTO,1927,Comune,108.840,-,41.112,30.521,0.030,2.902,34.094,-,2.356,0.140,-,-,-,-,219.996,27.160,467.908,715.064,30.77
2013,060003,Lazio,Frosinone,ALATRI,29262,Comune,1880.940,127.460,992.863,997.950,0.282,32.759,171.477,77.210,44.623,3.820,-,-,-,-,4329.385,204.960,2847.485,7381.830,58.65
2013,060004,Lazio,Frosinone,ALVITO,2798,Vedi aggregazione: Unione Comuni 'Val Comino',-,-,-,-,-,-,-,-,-,-,-,-,-,-,-,-,-,-,-
2013,060005,Lazio,Frosinone,AMASENO,4394,Comune,-,-,7.300,-,-,-,-,-,2.696,-,-,-,-,-,9.996,8.660,1523.500,1542.156,0.65
2013,060006,Lazio,Frosinone,ANAGNI,21474,Comune,1740.920,3.580,518.925,-,-,-,-,-,16.848,1.200,-,-,-,3.240,2284.713,170.350,2959.890,5414.953,42.19
2013,060007,Lazio,Frosinone,AQUINO,5384,Comune,53.080,-,-,-,-,-,-,-,1.337,-,-,-,-,-,54.417,-,2156.800,2211.217,2.46
2013,060008,Lazio,Frosinone,ARCE,5774,Comune,297.020,-,166.952,253.170,0.066,6.288,23.995,2.420,6.309,0.280,-,-,31.760,9.320,797.580,-,895.817,1693.397,47.10
2013,060009,Lazio,Frosinone,ARNARA,2363,Comune,-,23.640,28.898,38.180,3.100,-,48.912,19.993,-,-,-,-,-,-,162.723,10.140,304.928,477.791,34.06
2013,060010,Lazio,Frosinone,ARPINO,7356,Comune,679.590,-,135.966,38.928,0.003,6.091,108.356,7.818,1.361,0.580,-,-,-,7.040,985.733,7.960,1553.700,2547.393,38.70
2013,060011,Lazio,Frosinone,ATINA,4389,Comune,-,-,222.664,91.080,23.240,13.900,102.780,78.525,20.861,0.019,-,-,-,-,553.069,-,1956.450,2509.519,22.04
2013,060012,Lazio,Frosinone,AUSONIA,2668,Comune,-,-,13.818,16.620,0.017,1.580,6.031,-,3.052,-,-,-,-,-,41.118,1.080,861.640,903.838,4.55
2013,060013,Lazio,Frosinone,BELMONTE CASTELLO,764,Comune,-,-,-,-,-,-,-,0.850,-,-,-,-,-,-,0.850,-,194.210,195.060,0.44
2013,060014,Lazio,Frosinone,BOVILLE ERNICA,8957,Comune,349.200,-,147.782,277.073,0.076,7.308,29.306,13.230,0.711,100.000,-,-,-,1.560,926.246,15.940,1375.304,2317.490,39.97
2013,060015,Lazio,Frosinone,BROCCOSTELLA,2806,Comune,-,-,45.450,71.580,-,2.870,22.782,1.280,-,-,-,-,-,-,143.962,2.920,596.128,743.010,19.38
2013,060016,Lazio,Frosinone,CAMPOLI APPENNINO,1755,Comune,-,-,-,-,-,-,-,-,0.300,-,-,-,-,-,0.300,18.360,258.790,277.450,0.11
2013,060017,Lazio,Frosinone,CASALATTICO,605,Comune,-,-,8.310,14.310,-,1.010,5.160,1.570,-,-,-,-,-,-,30.360,0.470,108.498,139.328,21.79
2013,060018,Lazio,Frosinone,CASALVIERI,2797,Comune,-,-,-,-,-,-,-,0.150,-,0.100,-,-,-,-,0.250,2.090,1201.740,1204.080,0.02
2013,060019,Lazio,Frosinone,CASSINO,34994,Comune,2033.030,5.480,1408.590,695.230,5.120,77.750,275.710,22.490,48.789,1.560,-,-,-,-,4573.749,48.880,11902.860,16525.489,27.68
2013,060020,Lazio,Frosinone,CASTELLIRI,3500,Comune,162.040,-,69.289,87.819,0.027,2.579,10.240,3.910,2.007,0.005,-,-,-,0.100,338.015,5.220,706.921,1050.156,32.19
2013,060021,Lazio,Frosinone,CASTELNUOVO PARANO,879,Comune,-,-,4.380,7.320,-,-,2.100,-,-,0.001,-,-,-,-,13.801,3.680,312.540,330.021,4.18
2013,060023,Lazio,Frosinone,CASTRO DEI VOLSCI,4849,Comune,-,-,31.842,20.061,0.020,1.908,7.279,5.125,4.469,-,-,-,-,-,70.704,0.720,1850.508,1921.932,3.68
2013,060022,Lazio,Frosinone,CASTROCIELO,3953,Comune,-,-,101.155,132.740,-,5.680,99.320,2.600,3.313,-,-,-,-,-,344.808,8.740,782.260,1135.808,30.36
2013,060024,Lazio,Frosinone,CECCANO,23483,Comune,1611.980,-,719.520,763.140,74.780,82.669,663.743,71.134,72.383,0.169,-,-,-,7.430,4066.948,-,2436.700,6503.648,62.53
2013,060025,Lazio,Frosinone,CEPRANO,8893,Vedi aggregazione: Unione Comuni Antica Terra di Lavoro,-,-,-,-,-,-,-,-,-,-,-,-,-,-,-,-,-,-,-
2013,060026,Lazio,Frosinone,CERVARO,8069,Comune,364.500,-,-,-,-,-,-,-,12.602,0.084,-,-,-,5.070,382.256,10.640,1434.680,1827.576,20.92
2013,060027,Lazio,Frosinone,COLFELICE,1946,Comune,47.360,-,20.242,40.847,0.112,1.253,5.088,-,1.495,0.014,-,-,-,-,116.411,1.240,502.170,619.821,18.78
2013,060029,Lazio,Frosinone,COLLE SAN MAGNO,714,Comune,61.300,-,-,-,-,-,-,-,-,-,-,-,-,-,61.300,-,64.460,125.760,48.74
2013,060028,Lazio,Frosinone,COLLEPARDO,990,Comune,-,-,6.413,4.660,0.005,0.443,1.691,0.010,0.043,-,-,-,-,-,13.264,0.100,374.706,388.070,3.42
2013,060030,Lazio,Frosinone,CORENO AUSONIO,1647,Comune,-,0.080,9.093,17.678,0.018,1.681,6.414,4.560,5.177,0.009,-,-,-,-,44.709,6.440,407.733,458.882,9.74
2013,060031,Lazio,Frosinone,ESPERIA,3905,Comune,-,-,13.080,28.360,0.300,0.240,7.280,1.540,-,-,-,-,-,-,50.800,6.560,1186.940,1244.300,4.08
2013,060032,Lazio,Frosinone,FALVATERRA,566,Vedi aggregazione: Unione Comuni Antica Terra di Lavoro,-,-,-,-,-,-,-,-,-,-,-,-,-,-,-,-,-,-,-
2013,060033,Lazio,Frosinone,FERENTINO,21300,Comune,123.020,-,339.574,313.262,0.041,6.006,37.265,26.270,33.865,0.500,-,-,43.500,0.820,924.123,-,9252.286,10176.409,9.08
2013,060034,Lazio,Frosinone,FILETTINO,577,Comune,26.920,-,20.118,25.414,0.001,3.997,10.551,3.990,2.079,-,-,-,-,-,93.071,9.680,310.059,412.810,22.55
2013,060035,Lazio,Frosinone,FIUGGI,10426,Comune,207.800,-,166.659,98.903,0.098,9.404,92.186,8.280,27.764,0.075,-,-,-,-,611.170,114.580,5308.316,6034.066,10.13
2013,060036,Lazio,Frosinone,FONTANA LIRI,2997,Comune,216.800,-,58.290,68.840,-,-,50.810,2.100,-,-,-,-,-,-,396.840,22.010,323.200,742.050,53.48
2013,060037,Lazio,Frosinone,FONTECHIARI,1304,Comune,-,-,12.310,21.700,-,-,14.970,0.170,-,-,-,-,-,0.720,49.870,1.050,227.660,278.580,17.90
2013,060038,Lazio,Frosinone,FROSINONE,46677,Comune,489.780,779.740,1357.508,1000.000,-,33.570,238.700,83.135,47.579,4.711,-,-,-,0.980,4035.703,170.280,22713.080,26919.063,14.99
2013,060039,Lazio,Frosinone,FUMONE,2133,Comune,111.920,-,30.820,77.580,-,11.420,19.680,4.811,2.915,-,-,-,18.720,-,277.866,-,251.760,529.626,52.47
2013,060040,Lazio,Frosinone,GALLINARO,1255,Vedi aggregazione: Unione Comuni 'Val Comino',-,-,-,-,-,-,-,-,-,-,-,-,-,-,-,-,-,-,-
2013,060041,Lazio,Frosinone,GIULIANO DI ROMA,2398,Comune,79.210,-,53.008,94.801,0.028,2.643,10.088,6.227,4.280,0.073,-,-,-,2.580,252.938,5.120,540.125,798.183,31.69
2013,060042,Lazio,Frosinone,GUARCINO,1619,Comune,-,-,5.296,10.892,0.004,0.380,1.448,-,0.400,-,-,-,-,-,18.420,-,686.673,705.093,2.61
2013,060043,Lazio,Frosinone,ISOLA DEL LIRI,11912,Comune,44.680,-,155.042,164.161,0.071,6.838,28.752,17.340,1.973,-,-,-,22.800,-,441.658,-,5233.042,5674.700,7.78
2013,060044,Lazio,Frosinone,MONTE SAN GIOVANNI CAMPANO,12930,Comune,179.620,53.300,170.862,258.309,0.063,5.999,22.891,11.480,7.292,0.620,-,-,28.060,3.080,741.575,-,3917.893,4659.468,15.92
2013,060045,Lazio,Frosinone,MOROLO,3282,Comune,222.860,-,102.934,183.540,0.041,3.955,15.094,6.057,3.855,0.600,-,-,6.040,-,544.977,-,348.220,893.197,61.01
2013,060046,Lazio,Frosinone,PALIANO,8279,Comune,557.640,-,224.799,273.370,26.024,31.294,132.822,11.630,0.082,1.744,-,-,-,1.190,1260.596,68.000,1076.300,2404.896,52.42
2013,060047,Lazio,Frosinone,PASTENA,1496,Vedi aggregazione: Unione Comuni Antica Terra di Lavoro,-,-,-,-,-,-,-,-,-,-,-,-,-,-,-,-,-,-,-
2013,060048,Lazio,Frosinone,PATRICA,3183,Comune,92.400,-,79.500,78.580,-,8.240,31.400,6.554,-,-,-,-,-,-,296.674,11.920,780.360,1088.954,27.24
2013,060049,Lazio,Frosinone,PESCOSOLIDO,1568,Comune,-,-,15.150,29.520,-,0.200,23.150,4.618,0.457,-,-,-,-,-,73.095,25.000,242.108,340.203,21.49
2013,060050,Lazio,Frosinone,PICINISCO,1266,Comune,-,-,-,-,-,-,-,-,-,-,-,-,-,4.780,4.780,7.440,352.550,364.770,1.31
2013,060051,Lazio,Frosinone,PICO,2973,Comune,145.920,-,48.080,73.610,0.020,1.910,7.290,-,1.694,0.003,-,-,-,-,278.527,1.740,292.760,573.027,48.61
2013,060052,Lazio,Frosinone,PIEDIMONTE SAN GERMANO,6514,Comune,612.480,-,-,-,-,-,57.590,-,0.625,-,-,-,-,-,670.695,-,774.940,1445.635,46.39
2013,060053,Lazio,Frosinone,PIGLIO,4693,Comune,348.390,-,39.040,73.790,-,5.200,63.220,7.000,3.570,0.180,-,-,12.940,-,553.330,-,454.090,1007.420,54.93
2013,060054,Lazio,Frosinone,PIGNATARO INTERAMNA,2590,Comune,-,-,-,-,-,-,-,-,-,0.020,-,-,-,-,0.020,-,1077.780,1077.800,0.00
2013,060055,Lazio,Frosinone,POFI,4297,Comune,-,-,70.740,63.560,-,-,94.330,-,2.868,-,-,-,-,3.840,235.338,52.100,702.840,990.278,23.77
2013,060056,Lazio,Frosinone,PONTECORVO,13340,Comune,-,-,0.553,25.529,0.003,0.241,0.921,5.060,9.581,-,-,-,-,0.880,42.769,-,5196.019,5238.788,0.82
2013,060057,Lazio,Frosinone,POSTA FIBRENO,1168,Comune,61.180,-,21.870,32.570,-,-,30.560,2.500,1.934,2.015,-,-,-,-,152.629,3.620,237.480,393.729,38.77
2013,060058,Lazio,Frosinone,RIPI,5340,Comune,139.600,-,131.080,30.110,0.030,2.860,10.930,9.450,2.860,-,-,-,-,22.060,348.980,21.200,1060.310,1430.490,24.40
2013,060059,Lazio,Frosinone,ROCCA D'ARCE,955,Vedi aggregazione: Unione Comuni Antica Terra di Lavoro,-,-,-,-,-,-,-,-,-,-,-,-,-,-,-,-,-,-,-
2013,060060,Lazio,Frosinone,ROCCASECCA,7477,Comune,448.400,7.460,193.216,-,-,-,-,11.340,2.246,0.160,-,-,-,0.080,662.902,22.720,2395.140,3080.762,21.52
2013,060061,Lazio,Frosinone,SAN BIAGIO SARACINISCO,370,Comune,-,-,11.628,27.555,0.013,1.270,8.746,-,0.124,-,-,-,-,-,49.335,-,98.704,148.039,33.33
2013,060062,Lazio,Frosinone,SAN DONATO VAL DI COMINO,2109,Aggregazione: Unione Comuni 'Val Comino',374.350,-,132.470,264.849,1.680,2.523,65.770,28.089,4.282,0.065,-,-,-,0.410,874.488,3.118,1228.471,2106.077,41.52
2013,060063,Lazio,Frosinone,SAN GIORGIO A LIRI,3157,Comune,-,-,-,-,-,-,-,-,-,0.022,-,-,-,-,0.022,-,1731.900,1731.922,0.00
2013,060064,Lazio,Frosinone,SAN GIOVANNI INCARICO,3418,Aggregazione: Unione Comuni Antica Terra di Lavoro,713.020,-,275.638,392.972,0.210,22.704,98.768,12.463,24.243,0.029,-,-,58.900,-,1598.947,3.860,4364.618,5967.425,26.80
2013,060070,Lazio,Frosinone,SAN VITTORE DEL LAZIO,2650,Comune,-,-,-,-,-,-,-,-,2.425,0.012,-,-,-,-,2.437,-,1124.060,1126.497,0.22
2013,060065,Lazio,Frosinone,SANT'AMBROGIO SUL GARIGLIANO,981,Comune,-,-,3.751,27.976,0.003,1.693,9.113,1.480,0.027,-,-,-,-,-,44.043,2.240,171.117,217.400,20.26
2013,060066,Lazio,Frosinone,SANT'ANDREA DEL GARIGLIANO,1550,Comune,-,-,-,-,-,-,-,-,-,-,-,-,-,-,-,-,228.020,228.020,-
2013,060067,Lazio,Frosinone,SANT'APOLLINARE,1944,Comune,-,0.720,-,-,-,-,-,-,-,-,-,-,-,-,0.720,-,350.940,351.660,0.21
2013,060068,Lazio,Frosinone,SANT'ELIA FIUMERAPIDO,6289,Comune,-,-,79.800,146.300,-,-,73.980,-,-,0.120,-,-,-,-,300.200,77.060,1494.400,1871.660,16.04
2013,060069,Lazio,Frosinone,SANTOPADRE,1417,Comune,-,-,-,-,-,-,0.440,-,0.597,-,-,-,-,-,1.037,-,402.600,403.637,0.26
2013,060071,Lazio,Frosinone,SERRONE,3104,Comune,202.640,-,64.112,69.944,-,-,44.576,19.344,2.591,0.390,-,-,-,-,403.597,37.580,499.798,940.975,42.89
2013,060072,Lazio,Frosinone,SETTEFRATI,753,Vedi aggregazione: Unione Comuni 'Val Comino',-,-,-,-,-,-,-,-,-,-,-,-,-,-,-,-,-,-,-
2013,060073,Lazio,Frosinone,SGURGOLA,2666,Comune,-,-,12.560,13.870,-,-,0.470,0.560,2.146,-,-,-,-,-,29.606,10.220,764.300,804.126,3.68
2013,060074,Lazio,Frosinone,SORA,26334,Comune,244.700,100.660,841.280,375.620,107.270,34.560,166.000,121.428,107.717,4.050,-,-,-,-,2103.285,-,12046.120,14149.405,14.87
2013,060075,Lazio,Frosinone,STRANGOLAGALLI,2488,Comune,-,-,42.030,65.716,-,0.528,54.390,5.980,2.680,-,-,-,-,-,171.324,-,397.852,569.176,30.10
2013,060076,Lazio,Frosinone,SUPINO,4917,Comune,-,-,135.459,174.114,19.867,9.060,53.393,21.247,5.630,-,-,-,-,-,418.770,33.040,970.930,1422.740,29.43
2013,060077,Lazio,Frosinone,TERELLE,443,Comune,-,-,2.890,-,-,-,-,-,-,-,-,-,-,-,2.890,-,147.710,150.600,1.92
2013,060078,Lazio,Frosinone,TORRE CAJETANI,1415,Comune,53.497,-,14.815,4.235,1.018,6.272,16.191,8.370,1.130,0.076,-,-,-,-,105.604,-,200.000,305.604,34.56
2013,060079,Lazio,Frosinone,TORRICE,4828,Comune,-,-,77.820,160.710,0.030,3.140,11.980,-,3.973,-,-,-,-,-,257.653,109.380,1524.810,1891.843,13.62
2013,060080,Lazio,Frosinone,TREVI NEL LAZIO,1861,Comune,-,-,12.423,12.975,0.013,1.234,9.518,-,0.120,0.950,-,-,-,-,37.231,13.580,1097.669,1148.480,3.24
2013,060081,Lazio,Frosinone,TRIVIGLIANO,1698,Comune,54.200,-,33.564,5.397,13.680,7.775,17.712,8.680,1.760,0.080,-,-,-,-,142.848,-,240.000,382.848,37.31
2013,060082,Lazio,Frosinone,VALLECORSA,2726,Comune,-,-,23.679,37.925,0.004,0.945,5.880,-,0.041,-,-,-,-,-,68.473,-,758.827,827.300,8.28
2013,060083,Lazio,Frosinone,VALLEMAIO,974,Comune,-,-,11.440,4.759,-,1.606,25.382,0.783,0.650,-,-,-,-,-,44.621,1.000,137.092,182.713,24.42
2013,060084,Lazio,Frosinone,VALLEROTONDA,1624,Comune,-,-,-,-,-,-,-,-,-,-,-,-,-,-,-,-,641.040,641.040,-
2013,060085,Lazio,Frosinone,VEROLI,20788,Comune,815.720,-,477.368,700.697,0.212,20.276,77.372,51.685,1.973,0.900,-,-,38.060,-,2184.263,-,4658.905,6843.168,31.92
2013,060086,Lazio,Frosinone,VICALVI,803,Vedi aggregazione: Unione Comuni 'Val Comino',-,-,-,-,-,-,-,-,-,-,-,-,-,-,-,-,-,-,-
2013,060087,Lazio,Frosinone,VICO NEL LAZIO,2278,Comune,142.482,-,52.027,113.416,0.035,5.877,12.825,-,7.727,0.170,-,-,4.500,-,339.059,-,183.106,522.165,64.93
2013,060088,Lazio,Frosinone,VILLA LATINA,1272,Comune,-,-,-,-,-,-,-,2.940,-,0.030,-,-,-,-,2.970,1.280,442.540,446.790,0.67
2013,060089,Lazio,Frosinone,VILLA SANTA LUCIA,2662,Comune,276.640,-,0.340,1.910,0.000,0.180,0.690,-,0.020,0.028,-,-,-,-,279.808,-,381.120,660.928,42.34
2013,060090,Lazio,Frosinone,VILLA SANTO STEFANO,1722,Comune,-,-,7.873,5.581,0.006,0.531,2.025,-,0.052,0.015,-,-,-,-,16.082,-,569.871,585.953,2.75
2013,060091,Lazio,Frosinone,VITICUSO,360,Comune,-,-,-,-,-,-,-,-,-,-,-,-,-,-,-,-,138.740,138.740,-
2013,059001,Lazio,Latina,APRILIA,71597,Comune,725.060,605.250,1462.448,891.744,341.698,65.342,333.377,181.688,89.221,37.584,-,-,476.740,14.080,5224.233,-,33783.577,39007.810,13.39
2013,059002,Lazio,Latina,BASSIANO,1643,Comune,92.100,-,46.833,40.444,0.040,3.846,14.675,3.620,0.374,0.220,-,-,-,-,202.152,24.720,274.068,500.940,40.36
2013,059003,Lazio,Latina,CAMPODIMELE,657,Comune,64.480,-,16.880,36.780,-,1.540,18.480,0.020,-,0.085,-,-,-,1.780,140.045,8.260,83.280,231.585,60.47
2013,059004,Lazio,Latina,CASTELFORTE,4463,Comune,594.780,-,135.910,131.380,-,8.890,97.370,8.687,-,2.444,-,-,-,-,979.461,21.873,414.350,1415.684,69.19
2013,059005,Lazio,Latina,CISTERNA DI LATINA,36319,Comune,1471.460,2511.100,787.476,386.074,173.494,36.710,231.754,94.690,55.172,9.310,-,-,-,7.760,5764.999,674.640,12707.631,19147.270,30.11
2013,059006,Lazio,Latina,CORI,11133,Comune,1213.720,-,284.980,122.280,41.470,10.950,200.780,25.110,12.900,-,-,-,-,-,1912.190,92.600,1702.200,3706.990,51.58
2013,059007,Lazio,Latina,FONDI,39253,Comune,-,459.610,1093.790,593.680,113.510,38.500,253.160,116.450,-,4.532,-,-,-,7.020,2680.252,195.230,21228.690,24104.172,11.12
2013,059008,Lazio,Latina,FORMIA,38121,Comune,2645.680,1239.240,1615.365,558.755,316.655,84.124,649.030,145.386,56.069,5.101,-,-,-,6.140,7321.545,198.650,12748.423,20268.618,36.12
2013,059009,Lazio,Latina,GAETA,21090,Comune,255.660,562.740,571.600,334.340,0.800,17.330,173.880,35.693,31.540,1.220,-,-,-,0.220,1985.023,368.760,11739.340,14093.123,14.09
2013,059010,Lazio,Latina,ITRI,10658,Comune,624.300,67.770,251.740,311.300,87.620,79.070,162.010,50.029,12.020,3.648,-,-,-,9.780,1659.287,107.920,1580.600,3347.807,49.56
2013,059011,Lazio,Latina,LATINA,125375,Comune,9386.420,2373.340,3891.610,3076.808,955.250,220.055,791.515,324.770,-,59.140,-,-,-,38.880,21117.788,253.070,49721.252,71092.110,29.71
2013,059012,Lazio,Latina,LENOLA,4200,Comune,306.000,-,73.930,-,29.280,-,-,4.075,8.920,-,-,-,-,-,422.205,26.600,465.700,914.505,46.17
2013,059013,Lazio,Latina,MAENZA,3109,Comune,287.960,-,43.850,0.660,0.000,0.060,0.240,-,0.010,0.072,-,-,-,-,332.852,4.260,547.530,884.642,37.63
2013,059014,Lazio,Latina,MINTURNO,19772,Comune,16.360,95.200,555.000,222.520,-,-,122.060,28.055,-,2.675,-,-,-,14.880,1056.750,325.510,11118.740,12501.000,8.45
2013,059015,Lazio,Latina,MONTE SAN BIAGIO,6254,Comune,537.740,-,159.314,149.479,24.303,31.215,133.677,13.130,4.603,-,-,-,-,6.180,1059.640,56.760,763.660,1880.060,56.36
2013,059016,Lazio,Latina,NORMA,4078,Comune,410.620,-,75.514,232.153,0.231,22.074,84.235,7.021,2.148,0.450,-,-,-,1.220,835.666,38.220,162.035,1035.921,80.67
2013,059017,Lazio,Latina,PONTINIA,14839,Comune,477.700,112.060,491.894,249.471,0.248,23.721,90.519,14.775,18.038,1.880,-,-,-,-,1480.305,92.120,5825.970,7398.395,20.01
2013,059018,Lazio,Latina,PONZA,3313,Comune,-,-,3.280,-,-,-,-,20.180,-,1.200,-,-,-,-,24.660,197.100,2139.430,2361.190,1.04
2013,059019,Lazio,Latina,PRIVERNO,14243,Comune,-,4.200,407.580,146.860,15.970,44.047,128.853,57.620,-,0.453,-,-,-,7.680,813.263,54.590,5417.810,6285.663,12.94
2013,059020,Lazio,Latina,PROSSEDI,1247,Comune,82.540,-,52.311,48.808,0.049,4.641,17.710,-,0.452,-,-,-,-,-,206.510,-,331.550,538.060,38.38
2013,059022,Lazio,Latina,ROCCA MASSIMA,1112,Comune,118.260,-,33.440,25.936,-,6.496,32.432,3.860,1.020,0.420,-,-,6.480,-,228.344,-,135.866,364.210,62.70
2013,059021,Lazio,Latina,ROCCAGORGA,4570,Comune,422.920,0.000,48.450,40.000,17.640,50.340,90.910,10.765,32.000,0.266,-,-,-,0.000,713.291,17.150,565.270,1295.711,55.05
2013,059023,Lazio,Latina,ROCCASECCA DEI VOLSCI,1155,Comune,-,-,19.745,21.475,0.021,2.042,7.792,1.390,1.209,-,-,-,-,-,53.674,11.860,260.846,326.380,16.45
2013,059024,Lazio,Latina,SABAUDIA,20252,Comune,2325.300,301.080,934.600,789.590,28.600,-,-,-,-,3.378,-,-,-,0.060,4382.608,170.730,4146.290,8699.628,50.38
2013,059025,Lazio,Latina,SAN FELICE CIRCEO,9857,Comune,-,255.530,117.528,123.384,78.025,2.415,9.214,18.720,3.920,-,-,-,-,-,608.735,136.760,9508.940,10254.435,5.94
2013,059026,Lazio,Latina,SANTI COSMA E DAMIANO,6961,Comune,778.210,0.000,421.344,389.160,0.000,12.100,277.902,15.725,3.472,4.453,-,-,-,0.000,1902.366,43.720,909.364,2855.450,66.62
2013,059027,Lazio,Latina,SERMONETA,9652,Comune,942.100,163.220,308.872,312.168,65.812,16.429,62.695,23.020,15.189,5.190,-,-,-,38.640,1953.334,103.280,1110.486,3167.100,61.68
2013,059028,Lazio,Latina,SEZZE,24806,Comune,581.480,106.360,294.490,276.931,-,23.784,77.679,22.117,12.070,0.430,-,-,-,4.880,1400.221,197.510,10542.636,12140.367,11.53
2013,059029,Lazio,Latina,SONNINO,7428,Comune,517.620,-,110.538,183.569,20.626,21.533,60.649,11.940,1.546,-,-,-,-,-,928.022,39.120,1166.108,2133.250,43.50
2013,059030,Lazio,Latina,SPERLONGA,3418,Comune,-,134.750,44.030,309.063,27.358,13.157,64.768,4.950,10.390,2.092,-,-,-,-,610.557,9.020,2529.915,3149.492,19.39
2013,059031,Lazio,Latina,SPIGNO SATURNIA,2921,Comune,220.780,-,82.110,151.160,-,9.250,64.450,6.590,2.400,2.311,-,-,-,-,539.051,20.650,351.990,911.691,59.13
2013,059032,Lazio,Latina,TERRACINA,45422,Comune,964.780,17.940,864.271,377.844,0.134,12.820,48.920,108.955,13.135,2.860,-,-,-,10.300,2421.960,371.500,29691.843,32485.303,7.46
2013,059033,Lazio,Latina,VENTOTENE,746,Comune,51.080,0.700,54.939,19.466,4.798,1.744,19.657,6.840,0.170,0.860,-,-,-,1.540,161.794,89.000,370.566,621.360,26.04
2013,057001,Lazio,Rieti,ACCUMOLI,693,Comune,-,-,-,-,-,-,-,-,-,-,-,-,-,-,-,-,396.620,396.620,-
2013,057002,Lazio,Rieti,AMATRICE,2706,Comune,-,-,-,-,-,1.600,-,-,-,-,-,-,-,0.540,2.140,19.600,1741.440,1763.180,0.12
2013,057003,Lazio,Rieti,ANTRODOCO,2688,Comune,-,-,-,-,-,-,-,-,0.800,-,-,-,-,-,0.800,9.600,1145.580,1155.980,0.07
2013,057004,Lazio,Rieti,ASCREA,260,Comune,-,-,-,-,-,-,-,-,-,-,-,-,-,-,-,-,114.040,114.040,-
2013,057005,Lazio,Rieti,BELMONTE IN SABINA,653,Comune,-,-,-,-,-,-,-,-,-,-,-,-,-,-,-,18.920,241.660,260.580,-
2013,057006,Lazio,Rieti,BORBONA,635,Comune,-,-,0.811,0.409,0.000,0.039,0.149,1.500,0.084,0.020,-,-,-,0.300,3.312,12.920,275.908,292.140,1.13
2013,057008,Lazio,Rieti,BORGO VELINO,982,Comune,-,-,-,-,-,-,-,1.640,-,-,-,-,-,-,1.640,6.520,504.980,513.140,0.32
2013,057007,Lazio,Rieti,BORGOROSE,4657,Comune,170.900,-,100.387,150.226,4.685,0.494,59.395,10.160,3.828,-,-,-,0.440,-,500.515,-,1404.966,1905.481,26.27
2013,057009,Lazio,Rieti,CANTALICE,2771,Comune,-,3.500,12.940,13.840,-,-,7.380,1.160,-,-,-,-,17.160,-,55.980,-,976.440,1032.420,5.42
2013,057010,Lazio,Rieti,CANTALUPO IN SABINA,1729,Vedi aggregazione: Unione 'Bassa Sabina',-,-,-,-,-,-,-,-,-,-,-,-,-,-,-,-,-,-,-
2013,057011,Lazio,Rieti,CASAPROTA,771,Comune,-,-,9.140,2.170,0.000,0.210,0.790,-,0.020,-,-,-,-,-,12.330,-,373.430,385.760,3.20
2013,057012,Lazio,Rieti,CASPERIA,1260,Aggregazione: Unione 'Nova Sabina',-,-,127.770,-,-,7.500,85.990,3.330,-,-,-,-,-,-,224.590,-,3227.780,3452.370,6.51
2013,057013,Lazio,Rieti,CASTEL DI TORA,296,Comune,-,-,1.475,3.280,-,-,0.550,-,-,-,-,-,-,-,5.305,22.608,133.830,161.743,3.28
2013,057015,Lazio,Rieti,CASTEL SANT'ANGELO,1324,Comune,-,-,-,-,-,-,-,3.640,-,-,-,-,19.820,-,23.460,-,603.000,626.460,3.75
2013,057014,Lazio,Rieti,CASTELNUOVO DI FARFA,1052,Vedi aggregazione: Unione dei Comuni della Valle dell'Olio,-,-,-,-,-,-,-,-,-,-,-,-,-,-,-,-,-,-,-
2013,057016,Lazio,Rieti,CITTADUCALE,6913,Comune,-,120.420,30.780,0.280,27.880,3.100,-,13.020,-,-,-,-,37.520,1.020,234.020,-,3149.500,3383.520,6.92
2013,057017,Lazio,Rieti,CITTAREALE,491,Comune,-,-,-,1.712,-,-,0.960,1.100,-,-,-,-,14.220,0.840,18.832,-,284.168,303.000,6.22
2013,057018,Lazio,Rieti,COLLALTO SABINO,462,Comune,-,-,0.320,-,0.200,-,0.440,0.700,-,-,-,-,-,0.050,1.710,2.000,239.820,243.530,0.70
2013,057019,Lazio,Rieti,COLLE DI TORA,385,Comune,-,-,1.475,-,-,-,0.550,-,-,-,-,-,-,-,2.025,5.640,163.990,171.655,1.18
2013,057020,Lazio,Rieti,COLLEGIOVE,164,Comune,-,-,-,0.880,-,-,-,-,-,-,-,-,-,-,0.880,-,84.520,85.400,1.03
2013,057021,Lazio,Rieti,COLLEVECCHIO,1631,Comune,-,-,22.520,5.628,-,2.412,21.222,7.660,1.148,-,-,-,-,-,60.590,25.680,589.848,676.118,8.96
2013,057022,Lazio,Rieti,COLLI SUL VELINO,541,Comune,-,-,2.277,3.022,0.003,0.287,1.096,-,0.028,-,-,-,-,-,6.714,12.740,183.736,203.190,3.30
2013,057023,Lazio,Rieti,CONCERVIANO,309,Comune,-,-,-,-,-,-,-,-,-,-,-,-,0.760,-,0.760,-,135.080,135.840,0.56
2013,057024,Lazio,Rieti,CONFIGNI,644,Aggregazione: Comunita   Montana della Val d'Aia,-,-,1.060,1.200,-,-,-,-,-,-,-,-,-,73.340,75.600,-,630.000,705.600,10.71
2013,057025,Lazio,Rieti,CONTIGLIANO,3718,Comune,112.760,65.920,120.960,95.480,8.460,1.220,69.460,15.320,1.010,1.440,-,-,-,-,492.030,46.720,485.900,1024.650,48.02
2013,057026,Lazio,Rieti,COTTANELLO,568,Vedi aggregazione: Comunita   Montana della Val d'Aia,-,-,-,-,-,-,-,-,-,-,-,-,-,-,-,-,-,-,-
2013,057027,Lazio,Rieti,FARA IN SABINA,13576,Comune,-,-,171.382,118.059,0.013,13.335,22.489,-,21.402,1.380,-,-,-,-,348.060,274.570,5761.380,6384.010,5.45
2013,057028,Lazio,Rieti,FIAMIGNANO,1413,Comune,-,-,-,-,-,-,-,-,-,-,-,-,-,-,-,-,682.160,682.160,-
2013,057029,Lazio,Rieti,FORANO,3179,Vedi aggregazione: Unione 'Bassa Sabina',-,-,-,-,-,-,-,-,-,-,-,-,-,-,-,-,-,-,-
2013,057030,Lazio,Rieti,FRASSO SABINO,739,Aggregazione: Unione dei Comuni della Valle dell'Olio,388.981,-,46.496,68.819,-,6.617,21.721,0.055,1.015,0.300,-,-,-,-,534.004,7.354,685.034,1226.392,43.54
2013,057031,Lazio,Rieti,GRECCIO,1571,Comune,-,-,15.280,11.100,-,-,6.440,-,-,-,-,-,-,-,32.820,4.840,789.500,827.160,3.97
2013,057032,Lazio,Rieti,LABRO,384,Comune,-,-,-,2.800,-,-,-,-,-,-,-,-,-,-,2.800,2.340,176.920,182.060,1.54
2013,057033,Lazio,Rieti,LEONESSA,2493,Comune,-,-,-,-,-,-,-,-,1.510,0.060,-,-,-,-,1.570,-,1366.930,1368.500,0.12
2013,057034,Lazio,Rieti,LONGONE SABINO,607,Comune,-,-,-,-,-,-,-,0.400,-,-,-,-,1.900,-,2.300,-,227.400,229.700,1.00
2013,057035,Lazio,Rieti,MAGLIANO SABINA,3860,Comune,200.050,-,161.030,107.070,18.490,28.230,92.560,15.875,19.425,2.135,-,-,-,2.760,647.625,31.760,781.940,1461.325,44.32
2013,057036,Lazio,Rieti,MARCETELLI,78,Comune,-,-,-,-,-,-,-,-,-,-,-,-,3.440,-,3.440,-,31.980,35.420,9.71
2013,057037,Lazio,Rieti,MICIGLIANO,122,Comune,-,-,-,-,-,-,-,-,-,-,-,-,7.680,-,7.680,-,105.920,113.600,6.76
2013,057038,Lazio,Rieti,MOMPEO,544,Comune,-,-,5.200,-,-,-,3.260,-,-,-,-,-,-,-,8.460,25.960,125.420,159.840,5.29
2013,057039,Lazio,Rieti,MONTASOLA,415,Vedi aggregazione: Comunita   Montana della Val d'Aia,-,-,-,-,-,-,-,-,-,-,-,-,-,-,-,-,-,-,-
2013,057043,Lazio,Rieti,MONTE SAN GIOVANNI IN SABINA,736,Comune,-,-,4.660,-,-,-,3.660,3.710,-,-,-,-,62.720,0.350,75.100,-,288.060,363.160,20.68
2013,057040,Lazio,Rieti,MONTEBUONO,896,Vedi aggregazione: Unione 'Nova Sabina',-,-,-,-,-,-,-,-,-,-,-,-,-,-,-,-,-,-,-
2013,057041,Lazio,Rieti,MONTELEONE SABINO,1237,Vedi aggregazione: Unione dei Comuni della Valle dell'Olio,-,-,-,-,-,-,-,-,-,-,-,-,-,-,-,-,-,-,-
2013,057042,Lazio,Rieti,MONTENERO SABINO,295,Comune,-,-,-,0.840,-,-,-,-,-,0.300,-,-,-,0.660,1.800,1.200,57.360,60.360,2.98
2013,057044,Lazio,Rieti,MONTOPOLI DI SABINA,4279,Vedi aggregazione: Unione 'Bassa Sabina',-,-,-,-,-,-,-,-,-,-,-,-,-,-,-,-,-,-,-
2013,057045,Lazio,Rieti,MORRO REATINO,356,Comune,-,-,3.940,2.000,-,-,1.600,-,-,-,-,-,-,-,7.540,2.900,145.720,156.160,4.83
2013,057046,Lazio,Rieti,NESPOLO,268,Comune,-,-,0.400,0.880,6.300,8.280,0.800,-,1.032,-,-,-,-,-,17.692,-,118.938,136.630,12.95
2013,057047,Lazio,Rieti,ORVINIO,445,Comune,-,-,7.380,1.760,0.000,0.170,0.640,-,0.020,-,-,-,-,-,9.970,-,342.460,352.430,2.83
2013,057048,Lazio,Rieti,PAGANICO,178,Comune,-,-,3.240,9.420,-,-,0.150,-,-,-,-,-,-,-,12.810,3.540,82.190,98.540,13.00
2013,057049,Lazio,Rieti,PESCOROCCHIANO,2180,Comune,-,-,-,-,-,-,-,-,-,0.023,-,-,-,0.200,0.223,35.300,1020.700,1056.223,0.02
2013,057050,Lazio,Rieti,PETRELLA SALTO,1220,Comune,-,-,5.000,6.320,-,-,1.580,-,-,-,-,-,-,-,12.900,12.000,627.000,651.900,1.98
2013,057051,Lazio,Rieti,POGGIO BUSTONE,2097,Comune,-,-,5.660,-,-,-,3.300,-,-,-,-,-,-,-,8.960,6.920,790.040,805.920,1.11
2013,057052,Lazio,Rieti,POGGIO CATINO,1367,Vedi aggregazione: Unione 'Nova Sabina',-,-,-,-,-,-,-,-,-,-,-,-,-,-,-,-,-,-,-
2013,057053,Lazio,Rieti,POGGIO MIRTETO,6196,Aggregazione: Unione 'Bassa Sabina',-,-,110.670,40.930,0.040,3.890,21.570,-,0.720,3.850,-,-,243.200,-,424.870,-,7818.970,8243.840,5.15
2013,057054,Lazio,Rieti,POGGIO MOIANO,2807,Comune,-,-,29.260,6.970,0.010,0.660,2.530,-,0.060,-,-,-,-,-,39.490,-,1395.440,1434.930,2.75
2013,057055,Lazio,Rieti,POGGIO NATIVO,2571,Comune,-,-,5.960,2.880,-,-,3.440,-,-,0.200,-,-,-,0.260,12.740,66.220,1124.760,1203.720,1.06
2013,057056,Lazio,Rieti,POGGIO SAN LORENZO,565,Vedi aggregazione: Unione dei Comuni della Valle dell'Olio,-,-,-,-,-,-,-,-,-,-,-,-,-,-,-,-,-,-,-
2013,057057,Lazio,Rieti,POSTA,715,Comune,-,-,-,-,-,-,-,-,0.800,-,-,-,-,0.300,1.100,20.000,365.520,386.620,0.29
2013,057058,Lazio,Rieti,POZZAGLIA SABINA,377,Vedi aggregazione:,-,-,-,-,-,-,-,-,-,-,-,-,-,-,-,-,-,-,-
2013,057059,Lazio,Rieti,RIETI,47912,Comune,531.920,1431.000,1019.500,140.920,496.680,109.400,101.080,4.930,0.940,11.564,-,-,-,10.640,3858.574,188.940,20716.588,24764.102,15.58
2013,057060,Lazio,Rieti,RIVODUTRI,1269,Comune,-,-,11.000,-,-,-,6.020,-,-,-,-,-,-,-,17.020,5.820,512.920,535.760,3.18
2013,057062,Lazio,Rieti,ROCCA SINIBALDA,851,Comune,-,-,7.560,8.200,-,-,1.760,0.828,-,-,-,-,32.020,-,50.368,-,416.660,467.028,10.79
2013,057061,Lazio,Rieti,ROCCANTICA,594,Vedi aggregazione: Unione 'Nova Sabina',-,-,-,-,-,-,-,-,-,-,-,-,-,-,-,-,-,-,-
2013,057063,Lazio,Rieti,SALISANO,568,Comune,-,-,7.400,12.000,-,-,3.220,3.600,-,-,-,-,-,-,26.220,12.540,171.620,210.380,12.46
2013,057064,Lazio,Rieti,SCANDRIGLIA,3096,Comune,-,-,37.470,8.930,0.010,0.850,3.240,-,0.080,-,-,-,-,-,50.580,-,1391.800,1442.380,3.51
2013,057065,Lazio,Rieti,SELCI,1120,Vedi aggregazione: Unione 'Nova Sabina',-,-,-,-,-,-,-,-,-,-,-,-,-,-,-,-,-,-,-
2013,057066,Lazio,Rieti,STIMIGLIANO,2324,Vedi aggregazione: Unione 'Bassa Sabina',-,-,-,-,-,-,-,-,-,-,-,-,-,-,-,-,-,-,-
2013,057067,Lazio,Rieti,TARANO,1463,Vedi aggregazione: Unione 'Bassa Sabina',-,-,-,-,-,-,-,-,-,-,-,-,-,-,-,-,-,-,-
2013,057068,Lazio,Rieti,TOFFIA,1063,Vedi aggregazione: Unione dei Comuni della Valle dell'Olio,-,-,-,-,-,-,-,-,-,-,-,-,-,-,-,-,-,-,-
2013,057070,Lazio,Rieti,TORRI IN SABINA,1266,Vedi aggregazione: Unione 'Nova Sabina',-,-,-,-,-,-,-,-,-,-,-,-,-,-,-,-,-,-,-
2013,057069,Lazio,Rieti,TORRICELLA IN SABINA,1382,Vedi aggregazione:,-,-,-,-,-,-,-,-,-,-,-,-,-,-,-,-,-,-,-
2013,057071,Lazio,Rieti,TURANIA,235,Comune,-,-,-,-,-,-,-,-,-,-,-,-,-,-,-,-,161.720,161.720,-
2013,057072,Lazio,Rieti,VACONE,255,Vedi aggregazione: Comunita   Montana della Val d'Aia,-,-,-,-,-,-,-,-,-,-,-,-,-,-,-,-,-,-,-
2013,057073,Lazio,Rieti,VARCO SABINO,203,Comune,-,-,-,-,-,-,-,-,-,-,-,-,-,-,-,23.680,112.560,136.240,-
2013,058001,Lazio,Roma,AFFILE,1584,Comune,-,-,17.698,20.280,-,-,9.030,-,-,0.014,-,-,-,-,47.022,6.760,471.225,525.007,8.96
2013,058002,Lazio,Roma,AGOSTA,1763,Comune,66.990,-,18.472,30.263,16.302,9.339,23.177,-,10.053,-,-,-,19.480,-,194.076,-,299.509,493.585,39.32
2013,058003,Lazio,Roma,ALBANO LAZIALE,40872,Comune,311.960,130.520,471.883,243.799,0.056,17.332,217.420,46.019,74.753,5.326,-,-,-,0.220,1519.288,187.660,21004.417,22711.365,6.69
2013,058004,Lazio,Roma,ALLUMIERE,4105,Comune,279.400,64.465,194.159,162.804,95.222,42.145,30.052,54.520,10.581,11.369,-,-,-,-,944.719,35.800,432.192,1412.711,66.87
2013,058005,Lazio,Roma,ANGUILLARA SABAZIA,19062,Comune,1495.480,1543.520,664.572,502.238,258.202,0.192,525.132,-,34.919,3.650,-,-,-,9.980,5037.884,242.720,3468.346,8748.950,57.58
2013,058006,Lazio,Roma,ANTICOLI CORRADO,927,Comune,-,-,32.607,28.423,2.001,4.474,17.366,-,3.446,0.007,-,-,-,-,88.324,-,233.135,321.459,27.48
2013,058007,Lazio,Roma,ANZIO,53557,Comune,1849.000,3341.000,1138.579,660.135,394.072,7.629,134.174,151.160,0.667,8.200,-,-,-,-,7684.616,208.000,33320.514,41213.130,18.65
2013,058008,Lazio,Roma,ARCINAZZO ROMANO,1363,Comune,-,-,14.724,35.000,14.860,-,7.270,4.440,5.980,0.007,-,-,-,-,82.281,79.060,664.887,826.228,9.96
2013,058117,Lazio,Roma,ARDEA,48305,Comune,1537.340,-,122.160,370.060,-,27.020,-,17.718,43.500,2.074,-,-,-,-,2119.872,3.100,21075.890,23198.862,9.14
2013,058009,Lazio,Roma,ARICCIA,19532,Comune,1938.300,861.640,856.680,207.420,212.550,74.890,75.260,60.920,15.882,14.359,-,-,-,70.740,4388.641,148.180,3413.120,7949.941,55.20
2013,058010,Lazio,Roma,ARSOLI,1638,Comune,-,-,93.100,112.360,48.180,16.917,34.568,-,7.779,0.040,-,-,-,-,312.944,-,429.885,742.829,42.13
2013,058011,Lazio,Roma,ARTENA,14214,Comune,-,-,120.985,80.996,0.080,7.701,141.149,-,0.749,0.482,-,-,247.020,-,599.163,-,6641.379,7240.542,8.28
2013,058012,Lazio,Roma,BELLEGRA,2932,Comune,-,-,4.747,6.121,-,1.541,2.127,-,1.311,0.014,-,-,-,-,15.861,5.750,1079.860,1101.471,1.44
2013,058013,Lazio,Roma,BRACCIANO,19445,Comune,990.000,189.905,839.810,704.910,241.375,136.985,510.300,126.260,83.465,7.572,-,-,200.500,0.006,4031.088,-,6211.230,10242.318,39.36
2013,058014,Lazio,Roma,CAMERATA NUOVA,451,Comune,-,-,16.939,5.134,-,2.745,2.597,-,-,-,-,-,-,-,27.415,-,250.510,277.925,9.86
2013,058015,Lazio,Roma,CAMPAGNANO DI ROMA,11493,Comune,454.040,24.320,322.100,193.667,237.762,44.678,264.650,26.480,1.604,6.370,-,-,-,5.960,1581.631,214.220,1578.039,3373.890,46.88
2013,058016,Lazio,Roma,CANALE MONTERANO,4202,Comune,195.930,82.340,106.561,184.803,57.023,42.462,83.699,21.440,43.427,6.030,-,-,-,1.860,825.576,-,594.944,1420.520,58.12
2013,058017,Lazio,Roma,CANTERANO,365,Comune,11.500,-,1.801,7.732,5.924,1.557,3.182,-,1.049,-,-,-,-,-,32.746,-,114.574,147.320,22.23
2013,058018,Lazio,Roma,CAPENA,10318,Comune,955.560,175.375,316.520,517.260,69.115,32.930,117.622,45.753,15.160,1.317,-,-,-,-,2246.612,120.940,1561.188,3928.740,57.18
2013,058019,Lazio,Roma,CAPRANICA PRENESTINA,347,Comune,-,-,5.290,3.920,0.000,0.370,2.710,-,0.040,-,-,-,-,-,12.330,-,215.560,227.890,5.41
2013,058020,Lazio,Roma,CARPINETO ROMANO,4596,Comune,17.422,-,44.248,31.468,0.031,2.992,31.810,-,8.581,0.130,-,-,28.445,-,165.128,-,1837.778,2002.906,8.24
2013,058021,Lazio,Roma,CASAPE,780,Comune,18.623,-,5.369,4.912,4.581,2.457,2.843,1.500,1.029,0.038,-,-,14.660,-,56.011,-,209.505,265.516,21.10
2013,058022,Lazio,Roma,CASTEL GANDOLFO,8952,Comune,-,-,26.130,56.800,-,-,-,-,16.450,0.047,-,-,-,-,99.427,-,5948.560,6047.987,1.64
2013,058023,Lazio,Roma,CASTEL MADAMA,7493,Comune,485.680,13.500,258.652,191.704,48.934,40.868,146.010,40.083,13.819,5.805,-,-,-,3.710,1248.766,110.380,702.141,2061.287,60.58
2013,058025,Lazio,Roma,CASTEL SAN PIETRO ROMANO,850,Comune,-,-,6.200,-,-,-,3.700,-,0.770,-,-,-,-,-,10.670,-,326.200,336.870,3.17
2013,058024,Lazio,Roma,CASTELNUOVO DI PORTO,8581,Comune,724.420,354.680,307.609,427.051,55.038,15.076,57.529,31.055,38.907,3.695,-,-,-,3.680,2018.739,-,570.831,2589.570,77.96
2013,058026,Lazio,Roma,CAVE,11129,Comune,2126.560,97.360,650.620,125.950,68.340,39.380,45.700,22.170,21.729,2.556,-,-,-,67.880,3268.245,40.240,2523.410,5831.895,56.04
2013,058027,Lazio,Roma,CERRETO LAZIALE,1158,Comune,-,-,4.383,4.670,-,0.040,1.130,-,-,0.029,-,-,11.720,-,21.972,-,498.000,519.972,4.23
2013,058028,Lazio,Roma,CERVARA DI ROMA,476,Comune,0.000,0.000,32.660,13.355,12.230,3.840,16.460,-,2.020,0.000,-,-,-,0.150,80.715,0.000,132.766,213.481,37.81
2013,058029,Lazio,Roma,CERVETERI,37230,Comune,410.380,268.080,437.400,238.324,123.716,19.662,315.200,51.460,1.913,0.827,-,-,724.560,-,2591.522,-,18533.925,21125.447,12.27
2013,058118,Lazio,Roma,CIAMPINO,38145,Comune,3630.560,538.920,2157.380,401.040,692.230,237.290,180.590,103.415,107.530,37.050,-,-,-,-,8086.005,56.660,6244.830,14387.495,56.20
2013,058030,Lazio,Roma,CICILIANO,1353,Comune,-,-,0.893,2.036,-,-,0.123,-,-,0.015,-,-,-,-,3.067,-,601.842,604.909,0.51
2013,058031,Lazio,Roma,CINETO ROMANO,616,Comune,-,-,23.925,31.335,6.370,3.716,14.905,-,1.182,-,-,-,-,-,81.433,-,164.175,245.608,33.16
2013,058032,Lazio,Roma,CIVITAVECCHIA,52911,Comune,666.336,107.570,1120.840,681.520,293.650,40.970,368.979,21.070,104.370,10.191,-,-,-,-,3415.496,78.320,24938.820,28432.636,12.01
2013,058033,Lazio,Roma,CIVITELLA SAN PAOLO,2039,Comune,-,-,8.310,11.500,-,-,-,-,1.930,0.379,-,-,-,-,22.119,-,693.460,715.579,3.09
2013,058034,Lazio,Roma,COLLEFERRO,21768,Comune,-,82.980,839.937,243.407,0.242,23.144,372.699,12.895,36.893,1.232,-,-,865.840,-,2479.269,-,8685.669,11164.938,22.21
2013,058035,Lazio,Roma,COLONNA,4214,Comune,84.440,-,95.799,29.985,0.030,2.851,60.340,0.020,5.841,0.755,-,-,40.830,-,320.891,-,1460.748,1781.639,18.01
2013,058036,Lazio,Roma,FIANO ROMANO,14919,Comune,782.320,106.184,488.096,514.951,152.119,38.493,65.533,24.149,23.765,0.365,-,-,-,-,2195.976,118.240,3431.176,5745.392,38.22
2013,058037,Lazio,Roma,FILACCIANO,482,Comune,-,-,5.270,8.490,-,-,-,-,-,0.430,-,-,-,-,14.190,-,69.000,83.190,17.06
2013,058120,Lazio,Roma,FIUMICINO,74855,Comune,1658.810,550.460,1304.753,1343.169,9.901,67.035,266.218,107.410,25.282,12.596,-,-,-,1.100,5346.734,1050.650,40951.332,47348.716,11.29
2013,058122,Lazio,Roma,FONTE NUOVA,31411,Comune,-,2.040,545.171,203.482,56.122,19.813,167.234,-,35.383,1.500,-,-,-,-,1030.745,704.500,14454.557,16189.802,6.37
2013,058038,Lazio,Roma,FORMELLO,12781,Comune,762.020,428.750,646.822,202.836,189.632,46.287,309.063,72.313,6.201,10.910,-,-,-,3.640,2678.472,107.740,1851.620,4637.832,57.75
2013,058039,Lazio,Roma,FRASCATI,21761,Comune,2096.040,284.000,906.523,333.128,0.331,58.555,546.203,48.990,43.440,7.343,-,-,559.390,-,4883.943,-,3841.578,8725.521,55.97
2013,058040,Lazio,Roma,GALLICANO NEL LAZIO,6266,Comune,523.380,26.020,195.706,257.128,30.656,17.178,27.811,33.515,7.314,2.290,-,-,20.740,-,1141.740,-,683.900,1825.640,62.54
2013,058041,Lazio,Roma,GAVIGNANO,1941,Comune,35.125,-,28.258,20.807,0.021,1.978,22.052,-,0.192,0.020,-,-,58.039,-,166.492,-,346.529,513.021,32.45
2013,058042,Lazio,Roma,GENAZZANO,6037,Comune,516.660,-,222.226,94.078,0.093,22.205,144.116,36.122,5.885,0.510,-,-,174.690,-,1216.585,-,668.252,1884.837,64.55
2013,058043,Lazio,Roma,GENZANO DI ROMA,24161,Comune,-,64.680,376.380,219.840,-,12.650,115.910,17.986,62.068,5.554,-,-,-,-,875.068,80.160,12349.880,13305.108,6.58
2013,058044,Lazio,Roma,GERANO,1280,Comune,-,-,0.848,1.916,-,0.200,0.123,-,-,0.020,-,-,23.660,-,26.767,-,535.737,562.504,4.76
2013,058045,Lazio,Roma,GORGA,738,Comune,15.192,-,12.689,9.226,0.009,0.877,9.550,-,0.085,0.020,-,-,24.996,-,72.645,-,149.352,221.997,32.72
2013,058046,Lazio,Roma,GROTTAFERRATA,20313,Comune,1252.580,408.750,659.348,225.296,0.224,21.422,368.207,32.350,46.114,2.200,-,-,-,-,3016.491,143.040,4598.259,7757.790,38.88
2013,058047,Lazio,Roma,GUIDONIA MONTECELIO,88098,Comune,9618.832,132.370,2852.881,2753.030,0.926,88.566,337.970,82.970,171.120,12.588,-,-,-,-,16051.253,391.640,10996.820,27439.713,58.50
2013,058048,Lazio,Roma,JENNE,377,Comune,-,-,0.618,5.040,3.620,-,0.620,-,-,0.036,-,-,-,-,9.934,-,171.533,181.467,5.47
2013,058049,Lazio,Roma,LABICO,6242,Comune,453.520,-,134.924,80.245,0.080,7.630,140.777,-,0.742,0.215,-,-,163.000,-,981.133,-,855.472,1836.605,53.42
2013,058116,Lazio,Roma,LADISPOLI,39963,Comune,337.040,1307.090,762.488,278.820,158.145,-,206.630,-,24.630,2.157,-,-,-,-,3077.000,21.840,21884.522,24983.362,12.32
2013,058050,Lazio,Roma,LANUVIO,13535,Comune,388.140,83.600,228.120,168.176,66.960,0.080,0.536,27.660,16.970,0.750,-,-,-,2.180,983.172,98.720,3453.638,4535.530,21.68
2013,058115,Lazio,Roma,LARIANO,13412,Comune,1053.500,192.990,426.230,333.113,0.204,19.482,187.164,19.690,13.041,0.057,-,-,-,-,2245.471,29.390,2146.511,4421.372,50.79
2013,058051,Lazio,Roma,LICENZA,1049,Vedi aggregazione: UNIONE COMUNI VALLE USTICA,-,-,-,-,-,-,-,-,-,-,-,-,-,-,-,-,-,-,-
2013,058052,Lazio,Roma,MAGLIANO ROMANO,1512,Comune,-,-,1.320,3.080,-,0.330,6.200,-,1.370,0.190,-,-,-,-,12.490,-,662.000,674.490,1.85
2013,058053,Lazio,Roma,MANDELA,941,Vedi aggregazione: UNIONE COMUNI VALLE USTICA,-,-,-,-,-,-,-,-,-,-,-,-,-,-,-,-,-,-,-
2013,058054,Lazio,Roma,MANZIANA,7542,Comune,389.500,386.450,312.400,312.300,91.660,13.260,204.410,-,18.530,2.266,-,-,-,17.670,1748.446,45.920,1099.230,2893.596,60.43
2013,058055,Lazio,Roma,MARANO EQUO,781,Comune,-,-,31.593,35.006,15.243,5.741,16.039,-,5.171,0.400,-,-,-,0.780,109.973,-,202.014,311.987,35.25
2013,058056,Lazio,Roma,MARCELLINA,7282,Comune,-,-,97.403,104.432,76.285,26.190,53.088,22.862,30.540,4.703,-,-,-,0.250,415.753,-,2968.184,3383.937,12.29
2013,058057,Lazio,Roma,MARINO,41361,Comune,-,561.270,968.480,2.220,-,-,-,8.188,84.460,6.078,-,-,217.010,0.009,1847.715,-,18803.956,20651.671,8.95
2013,058058,Lazio,Roma,MAZZANO ROMANO,3196,Comune,-,-,19.330,20.700,-,-,7.530,-,-,-,-,-,-,1.960,49.520,49.020,1235.800,1334.340,3.71
2013,058059,Lazio,Roma,MENTANA,22453,Comune,-,11.640,298.460,171.050,66.280,12.610,109.580,-,51.292,1.060,-,-,-,-,721.972,520.300,8641.040,9883.312,7.31
2013,058064,Lazio,Roma,MONTE PORZIO CATONE,8763,Comune,782.310,163.890,316.113,316.182,53.468,28.472,28.324,39.582,3.122,4.400,-,-,34.920,1.590,1772.373,-,1134.789,2907.162,60.97
2013,058060,Lazio,Roma,MONTECOMPATRI,11733,Comune,-,-,21.550,35.240,-,-,-,0.120,2.617,1.050,-,-,-,-,60.577,13.840,6241.680,6316.097,0.96
2013,058061,Lazio,Roma,MONTEFLAVIO,1382,Comune,-,-,6.529,3.560,-,-,2.565,-,0.600,0.060,-,-,22.940,-,36.254,-,768.491,804.745,4.51
2013,058062,Lazio,Roma,MONTELANICO,2164,Comune,93.380,-,38.349,32.334,0.032,3.074,35.172,7.155,4.911,-,-,-,92.820,-,307.228,-,259.449,566.677,54.22
2013,058063,Lazio,Roma,MONTELIBRETTI,5316,Comune,-,-,-,-,-,-,7.292,0.610,15.686,0.042,-,-,30.860,-,54.490,-,2800.000,2854.490,1.91
2013,058065,Lazio,Roma,MONTEROTONDO,40443,Comune,715.960,-,683.717,471.599,0.062,18.084,153.717,39.905,59.734,8.870,-,-,-,-,2151.648,573.040,16875.801,19600.489,10.98
2013,058066,Lazio,Roma,MONTORIO ROMANO,2043,Comune,-,-,8.006,5.090,2.920,-,4.170,-,-,0.080,-,-,63.940,-,84.206,-,1072.226,1156.432,7.28
2013,058067,Lazio,Roma,MORICONE,2698,Comune,-,-,17.220,18.000,-,-,15.960,-,1.271,0.010,-,-,9.780,-,62.241,-,619.820,682.061,9.13
2013,058068,Lazio,Roma,MORLUPO,8751,Comune,766.140,28.160,336.596,318.593,92.674,28.272,213.428,25.900,47.078,3.770,-,-,-,3.640,1864.251,1.380,449.839,2315.470,80.51
2013,058069,Lazio,Roma,NAZZANO,1448,Comune,-,-,10.300,16.240,11.040,0.350,1.330,-,0.770,1.054,-,-,-,-,41.084,-,166.830,207.914,19.76
2013,058070,Lazio,Roma,NEMI,1967,Comune,-,2.300,14.892,14.349,0.014,1.364,15.516,-,1.105,-,-,-,-,-,49.541,44.660,1463.811,1558.012,3.18
2013,058071,Lazio,Roma,NEROLA,1926,Comune,-,-,7.735,4.520,-,-,3.570,-,0.525,0.070,-,-,-,-,16.420,-,945.018,961.438,1.71
2013,058072,Lazio,Roma,NETTUNO,48389,Comune,2575.840,1300.780,1457.315,1401.092,270.233,77.783,274.526,139.695,4.964,9.891,-,-,-,3.720,7515.841,106.190,16209.413,23831.444,31.54
2013,058073,Lazio,Roma,OLEVANO ROMANO,6729,Comune,488.420,-,241.138,96.330,0.096,27.939,154.813,20.570,15.036,0.226,-,-,179.620,-,1224.188,-,979.393,2203.581,55.55
2013,058074,Lazio,Roma,PALESTRINA,21624,Comune,2192.740,198.520,1053.950,571.640,64.425,27.190,406.780,79.385,-,6.193,-,-,60.100,-,4660.923,-,2927.360,7588.283,61.42
2013,058075,Lazio,Roma,PALOMBARA SABINA,12232,Comune,179.820,-,170.800,192.190,99.950,14.330,105.110,-,5.011,0.430,-,-,543.440,-,1311.081,-,4134.280,5445.361,24.08
2013,058076,Lazio,Roma,PERCILE,272,Vedi aggregazione:,-,-,-,-,-,-,-,-,-,-,-,-,-,-,-,-,-,-,-
2013,058077,Lazio,Roma,PISONIANO,813,Comune,-,-,0.383,1.125,-,-,-,-,-,-,-,-,-,-,1.508,-,341.026,342.534,0.44
2013,058078,Lazio,Roma,POLI,2414,Comune,-,-,-,11.900,-,-,-,1.270,2.015,0.020,-,-,-,-,15.205,21.420,1099.100,1135.725,1.34
2013,058079,Lazio,Roma,POMEZIA,61187,Comune,1567.040,105.060,1092.920,960.380,133.060,10.240,793.840,98.525,53.440,17.753,-,-,1040.220,11.243,5883.721,-,28063.820,33947.541,17.33
2013,058080,Lazio,Roma,PONZANO ROMANO,1182,Comune,-,-,5.870,14.090,0.000,0.270,1.020,1.700,0.830,0.386,-,-,-,-,24.166,-,551.150,575.316,4.20
2013,058081,Lazio,Roma,RIANO,10155,Comune,614.920,162.920,233.833,158.346,0.157,15.056,258.075,16.995,7.054,3.595,-,-,-,10.700,1481.652,87.006,1365.367,2934.025,50.50
2013,058082,Lazio,Roma,RIGNANO FLAMINIO,10211,Comune,130.480,85.980,135.512,136.478,0.079,8.986,106.927,10.025,33.698,0.120,-,-,68.810,-,717.094,-,3501.689,4218.783,17.00
2013,058083,Lazio,Roma,RIOFREDDO,773,Comune,-,-,29.813,32.395,11.318,5.712,16.389,44.260,4.825,-,-,-,-,-,144.713,-,197.374,342.087,42.30
2013,058084,Lazio,Roma,ROCCA CANTERANO,191,Comune,-,-,0.186,0.560,-,-,-,-,-,0.007,-,-,-,-,0.753,-,95.611,96.364,0.78
2013,058085,Lazio,Roma,ROCCA DI CAVE,384,Comune,-,-,1.260,0.460,-,0.820,0.260,-,-,0.014,-,-,1.500,-,4.314,-,188.440,192.754,2.24
2013,058086,Lazio,Roma,ROCCA DI PAPA,16728,Comune,588.060,125.440,178.018,205.802,0.141,16.876,247.069,0.637,24.089,0.917,-,-,-,-,1387.047,199.400,5320.399,6906.846,20.08
2013,058088,Lazio,Roma,ROCCA PRIORA,11939,Comune,-,-,38.200,52.820,-,-,-,-,29.862,0.045,-,-,-,-,120.927,376.200,7054.410,7551.537,1.60
2013,058089,Lazio,Roma,ROCCA SANTO STEFANO,1013,Comune,-,-,-,-,-,-,-,-,0.450,-,-,-,33.740,1.380,35.570,-,353.900,389.470,9.13
2013,058087,Lazio,Roma,ROCCAGIOVINE,276,Vedi aggregazione: UNIONE COMUNI VALLE USTICA,-,-,-,-,-,-,-,-,-,-,-,-,-,-,-,-,-,-,-
2013,058090,Lazio,Roma,ROIATE,758,Comune,0.000,0.000,0.546,3.129,0.003,0.298,1.135,0.000,0.029,0.000,-,-,-,0.000,5.140,2.150,265.680,272.970,1.88
2013,058091,Lazio,Roma,ROMA,2863322,Comune,66826.120,73471.630,252581.900,22281.170,16739.260,7818.052,46274.550,13540.018,10070.440,760.245,-,-,10549.020,110.592,521022.997,-,1233799.521,1754822.518,29.69
2013,058092,Lazio,Roma,ROVIANO,1382,Comune,-,-,94.160,87.730,15.440,8.910,26.450,-,5.081,-,-,-,-,-,237.771,-,368.556,606.327,39.22
2013,058093,Lazio,Roma,SACROFANO,7658,Comune,391.080,271.000,199.875,324.715,140.377,85.225,151.962,31.240,52.523,14.585,-,-,-,5.310,1667.892,169.420,808.483,2645.795,63.04
2013,058094,Lazio,Roma,SAMBUCI,948,Comune,-,-,0.711,1.506,-,0.200,0.123,-,-,0.013,-,-,-,-,2.553,6.400,416.709,425.662,0.60
2013,058119,Lazio,Roma,SAN CESAREO,14849,Comune,764.430,166.360,533.680,200.200,112.820,57.088,267.960,71.880,21.910,0.402,-,-,-,2.160,2198.890,118.860,4067.222,6384.972,34.44
2013,058095,Lazio,Roma,SAN GREGORIO DA SASSOLA,1647,Comune,35.367,-,12.015,15.691,4.405,1.170,6.708,-,2.084,0.021,-,-,-,-,77.461,-,423.824,501.285,15.45
2013,058096,Lazio,Roma,SAN POLO DEI CAVALIERI,3054,Comune,-,-,37.073,54.440,5.496,0.552,24.048,-,5.411,0.040,-,-,-,-,127.060,-,1166.637,1293.697,9.82
2013,058100,Lazio,Roma,SAN VITO ROMANO,3355,Comune,308.500,-,118.669,42.258,0.042,4.018,76.593,-,6.541,0.663,-,-,146.560,-,703.843,-,305.560,1009.403,69.73
2013,058098,Lazio,Roma,SANT'ANGELO ROMANO,4782,Comune,-,-,78.050,115.710,0.030,6.670,32.230,-,2.198,0.206,-,-,-,-,235.094,3.340,1813.960,2052.394,11.46
2013,058099,Lazio,Roma,SANT'ORESTE,3758,Comune,-,12.120,11.720,37.620,6.250,0.830,3.150,6.340,2.343,0.548,-,-,-,-,80.921,11.120,2855.120,2947.161,2.75
2013,058097,Lazio,Roma,SANTA MARINELLA,18680,Comune,1077.140,34.540,477.966,237.934,168.524,20.472,417.142,47.243,44.412,-,-,-,109.700,-,2635.072,-,8854.851,11489.923,22.93
2013,058101,Lazio,Roma,SARACINESCO,184,Comune,-,-,0.082,0.490,-,0.050,0.080,-,-,0.001,-,-,34.120,-,34.823,-,71.219,106.042,32.84
2013,058102,Lazio,Roma,SEGNI,9171,Comune,115.402,-,84.000,49.920,0.050,4.750,50.694,-,31.798,0.536,-,-,-,-,337.150,208.756,3161.897,3707.803,9.09
2013,058103,Lazio,Roma,SUBIACO,9280,Comune,-,-,48.993,38.436,0.038,3.655,49.766,-,3.268,0.269,-,-,-,-,144.425,57.860,3971.726,4174.011,3.46
2013,058104,Lazio,Roma,TIVOLI,56461,Comune,-,69.160,1235.160,727.860,343.580,59.830,405.860,120.180,79.030,17.700,-,-,-,12.720,3071.080,141.300,26659.060,29871.440,10.28
2013,058105,Lazio,Roma,TOLFA,5220,Comune,-,-,7.606,7.300,0.000,0.310,2.320,-,0.010,5.950,-,-,-,-,23.496,-,2356.760,2380.256,0.99
2013,058106,Lazio,Roma,TORRITA TIBERINA,1094,Comune,-,-,9.250,12.470,-,-,-,-,-,0.466,-,-,-,-,22.186,-,227.800,249.986,8.88
2013,058107,Lazio,Roma,TREVIGNANO ROMANO,5657,Comune,465.360,178.180,289.530,286.590,72.390,5.860,104.620,2.645,21.700,-,-,-,-,-,1426.875,9.240,1189.020,2625.135,54.35
2013,058108,Lazio,Roma,VALLEPIETRA,297,Comune,8.450,-,8.130,7.580,-,0.970,6.030,-,-,-,-,-,-,-,31.160,-,146.000,177.160,17.59
2013,058109,Lazio,Roma,VALLINFREDA,293,Comune,-,-,11.046,73.602,0.063,6.023,22.983,-,1.640,-,-,-,-,-,115.358,-,117.816,233.174,49.47
2013,058110,Lazio,Roma,VALMONTONE,15763,Comune,47.660,-,90.463,48.243,0.048,4.587,49.815,-,0.446,0.040,-,-,197.160,-,438.462,-,9835.458,10273.920,4.27
2013,058111,Lazio,Roma,VELLETRI,52956,Comune,859.380,563.010,817.972,361.620,299.788,59.790,488.705,168.573,78.546,3.010,-,-,427.240,-,4127.634,-,22582.218,26709.852,15.45
2013,058112,Lazio,Roma,VICOVARO,4071,Aggregazione: UNIONE COMUNI VALLE USTICA,140.000,-,13.260,79.550,0.080,7.230,76.360,6.340,3.240,-,-,-,-,-,326.060,-,1870.340,2196.400,14.85
2013,058113,Lazio,Roma,VIVARO ROMANO,175,Comune,-,-,14.410,13.442,5.560,1.944,5.220,-,1.000,0.006,-,-,-,-,41.582,-,43.188,84.770,49.05
2013,058114,Lazio,Roma,ZAGAROLO,17828,Comune,1391.620,70.920,563.877,564.208,68.639,30.281,54.342,49.855,1.386,3.954,-,-,45.400,-,2844.482,-,2490.097,5334.579,53.32
2013,056001,Lazio,Viterbo,ACQUAPENDENTE,5607,Comune,-,41.580,1.530,6.020,90.650,15.360,1.870,-,0.050,2.060,-,-,-,-,159.120,112.480,1496.560,1768.160,9.00
2013,056002,Lazio,Viterbo,ARLENA DI CASTRO,864,Comune,-,-,-,-,-,-,-,-,-,-,-,-,-,-,-,-,260.500,260.500,-
2013,056003,Lazio,Viterbo,BAGNOREGIO,3702,Comune,-,-,50.220,27.030,0.010,2.310,13.260,6.930,-,-,-,-,-,-,99.760,-,1300.000,1399.760,7.13
2013,056004,Lazio,Viterbo,BARBARANO ROMANO,1107,Comune,-,6.480,78.230,42.140,22.960,2.400,22.850,3.465,-,0.840,-,-,-,-,179.365,-,476.530,655.895,27.35
2013,056006,Lazio,Viterbo,BASSANO IN TEVERINA,1332,Comune,90.840,2.720,42.506,19.130,5.119,6.239,29.261,5.060,0.177,0.400,-,-,-,1.300,202.753,52.460,104.987,360.200,56.29
2013,056005,Lazio,Viterbo,BASSANO ROMANO,5034,Comune,-,-,64.980,79.460,-,-,37.650,10.150,-,1.080,-,-,-,-,193.320,142.060,1937.820,2273.200,8.50
2013,056007,Lazio,Viterbo,BLERA,3412,Comune,205.220,5.670,96.850,117.782,28.051,15.512,11.492,18.770,7.133,-,-,-,103.780,-,610.260,-,525.179,1135.439,53.75
2013,056008,Lazio,Viterbo,BOLSENA,4123,Comune,-,55.460,-,-,64.570,57.150,-,0.100,-,2.890,-,-,-,-,180.170,45.820,1361.620,1587.610,11.35
2013,056009,Lazio,Viterbo,BOMARZO,1834,Comune,108.130,5.620,54.090,27.352,20.620,27.912,27.640,11.140,-,0.450,-,-,-,0.170,283.124,33.460,171.306,487.890,58.03
2013,056010,Lazio,Viterbo,CALCATA,923,Comune,23.120,-,26.330,-,-,1.400,22.280,-,-,-,-,-,-,-,73.130,-,79.590,152.720,47.89
2013,056011,Lazio,Viterbo,CANEPINA,3110,Comune,88.600,-,94.300,-,-,24.600,51.570,-,-,3.760,-,-,-,-,262.830,-,328.150,590.980,44.47
2013,056012,Lazio,Viterbo,CANINO,5325,Comune,-,-,107.787,85.105,29.091,23.767,25.071,26.695,11.779,0.910,-,-,12.320,-,322.526,-,1908.289,2230.815,14.46
2013,056013,Lazio,Viterbo,CAPODIMONTE,1748,Comune,-,33.460,23.994,23.819,0.024,2.265,8.643,-,12.120,0.187,-,-,-,-,104.511,-,1097.086,1201.597,8.70
2013,056014,Lazio,Viterbo,CAPRANICA,6652,Comune,-,136.700,87.550,79.200,-,-,57.350,-,11.480,0.264,-,-,-,-,372.544,1.030,2265.860,2639.434,14.12
2013,056015,Lazio,Viterbo,CAPRAROLA,5513,Comune,797.400,-,368.220,277.280,16.540,-,224.100,11.775,12.290,8.180,-,-,-,-,1715.785,-,823.420,2539.205,67.57
2013,056016,Lazio,Viterbo,CARBOGNANO,2040,Comune,1.000,-,55.150,3.900,0.000,1.130,42.900,-,0.040,-,-,-,-,-,104.120,-,390.400,494.520,21.06
2013,056017,Lazio,Viterbo,CASTEL SANT'ELIA,2635,Comune,-,-,67.274,50.200,-,2.200,84.580,-,-,-,-,-,-,-,204.254,41.940,636.940,883.134,23.13
2013,056018,Lazio,Viterbo,CASTIGLIONE IN TEVERINA,2378,Comune,48.020,7.090,169.380,-,-,25.140,-,13.450,-,25.980,-,-,-,-,289.060,-,354.850,643.910,44.89
2013,056019,Lazio,Viterbo,CELLENO,1349,Comune,-,-,2.556,5.640,0.000,0.612,2.459,2.310,0.005,0.168,-,-,-,-,13.751,-,550.000,563.751,2.44
2013,056020,Lazio,Viterbo,CELLERE,1209,Comune,-,-,-,-,-,-,-,-,-,0.194,-,-,-,-,0.194,2.600,361.520,364.314,0.05
2013,056021,Lazio,Viterbo,CIVITA CASTELLANA,16746,Comune,74.300,0.900,155.972,118.020,-,1.170,78.880,-,-,-,-,-,-,-,429.242,127.760,6186.030,6743.032,6.37
2013,056022,Lazio,Viterbo,CIVITELLA D'AGLIANO,1665,Comune,-,-,16.360,-,-,6.580,-,7.225,-,0.500,-,-,-,-,30.665,-,670.000,700.665,4.38
2013,056023,Lazio,Viterbo,CORCHIANO,3899,Comune,317.500,-,113.440,-,-,18.100,82.180,6.580,-,2.670,-,-,-,-,540.470,-,416.110,956.580,56.50
2013,056024,Lazio,Viterbo,FABRICA DI ROMA,8425,Comune,668.795,177.760,277.655,136.852,59.496,17.812,244.066,23.845,1.266,0.305,-,-,-,-,1607.852,86.320,1115.053,2809.225,57.24
2013,056025,Lazio,Viterbo,FALERIA,2170,Comune,1.630,-,17.740,6.130,-,-,30.580,-,-,-,-,-,-,-,56.080,51.040,323.920,431.040,13.01
2013,056026,Lazio,Viterbo,FARNESE,1562,Comune,35.790,-,63.208,50.850,0.051,15.385,18.451,9.635,0.470,-,-,-,36.740,-,230.580,-,414.595,645.175,35.74
2013,056027,Lazio,Viterbo,GALLESE,2962,Comune,129.892,50.375,83.034,46.761,26.706,27.486,71.267,16.070,8.333,2.851,-,-,-,-,462.776,21.840,340.532,825.148,56.08
2013,056028,Lazio,Viterbo,GRADOLI,1401,Comune,-,-,49.648,34.508,0.034,16.291,12.521,8.960,7.119,-,-,-,-,-,129.081,27.860,476.139,633.080,20.39
2013,056029,Lazio,Viterbo,GRAFFIGNANO,2312,Comune,287.000,-,25.770,64.580,0.060,6.100,23.430,-,0.600,-,-,-,-,-,407.540,12.140,258.100,677.780,60.13
2013,056030,Lazio,Viterbo,GROTTE DI CASTRO,2759,Comune,-,-,-,-,-,26.230,-,-,-,0.237,-,-,-,-,26.467,62.660,955.210,1044.337,2.53
2013,056031,Lazio,Viterbo,ISCHIA DI CASTRO,2404,Comune,9.060,-,45.350,38.170,28.490,-,22.990,0.080,-,3.872,-,-,-,-,148.012,8.720,598.000,754.732,19.61
2013,056032,Lazio,Viterbo,LATERA,880,Comune,-,-,-,-,-,-,-,0.360,-,-,-,-,-,-,0.360,30.320,346.600,377.280,0.10
2013,056033,Lazio,Viterbo,LUBRIANO,912,Comune,-,-,8.170,10.010,0.001,1.086,4.365,-,5.310,-,-,-,-,-,28.942,-,400.000,428.942,6.75
2013,056034,Lazio,Viterbo,MARTA,3508,Comune,-,8.920,59.156,37.490,65.640,22.250,47.958,13.225,0.010,2.013,-,-,-,-,256.662,192.680,1326.570,1775.912,14.45
2013,056035,Lazio,Viterbo,MONTALTO DI CASTRO,8985,Comune,528.030,547.010,300.833,278.900,153.550,24.300,155.510,76.438,13.600,2.840,-,-,676.500,156.620,2914.131,-,4176.260,7090.391,41.10
2013,056037,Lazio,Viterbo,MONTE ROMANO,2064,Comune,-,-,-,-,-,1.900,-,-,0.610,-,-,-,-,-,2.510,30.060,930.020,962.590,0.26
2013,056036,Lazio,Viterbo,MONTEFIASCONE,13568,Comune,-,-,446.812,237.735,160.458,93.436,220.460,73.951,0.451,6.528,-,-,158.220,-,1398.051,-,5312.608,6710.659,20.83
2013,056038,Lazio,Viterbo,MONTEROSI,4414,Comune,166.010,149.760,92.750,108.790,27.540,15.800,48.950,27.650,-,0.250,-,-,28.400,0.370,666.270,-,695.400,1361.670,48.93
2013,056039,Lazio,Viterbo,NEPI,9698,Comune,637.020,690.000,396.890,379.420,169.000,135.670,256.420,50.560,150.000,95.700,-,-,-,-,2960.680,148.040,1331.000,4439.720,66.69
2013,056040,Lazio,Viterbo,ONANO,1000,Comune,-,-,24.229,25.065,0.023,2.153,9.546,-,0.209,-,-,-,-,-,61.225,-,339.545,400.770,15.28
2013,056041,Lazio,Viterbo,ORIOLO ROMANO,3821,Comune,27.210,84.110,122.050,107.450,40.580,-,136.390,0.160,-,3.770,-,-,-,-,521.720,-,283.920,805.640,64.76
2013,056042,Lazio,Viterbo,ORTE,9065,Comune,25.430,-,-,-,-,-,-,3.515,-,-,-,-,-,-,28.945,75.300,2009.460,2113.705,1.37
2013,056043,Lazio,Viterbo,PIANSANO,2119,Comune,62.960,-,80.490,26.860,-,36.860,48.350,28.030,-,3.526,-,-,75.820,-,362.896,-,297.380,660.276,54.96
2013,056044,Lazio,Viterbo,PROCENO,574,Comune,-,-,-,-,-,-,-,-,-,-,-,-,-,-,-,-,307.700,307.700,-
2013,056045,Lazio,Viterbo,RONCIGLIONE,8730,Comune,540.460,120.240,236.031,109.759,105.924,26.559,210.304,34.695,0.784,2.165,-,-,-,-,1386.921,200.140,1490.759,3077.820,45.06
2013,056047,Lazio,Viterbo,SAN LORENZO NUOVO,2130,Comune,-,-,89.869,63.128,0.063,28.332,22.906,8.755,12.684,1.248,-,-,7.640,-,234.624,-,684.469,919.093,25.53
2013,056048,Lazio,Viterbo,SORIANO NEL CIMINO,8537,Comune,274.800,79.240,232.310,-,-,43.890,161.690,31.585,17.600,6.558,-,-,-,-,847.673,-,894.330,1742.003,48.66
2013,056049,Lazio,Viterbo,SUTRI,6783,Comune,-,160.220,-,-,-,-,-,4.171,-,0.150,-,-,-,-,164.541,430.880,2890.320,3485.741,4.72
2013,056050,Lazio,Viterbo,TARQUINIA,16482,Comune,1080.880,884.780,689.228,507.751,578.637,0.675,365.427,118.300,29.566,21.790,-,-,351.460,9.540,4638.034,-,6532.066,11170.100,41.52
2013,056051,Lazio,Viterbo,TESSENNANO,327,Comune,-,-,-,-,-,-,-,-,-,-,-,-,-,-,-,-,108.800,108.800,-
2013,056052,Lazio,Viterbo,TUSCANIA,8481,Comune,-,9.320,100.977,77.921,171.326,59.734,7.904,30.085,16.459,3.900,-,-,175.880,-,653.507,-,3464.108,4117.615,15.87
2013,056053,Lazio,Viterbo,VALENTANO,2901,Comune,-,44.600,44.400,31.310,3.140,11.700,24.900,7.820,16.200,0.160,-,-,-,-,184.230,62.380,1390.500,1637.110,11.25
2013,056054,Lazio,Viterbo,VALLERANO,2628,Comune,227.800,-,54.400,-,-,6.410,42.610,-,-,0.730,-,-,-,-,331.950,-,348.860,680.810,48.76
2013,056055,Lazio,Viterbo,VASANELLO,4161,Comune,287.460,38.750,121.740,66.664,31.980,17.600,58.808,19.090,-,5.358,-,-,149.890,-,797.340,-,698.146,1495.486,53.32
2013,056056,Lazio,Viterbo,VEJANO,2323,Comune,-,-,24.030,44.150,0.710,1.440,18.860,-,0.140,0.200,-,-,-,-,89.530,-,933.650,1023.180,8.75
2013,056057,Lazio,Viterbo,VETRALLA,14097,Comune,-,34.140,329.370,242.620,84.740,59.440,200.780,34.940,15.900,9.423,-,-,82.220,-,1093.573,-,5688.640,6782.213,16.12
2013,056058,Lazio,Viterbo,VIGNANELLO,4774,Comune,751.030,36.260,154.744,80.475,49.680,45.312,122.650,16.880,0.744,2.478,-,-,-,2.160,1262.412,103.940,620.946,1987.298,63.52
2013,056046,Lazio,Viterbo,VILLA SAN GIOVANNI IN TUSCIA,1319,Comune,-,-,35.500,43.950,17.860,0.040,25.760,-,0.000,0.196,-,-,-,-,123.306,14.660,148.700,286.666,43.01
2013,056059,Lazio,Viterbo,VITERBO,66558,Comune,528.030,498.759,1162.854,1302.920,269.440,9.870,96.200,16.395,0.960,3.722,-,-,-,100.960,3990.110,535.760,24794.180,29320.050,13.61
2013,056060,Lazio,Viterbo,VITORCHIANO,5154,Comune,249.400,-,185.820,-,-,27.310,99.670,-,-,-,-,-,-,-,562.200,-,938.960,1501.160,37.45
2015,060001,Lazio,Frosinone,ACQUAFONDATA,263,Comune,-,-,-,-,-,-,-,-,-,-,-,-,-,-,-,-,131.820,131.820,-
2015,060002,Lazio,Frosinone,ACUTO,1920,Comune,114.120,-,43.440,31.680,-,2.980,43.980,-,4.250,0.258,-,-,17.280,0.860,258.848,-,388.580,647.428,39.98
2015,060003,Lazio,Frosinone,ALATRI,28952,Comune,2317.780,366.940,1133.674,461.180,-,43.851,267.219,46.610,30.257,7.300,-,-,12.900,10.140,4697.851,-,2659.687,7357.538,63.85
2015,060004,Lazio,Frosinone,ALVITO,2713,Vedi aggregazione: Unione Comuni 'Val Comino',-,-,-,-,-,-,-,-,-,-,-,-,-,-,-,-,-,-,-
2015,060005,Lazio,Frosinone,AMASENO,4368,Comune,-,-,50.950,17.260,-,1.620,10.230,-,1.349,0.105,-,-,21.320,0.440,103.274,-,1584.650,1687.924,6.12
2015,060006,Lazio,Frosinone,ANAGNI,21464,Comune,2018.180,-,795.929,1024.160,0.440,28.490,134.840,20.860,13.330,0.340,-,-,144.010,-,4180.579,-,2415.310,6595.889,63.38
2015,060007,Lazio,Frosinone,AQUINO,5370,Vedi aggregazione: UNIONE CINQUECITTA',-,-,-,-,-,-,-,-,-,-,-,-,-,-,-,-,-,-,-
2015,060008,Lazio,Frosinone,ARCE,5756,Comune,335.320,9.480,184.270,284.750,-,6.910,32.350,12.180,2.590,0.265,-,-,-,-,868.115,24.780,930.040,1822.935,47.62
2015,060009,Lazio,Frosinone,ARNARA,2309,Comune,70.580,-,31.860,58.600,-,-,63.480,-,1.310,-,-,-,7.100,1.120,234.050,-,259.860,493.910,47.39
2015,060010,Lazio,Frosinone,ARPINO,7262,Comune,517.630,-,208.450,122.220,-,11.490,214.200,14.462,0.913,0.563,-,-,-,-,1089.928,12.120,748.860,1850.908,58.89
2015,060011,Lazio,Frosinone,ATINA,4316,Vedi aggregazione: Unione Comuni 'Val Comino',-,-,-,-,-,-,-,-,-,-,-,-,-,-,-,-,-,-,-
2015,060012,Lazio,Frosinone,AUSONIA,2619,Comune,-,-,6.180,14.860,-,1.400,6.540,3.886,4.080,0.150,-,-,2.160,-,39.256,-,846.190,885.446,4.43
2015,060013,Lazio,Frosinone,BELMONTE CASTELLO,739,Comune,-,-,-,-,-,-,-,0.010,0.675,-,-,-,0.250,-,0.935,-,202.360,203.295,0.46
2015,060014,Lazio,Frosinone,BOVILLE ERNICA,8737,Comune,355.000,-,141.822,324.790,-,8.186,38.320,7.500,-,0.080,-,-,16.320,-,892.018,-,1360.602,2252.620,39.60
2015,060015,Lazio,Frosinone,BROCCOSTELLA,2741,Comune,-,-,45.340,77.400,-,2.670,30.650,1.810,-,0.040,-,-,1.550,-,159.460,-,640.410,799.870,19.94
2015,060016,Lazio,Frosinone,CAMPOLI APPENNINO,1725,Comune,-,-,21.330,-,-,-,0.240,-,1.228,-,-,-,-,2.280,25.078,4.160,277.980,307.218,8.16
2015,060017,Lazio,Frosinone,CASALATTICO,574,Comune,-,-,8.940,-,-,-,-,-,0.670,-,-,-,2.090,-,11.700,-,41.150,52.850,22.14
2015,060018,Lazio,Frosinone,CASALVIERI,2698,Comune,-,-,0.380,-,-,-,-,0.930,1.183,0.420,-,-,7.800,0.620,11.333,-,1159.070,1170.403,0.97
2015,060019,Lazio,Frosinone,CASSINO,36142,Comune,4370.400,54.940,2057.553,2069.410,134.400,85.650,324.730,-,28.230,0.100,-,-,229.700,-,9355.113,-,5668.590,15023.703,62.27
2015,060020,Lazio,Frosinone,CASTELLIRI,3454,Comune,367.760,-,134.780,171.290,-,5.660,26.470,4.480,2.663,0.100,-,-,7.520,-,720.723,-,199.320,920.043,78.34
2015,060021,Lazio,Frosinone,CASTELNUOVO PARANO,883,Comune,-,-,5.460,6.780,-,-,5.920,-,-,0.020,-,-,3.060,-,21.240,-,315.480,336.720,6.31
2015,060023,Lazio,Frosinone,CASTRO DEI VOLSCI,4781,Comune,273.720,-,138.100,234.330,-,6.320,29.590,12.935,-,-,-,-,18.120,-,713.115,-,369.500,1082.615,65.87
2015,060022,Lazio,Frosinone,CASTROCIELO,3965,Comune,-,-,132.255,145.700,-,-,175.320,4.890,2.005,0.305,-,-,22.470,-,482.945,-,762.620,1245.565,38.77
2015,060024,Lazio,Frosinone,CECCANO,23565,Comune,1436.540,-,654.920,586.520,139.380,46.810,428.020,63.246,92.860,2.035,-,-,53.860,2.180,3506.371,-,2825.836,6332.207,55.37
2015,060025,Lazio,Frosinone,CEPRANO,8897,Comune,895.140,-,349.476,451.510,8.530,18.240,69.970,11.845,33.010,1.110,-,-,30.700,0.160,1869.691,-,959.910,2829.601,66.08
2015,060026,Lazio,Frosinone,CERVARO,8109,Comune,502.180,-,325.510,277.230,11.040,0.200,0.520,1.522,22.580,0.322,-,-,9.280,-,1150.384,-,1008.910,2159.294,53.28
2015,060027,Lazio,Frosinone,COLFELICE,1932,Comune,115.780,-,54.170,93.480,1.870,3.750,14.360,1.370,8.528,0.212,-,-,3.940,-,297.460,-,180.090,477.550,62.29
2015,060029,Lazio,Frosinone,COLLE SAN MAGNO,699,Vedi aggregazione: UNIONE CINQUECITTA',-,-,-,-,-,-,-,-,-,-,-,-,-,-,-,-,-,-,-
2015,060028,Lazio,Frosinone,COLLEPARDO,968,Comune,-,-,6.300,3.340,-,0.310,1.470,-,-,0.120,-,-,0.580,-,12.120,-,398.520,410.640,2.95
2015,060030,Lazio,Frosinone,CORENO AUSONIO,1644,Comune,-,0.200,7.080,16.520,-,1.550,7.270,2.880,4.800,0.135,-,-,5.040,-,45.475,-,391.540,437.015,10.41
2015,060031,Lazio,Frosinone,ESPERIA,3828,Comune,-,-,13.760,31.160,1.340,0.180,5.940,3.465,1.000,-,-,-,12.315,-,69.160,-,1234.820,1303.980,5.30
2015,060032,Lazio,Frosinone,FALVATERRA,554,Vedi aggregazione: Unione Comuni Antica Terra di Lavoro,-,-,-,-,-,-,-,-,-,-,-,-,-,-,-,-,-,-,-
2015,060033,Lazio,Frosinone,FERENTINO,21213,Comune,123.200,3.800,352.180,372.940,-,5.930,39.870,28.470,16.102,0.020,-,-,43.220,-,985.732,-,8628.410,9614.142,10.25
2015,060034,Lazio,Frosinone,FILETTINO,565,Comune,12.380,-,7.780,-,-,-,10.040,1.060,-,-,-,-,-,-,31.260,13.640,312.820,357.720,8.74
2015,060035,Lazio,Frosinone,FIUGGI,10536,Comune,214.920,-,138.530,105.860,-,9.950,100.930,27.652,10.699,0.173,-,-,99.720,-,708.434,-,5449.260,6157.694,11.51
2015,060036,Lazio,Frosinone,FONTANA LIRI,2953,Comune,271.360,-,69.360,78.440,-,-,66.960,1.100,1.868,-,-,-,18.440,2.500,510.028,-,292.770,802.798,63.53
2015,060037,Lazio,Frosinone,FONTECHIARI,1303,Comune,25.440,-,22.920,43.440,0.530,1.030,10.980,0.330,-,-,-,-,2.240,0.210,107.120,-,131.690,238.810,44.86
2015,060038,Lazio,Frosinone,FROSINONE,46323,Comune,466.460,670.460,1439.891,1053.880,-,25.680,120.190,91.220,62.508,4.802,-,-,-,1.000,3936.091,178.400,22453.940,26568.431,14.82
2015,060039,Lazio,Frosinone,FUMONE,2102,Comune,92.740,-,27.440,82.240,-,10.160,21.480,6.653,2.992,-,-,-,18.240,-,261.945,-,268.940,530.885,49.34
2015,060040,Lazio,Frosinone,GALLINARO,1269,Vedi aggregazione: Unione Comuni 'Val Comino',-,-,-,-,-,-,-,-,-,-,-,-,-,-,-,-,-,-,-
2015,060041,Lazio,Frosinone,GIULIANO DI ROMA,2400,Comune,69.600,-,56.140,122.890,0.040,2.820,12.980,4.498,1.205,0.110,-,-,9.860,-,280.143,-,317.900,598.043,46.84
2015,060042,Lazio,Frosinone,GUARCINO,1623,Comune,-,-,-,14.419,-,0.346,1.256,-,0.875,-,-,-,4.520,0.700,22.116,-,657.089,679.205,3.26
2015,060043,Lazio,Frosinone,ISOLA DEL LIRI,11715,Comune,1256.160,40.040,397.370,375.800,-,-,-,27.998,47.520,1.000,-,-,-,-,2145.888,34.400,1232.020,3412.308,62.89
2015,060044,Lazio,Frosinone,MONTE SAN GIOVANNI CAMPANO,12929,Comune,678.840,-,296.000,548.380,-,19.070,89.250,16.200,3.408,0.140,-,-,-,0.460,1651.748,24.280,2004.820,3680.848,44.87
2015,060045,Lazio,Frosinone,MOROLO,3257,Comune,199.640,-,87.740,141.371,-,6.829,24.754,-,1.968,-,-,-,11.980,-,474.282,-,408.706,882.988,53.71
2015,060046,Lazio,Frosinone,PALIANO,8281,Comune,633.875,-,278.910,349.200,-,10.040,47.020,24.788,20.000,3.660,-,-,106.580,4.520,1478.593,-,965.510,2444.103,60.50
2015,060047,Lazio,Frosinone,PASTENA,1462,Comune,-,-,5.680,-,-,-,-,-,0.847,0.090,-,-,-,-,6.617,-,389.140,395.757,1.67
2015,060048,Lazio,Frosinone,PATRICA,3171,Comune,102.360,-,69.170,101.360,3.050,1.980,9.380,1.282,2.560,0.020,-,-,21.660,4.340,317.162,-,738.700,1055.862,30.04
2015,060049,Lazio,Frosinone,PESCOSOLIDO,1555,Comune,-,-,16.440,33.260,-,-,27.690,2.000,1.700,-,-,-,-,-,81.090,-,240.050,321.140,25.25
2015,060050,Lazio,Frosinone,PICINISCO,1218,Comune,-,-,-,-,0.300,-,-,-,1.770,-,-,-,-,0.050,2.120,-,339.940,342.060,0.62
2015,060051,Lazio,Frosinone,PICO,2888,Vedi aggregazione: Unione Comuni Antica Terra di Lavoro,-,-,-,-,-,-,-,-,-,-,-,-,-,-,-,-,-,-,-
2015,060052,Lazio,Frosinone,PIEDIMONTE SAN GERMANO,6535,Aggregazione: UNIONE CINQUECITTA',1671.600,-,-,-,-,-,-,8.234,32.745,1.709,-,-,-,12.420,1726.708,8.240,2727.480,4462.428,38.69
2015,060053,Lazio,Frosinone,PIGLIO,4666,Comune,432.360,-,91.600,124.110,-,10.140,66.880,10.590,2.790,0.027,-,-,-,-,738.497,31.280,473.280,1243.057,59.41
2015,060054,Lazio,Frosinone,PIGNATARO INTERAMNA,2595,Comune,251.060,-,46.760,-,0.960,0.030,-,-,4.950,0.042,-,-,-,-,303.802,10.046,491.680,805.528,37.72
2015,060055,Lazio,Frosinone,POFI,4204,Comune,-,-,71.250,111.500,-,-,71.640,10.203,2.697,-,-,-,-,-,267.290,34.220,681.620,983.130,27.19
2015,060056,Lazio,Frosinone,PONTECORVO,13242,Comune,-,-,0.440,14.220,-,0.440,0.170,12.390,23.075,0.020,-,-,17.130,-,67.885,1.660,5287.600,5357.145,1.27
2015,060057,Lazio,Frosinone,POSTA FIBRENO,1139,Comune,49.360,-,18.930,60.672,-,1.868,6.772,-,0.634,0.130,-,-,-,-,138.366,1.760,207.728,347.854,39.78
2015,060058,Lazio,Frosinone,RIPI,5270,Comune,153.640,-,120.740,-,-,-,-,-,2.102,0.040,-,-,14.800,0.480,291.802,-,1008.520,1300.322,22.44
2015,060059,Lazio,Frosinone,ROCCA D'ARCE,959,Comune,-,-,9.862,14.440,-,8.870,6.690,-,1.110,-,-,-,2.260,-,43.232,-,234.710,277.942,15.55
2015,060060,Lazio,Frosinone,ROCCASECCA,7365,Comune,663.320,-,203.840,-,-,-,-,-,2.267,0.171,-,-,-,-,869.598,29.260,935.200,1834.058,47.41
2015,060061,Lazio,Frosinone,SAN BIAGIO SARACINISCO,349,Comune,-,-,-,-,0.960,-,-,-,1.800,-,-,-,8.040,0.540,11.340,-,89.750,101.090,11.22
2015,060062,Lazio,Frosinone,SAN DONATO VAL DI COMINO,2107,Aggregazione: Unione Comuni 'Val Comino',848.040,-,455.510,677.600,11.650,10.500,79.060,44.172,1.930,0.876,-,-,13.230,1.290,2143.858,47.030,2216.630,4407.518,48.64
2015,060063,Lazio,Frosinone,SAN GIORGIO A LIRI,3164,Comune,-,-,-,-,-,-,-,-,-,0.021,-,-,-,-,0.021,-,1872.080,1872.101,0.00
2015,060064,Lazio,Frosinone,SAN GIOVANNI INCARICO,3336,Aggregazione: Unione Comuni Antica Terra di Lavoro,498.080,-,172.408,245.250,-,6.340,29.678,42.127,12.580,0.132,-,-,-,-,1006.595,10.000,661.184,1677.779,60.00
2015,060070,Lazio,Frosinone,SAN VITTORE DEL LAZIO,2636,Comune,-,-,-,-,-,-,-,-,2.310,-,-,-,-,-,2.310,-,1034.920,1037.230,0.22
2015,060065,Lazio,Frosinone,SANT'AMBROGIO SUL GARIGLIANO,966,Comune,65.020,-,17.520,5.320,-,5.960,23.060,2.310,-,0.399,-,-,-,0.080,119.669,4.670,51.140,175.479,68.20
2015,060066,Lazio,Frosinone,SANT'ANDREA DEL GARIGLIANO,1505,Comune,-,-,16.640,28.520,-,1.820,20.080,2.640,-,-,-,-,9.140,-,78.840,-,196.580,275.420,28.63
2015,060067,Lazio,Frosinone,SANT'APOLLINARE,1919,Comune,4.640,-,21.500,61.340,-,-,41.680,6.380,-,0.142,-,-,1.480,-,137.162,-,349.180,486.342,28.20
2015,060068,Lazio,Frosinone,SANT'ELIA FIUMERAPIDO,6166,Comune,-,-,96.030,171.060,-,0.620,56.720,0.990,-,0.180,-,-,57.470,-,383.070,-,1783.190,2166.260,17.68
2015,060069,Lazio,Frosinone,SANTOPADRE,1357,Comune,-,-,-,-,-,-,-,-,0.475,-,-,-,-,-,0.475,-,390.080,390.555,0.12
2015,060071,Lazio,Frosinone,SERRONE,3099,Comune,207.120,-,92.050,127.150,-,3.050,14.260,16.599,2.400,0.252,-,-,62.300,-,525.181,-,451.840,977.021,53.75
2015,060072,Lazio,Frosinone,SETTEFRATI,728,Vedi aggregazione: Unione Comuni 'Val Comino',-,-,-,-,-,-,-,-,-,-,-,-,-,-,-,-,-,-,-
2015,060073,Lazio,Frosinone,SGURGOLA,2676,Comune,97.440,-,22.770,51.050,-,-,3.000,-,1.760,0.030,-,-,-,-,176.050,6.060,350.000,532.110,33.09
2015,060074,Lazio,Frosinone,SORA,26144,Comune,646.474,360.490,639.295,386.880,-,-,221.160,0.280,56.206,-,-,-,-,-,2310.785,-,11488.516,13799.301,16.75
2015,060075,Lazio,Frosinone,STRANGOLAGALLI,2491,Comune,93.040,-,76.140,76.320,-,6.320,61.360,2.300,2.702,0.200,-,-,3.900,-,322.282,-,273.220,595.502,54.12
2015,060076,Lazio,Frosinone,SUPINO,4873,Comune,-,-,116.380,555.280,33.740,5.480,25.660,17.775,11.280,0.040,-,-,-,-,765.635,45.840,1031.060,1842.535,41.55
2015,060077,Lazio,Frosinone,TERELLE,422,Comune,-,-,4.355,1.923,0.020,0.183,0.698,-,-,-,-,-,-,-,7.179,-,138.430,145.609,4.93
2015,060078,Lazio,Frosinone,TORRE CAJETANI,1376,Comune,32.420,-,19.030,45.970,1.310,1.350,4.670,1.120,2.180,0.030,-,-,0.500,-,108.580,-,215.120,323.700,33.54
2015,060079,Lazio,Frosinone,TORRICE,4816,Comune,-,-,31.900,69.550,-,0.910,4.280,-,1.460,-,-,-,-,-,108.100,10.020,1664.240,1782.360,6.07
2015,060080,Lazio,Frosinone,TREVI NEL LAZIO,1822,Comune,-,-,14.210,12.040,-,1.130,10.005,-,-,0.108,-,-,6.880,-,44.373,-,1066.220,1110.593,4.00
2015,060081,Lazio,Frosinone,TRIVIGLIANO,1705,Comune,56.900,-,16.500,-,-,-,-,-,2.740,-,-,-,-,-,76.140,-,225.000,301.140,25.28
2015,060082,Lazio,Frosinone,VALLECORSA,2643,Comune,-,-,17.810,26.420,-,1.220,2.080,-,-,-,-,-,-,-,47.530,-,760.870,808.400,5.88
2015,060083,Lazio,Frosinone,VALLEMAIO,937,Comune,-,0.180,3.790,18.160,-,1.260,20.210,-,1.800,-,-,-,12.060,3.880,61.340,-,137.720,199.060,30.82
2015,060084,Lazio,Frosinone,VALLEROTONDA,1581,Comune,-,-,-,-,-,-,-,-,0.956,-,-,-,-,-,0.956,-,608.420,609.376,0.16
2015,060085,Lazio,Frosinone,VEROLI,20560,Comune,1511.840,-,552.830,1065.150,-,28.550,133.650,39.911,-,1.314,-,-,-,-,3333.245,59.840,2730.920,6124.005,54.43
2015,060086,Lazio,Frosinone,VICALVI,783,Vedi aggregazione: Unione Comuni 'Val Comino',-,-,-,-,-,-,-,-,-,-,-,-,-,-,-,-,-,-,-
2015,060087,Lazio,Frosinone,VICO NEL LAZIO,2234,Comune,131.340,-,58.115,114.440,-,3.420,16.020,-,6.100,0.025,-,-,-,-,329.460,14.200,216.980,560.640,58.77
2015,060088,Lazio,Frosinone,VILLA LATINA,1241,Comune,-,-,-,-,-,-,-,-,-,-,-,-,-,-,-,-,431.870,431.870,-
2015,060089,Lazio,Frosinone,VILLA SANTA LUCIA,2632,Vedi aggregazione: UNIONE CINQUECITTA',-,-,-,-,-,-,-,-,-,-,-,-,-,-,-,-,-,-,-
2015,060090,Lazio,Frosinone,VILLA SANTO STEFANO,1720,Comune,74.800,-,28.280,76.280,-,-,43.140,-,1.986,0.010,-,-,3.580,-,228.076,-,138.360,366.436,62.24
2015,060091,Lazio,Frosinone,VITICUSO,353,Comune,-,-,-,-,-,-,-,-,-,-,-,-,1.510,-,1.510,-,126.220,127.730,1.18
2015,059001,Lazio,Latina,APRILIA,73446,Comune,3061.820,1199.880,2220.460,1965.690,480.865,186.500,808.906,237.905,151.610,58.453,-,-,840.520,67.100,11279.709,535.870,22158.330,33973.909,33.20
2015,059002,Lazio,Latina,BASSIANO,1583,Comune,76.360,-,-,70.490,0.280,10.910,39.540,0.080,0.060,-,-,-,9.220,0.260,207.200,-,270.690,477.890,43.36
2015,059003,Lazio,Latina,CAMPODIMELE,622,Comune,57.820,-,17.840,28.080,-,-,20.160,1.208,-,0.108,-,-,10.620,42.670,178.506,-,42.670,221.176,80.71
2015,059004,Lazio,Latina,CASTELFORTE,4386,Comune,624.300,0.580,129.450,158.490,-,13.764,141.270,9.130,-,1.547,-,-,37.140,-,1115.671,-,474.850,1590.521,70.15
2015,059005,Lazio,Latina,CISTERNA DI LATINA,36868,Comune,1349.660,2196.210,746.000,424.230,148.020,65.650,350.110,97.970,34.395,9.835,-,-,664.780,9.170,6096.030,-,13026.500,19122.530,31.88
2015,059006,Lazio,Latina,CORI,11065,Comune,1145.120,152.130,299.770,252.580,61.000,21.760,191.560,25.945,12.780,1.110,-,-,150.080,-,2313.835,-,1514.650,3828.485,60.44
2015,059007,Lazio,Latina,FONDI,39809,Comune,-,360.060,1183.590,652.330,141.380,33.175,258.720,227.725,68.510,4.090,-,-,195.940,6.020,3131.540,-,20151.840,23283.380,13.45
2015,059008,Lazio,Latina,FORMIA,38127,Comune,3852.960,1586.340,1656.810,1075.190,421.370,112.050,851.340,159.365,119.240,11.918,-,-,449.620,45.120,10341.323,-,7554.080,17895.403,57.79
2015,059009,Lazio,Latina,GAETA,20834,Comune,2019.460,290.240,964.320,706.960,-,52.850,529.640,52.819,67.780,5.670,-,-,518.620,-,5208.359,-,6868.780,12077.139,43.13
2015,059010,Lazio,Latina,ITRI,10677,Comune,589.460,70.870,218.840,211.740,96.980,47.470,151.340,42.469,16.370,4.127,-,-,203.460,9.920,1663.046,-,1745.360,3408.406,48.79
2015,059011,Lazio,Latina,LATINA,125985,Comune,8295.940,2188.420,3792.790,2137.130,985.300,298.824,1565.355,239.212,-,36.619,-,-,75.160,13.740,19628.490,-,47118.650,66747.140,29.41
2015,059012,Lazio,Latina,LENOLA,4189,Comune,332.120,-,68.080,120.280,12.320,15.780,47.240,8.410,9.030,-,-,-,11.600,-,624.860,-,457.800,1082.660,57.72
2015,059013,Lazio,Latina,MAENZA,3074,Comune,269.820,-,26.640,10.805,-,1.672,6.061,-,6.930,-,-,-,-,-,321.928,-,536.102,858.030,37.52
2015,059014,Lazio,Latina,MINTURNO,19783,Comune,-,78.860,341.400,328.404,14.460,57.397,184.211,34.245,-,0.380,-,-,305.770,8.200,1353.327,-,11347.438,12700.765,10.66
2015,059015,Lazio,Latina,MONTE SAN BIAGIO,6286,Comune,500.720,28.120,154.320,162.100,28.680,23.200,116.560,17.390,13.980,-,-,-,66.120,-,1111.190,-,1055.160,2166.350,51.29
2015,059016,Lazio,Latina,NORMA,3946,Comune,411.300,4.580,25.200,232.360,-,103.270,180.730,0.060,0.100,0.200,-,-,130.085,0.100,1087.985,-,350.695,1438.680,75.62
2015,059017,Lazio,Latina,PONTINIA,14920,Comune,463.280,187.140,458.320,276.450,2.500,42.780,155.070,15.195,28.685,2.840,-,-,87.480,6.380,1726.120,-,5670.460,7396.580,23.34
2015,059018,Lazio,Latina,PONZA,3337,Comune,-,-,-,70.850,113.000,9.980,36.170,21.120,16.060,3.000,-,-,-,-,270.180,-,2252.300,2522.480,10.71
2015,059019,Lazio,Latina,PRIVERNO,14525,Comune,-,10.960,427.410,154.880,36.860,25.440,106.570,31.964,5.210,0.380,-,-,54.600,5.420,859.694,-,5484.280,6343.974,13.55
2015,059020,Lazio,Latina,PROSSEDI,1202,Comune,58.100,-,44.000,89.254,-,13.812,50.066,-,-,0.190,-,-,-,-,255.422,-,355.068,610.490,41.84
2015,059022,Lazio,Latina,ROCCA MASSIMA,1136,Comune,124.920,-,4.200,15.380,-,31.100,56.220,6.410,0.263,0.626,-,-,21.640,-,260.759,-,68.200,328.959,79.27
2015,059021,Lazio,Latina,ROCCAGORGA,4591,Comune,337.820,-,102.520,28.190,17.600,16.990,118.920,6.350,21.260,0.380,-,-,14.080,-,664.110,-,501.900,1166.010,56.96
2015,059023,Lazio,Latina,ROCCASECCA DEI VOLSCI,1146,Comune,38.502,-,15.460,22.170,-,3.430,12.440,0.760,1.670,-,-,-,-,-,94.432,4.280,263.820,362.532,26.05
2015,059024,Lazio,Latina,SABAUDIA,20432,Comune,2614.980,832.940,590.570,848.260,-,-,-,-,-,5.642,-,-,334.360,-,5226.752,-,3019.400,8246.152,63.38
2015,059025,Lazio,Latina,SAN FELICE CIRCEO,10032,Comune,17.460,212.700,250.840,141.170,15.820,18.390,67.390,19.983,17.650,1.745,-,-,140.060,0.146,903.354,-,9724.810,10628.164,8.50
2015,059026,Lazio,Latina,SANTI COSMA E DAMIANO,6897,Comune,803.640,-,210.310,226.930,-,18.278,195.680,16.140,6.920,2.964,-,-,54.190,-,1535.052,-,849.440,2384.492,64.38
2015,059027,Lazio,Latina,SERMONETA,9842,Comune,953.580,137.920,226.000,214.760,75.180,61.200,171.250,31.280,13.580,10.100,-,-,32.040,25.540,1952.430,-,1251.850,3204.280,60.93
2015,059028,Lazio,Latina,SEZZE,24894,Comune,841.020,99.500,392.260,359.270,-,28.650,123.230,26.280,22.490,0.532,-,-,138.180,3.100,2034.512,-,8549.890,10584.402,19.22
2015,059029,Lazio,Latina,SONNINO,7520,Comune,542.880,4.360,125.300,281.662,25.340,34.926,111.653,20.163,-,0.140,-,-,50.060,4.200,1200.684,-,944.879,2145.563,55.96
2015,059030,Lazio,Latina,SPERLONGA,3333,Comune,219.200,133.300,129.800,290.950,-,21.670,52.640,12.380,-,0.060,-,-,45.200,18.700,923.900,-,1954.350,2878.250,32.10
2015,059031,Lazio,Latina,SPIGNO SATURNIA,2961,Comune,205.980,5.940,100.840,91.150,-,12.570,84.440,8.747,-,1.781,-,-,26.980,-,538.428,-,400.640,939.068,57.34
2015,059032,Lazio,Latina,TERRACINA,46039,Comune,6375.640,649.140,2411.090,2501.320,65.380,241.570,596.190,115.627,33.430,5.240,-,-,1232.348,0.300,14227.275,-,12995.450,27222.725,52.26
2015,059033,Lazio,Latina,VENTOTENE,739,Comune,31.660,-,45.500,30.358,8.640,4.698,20.149,1.510,-,0.266,-,-,49.360,2.215,194.356,-,448.175,642.531,30.25
2015,057001,Lazio,Rieti,ACCUMOLI,667,Comune,54.560,3.840,28.365,45.960,-,2.590,9.400,7.991,2.730,0.079,-,-,9.210,-,164.725,-,166.040,330.765,49.80
2015,057002,Lazio,Rieti,AMATRICE,2657,Comune,311.230,19.740,125.410,197.630,-,9.730,36.690,30.055,6.080,0.285,-,-,41.750,-,778.600,-,541.038,1319.638,59.00
2015,057003,Lazio,Rieti,ANTRODOCO,2588,Comune,-,-,-,-,-,-,-,5.700,6.650,-,-,-,-,-,12.350,12.580,1093.860,1118.790,1.10
2015,057004,Lazio,Rieti,ASCREA,234,Comune,-,-,-,-,-,-,-,-,-,-,-,-,4.660,-,4.660,-,112.910,117.570,3.96
2015,057005,Lazio,Rieti,BELMONTE IN SABINA,636,Comune,-,-,-,-,-,-,-,-,-,-,-,-,3.280,-,3.280,-,257.660,260.940,1.26
2015,057006,Lazio,Rieti,BORBONA,617,Comune,-,-,0.720,-,-,-,-,3.640,1.860,0.020,-,-,7.680,-,13.920,-,292.000,305.920,4.55
2015,057008,Lazio,Rieti,BORGO VELINO,972,Comune,-,-,38.340,12.760,-,-,3.550,2.430,-,-,-,-,11.500,-,68.580,-,423.160,491.740,13.95
2015,057007,Lazio,Rieti,BORGOROSE,4591,Comune,337.220,-,152.370,221.160,26.730,-,87.500,12.110,15.620,-,-,-,-,4.300,857.010,5.270,688.300,1550.580,55.27
2015,057009,Lazio,Rieti,CANTALICE,2755,Comune,-,1.360,6.640,16.923,-,0.437,1.583,3.660,-,-,-,-,20.880,-,51.483,-,955.997,1007.480,5.11
2015,057010,Lazio,Rieti,CANTALUPO IN SABINA,1685,Vedi aggregazione: Unione 'Bassa Sabina',-,-,-,-,-,-,-,-,-,-,-,-,-,-,-,-,-,-,-
2015,057011,Lazio,Rieti,CASAPROTA,744,Vedi aggregazione: Unione 'Alta Sabina',-,-,-,-,-,-,-,-,-,-,-,-,-,-,-,-,-,-,-
2015,057012,Lazio,Rieti,CASPERIA,1246,Vedi aggregazione: UNIONE NOVA SABINA E VAL D'AIA,-,-,-,-,-,-,-,-,-,-,-,-,-,-,-,-,-,-,-
2015,057013,Lazio,Rieti,CASTEL DI TORA,288,Comune,-,-,1.220,5.800,-,-,0.570,-,-,-,-,-,9.380,-,16.970,-,139.290,156.260,10.86
2015,057015,Lazio,Rieti,CASTEL SANT'ANGELO,1308,Comune,-,4.120,-,0.790,-,0.120,0.440,3.210,-,-,-,-,-,-,8.680,8.220,605.650,622.550,1.39
2015,057014,Lazio,Rieti,CASTELNUOVO DI FARFA,1059,Vedi aggregazione: Unione dei Comuni della Valle dell'Olio,-,-,-,-,-,-,-,-,-,-,-,-,-,-,-,-,-,-,-
2015,057016,Lazio,Rieti,CITTADUCALE,6828,Comune,369.900,46.820,178.580,311.390,18.100,12.980,33.130,12.636,3.900,4.410,-,-,71.030,-,1062.876,-,1463.040,2525.916,42.08
2015,057017,Lazio,Rieti,CITTAREALE,482,Comune,-,-,0.640,-,-,-,-,3.940,-,-,-,-,7.000,-,11.580,-,238.710,250.290,4.63
2015,057018,Lazio,Rieti,COLLALTO SABINO,442,Comune,-,-,-,1.420,-,-,-,-,-,-,-,-,-,-,1.420,-,312.310,313.730,0.45
2015,057019,Lazio,Rieti,COLLE DI TORA,372,Comune,-,-,1.230,-,-,-,0.490,-,-,-,-,-,17.460,-,19.180,-,176.100,195.280,9.82
2015,057020,Lazio,Rieti,COLLEGIOVE,213,Comune,-,-,-,0.940,-,-,-,-,-,-,-,-,-,-,0.940,-,83.010,83.950,1.12
2015,057021,Lazio,Rieti,COLLEVECCHIO,1577,Comune,-,-,26.720,17.680,-,-,20.770,4.960,2.990,-,-,-,31.160,-,104.280,-,718.780,823.060,12.67
2015,057022,Lazio,Rieti,COLLI SUL VELINO,533,Comune,-,-,2.920,1.910,-,0.300,1.070,1.200,-,-,-,-,-,-,7.400,18.300,182.920,208.620,3.55
2015,057023,Lazio,Rieti,CONCERVIANO,291,Comune,-,-,-,-,-,-,-,-,-,-,-,-,-,-,-,4.920,142.300,147.220,-
2015,057024,Lazio,Rieti,CONFIGNI,633,Vedi aggregazione: UNIONE NOVA SABINA E VAL D'AIA,-,-,-,-,-,-,-,-,-,-,-,-,-,-,-,-,-,-,-
2015,057025,Lazio,Rieti,CONTIGLIANO,3783,Comune,144.360,80.200,127.560,113.540,33.340,-,60.150,19.675,0.840,3.515,-,-,33.900,-,617.080,-,454.160,1071.240,57.60
2015,057026,Lazio,Rieti,COTTANELLO,563,Vedi aggregazione: UNIONE NOVA SABINA E VAL D'AIA,-,-,-,-,-,-,-,-,-,-,-,-,-,-,-,-,-,-,-
2015,057027,Lazio,Rieti,FARA IN SABINA,13742,Comune,210.340,1.140,209.160,222.140,-,0.700,28.020,-,5.940,0.480,-,-,284.000,0.160,962.080,-,5266.838,6228.918,15.45
2015,057028,Lazio,Rieti,FIAMIGNANO,1413,Comune,-,-,-,-,-,-,-,-,2.990,-,-,-,-,-,2.990,-,687.920,690.910,0.43
2015,057029,Lazio,Rieti,FORANO,3179,Vedi aggregazione: Unione 'Bassa Sabina',-,-,-,-,-,-,-,-,-,-,-,-,-,-,-,-,-,-,-
2015,057030,Lazio,Rieti,FRASSO SABINO,743,Aggregazione: Unione dei Comuni della Valle dell'Olio,355.880,-,233.100,256.000,-,35.520,140.240,1.790,9.430,2.300,-,-,157.980,-,1192.240,-,423.220,1615.460,73.80
2015,057031,Lazio,Rieti,GRECCIO,1558,Comune,97.600,-,58.120,29.960,-,3.960,46.340,2.390,-,-,-,-,9.180,-,247.550,-,192.500,440.050,56.26
2015,057032,Lazio,Rieti,LABRO,374,Comune,-,-,-,-,-,-,-,-,-,-,-,-,6.730,-,6.730,-,178.060,184.790,3.64
2015,057033,Lazio,Rieti,LEONESSA,2435,Comune,-,-,-,-,-,-,-,3.720,2.680,0.030,-,-,-,-,6.430,-,1340.680,1347.110,0.48
2015,057034,Lazio,Rieti,LONGONE SABINO,597,Comune,-,-,-,4.820,-,-,-,1.620,2.790,-,-,-,-,-,9.230,1.520,222.040,232.790,3.97
2015,057035,Lazio,Rieti,MAGLIANO SABINA,3774,Comune,219.460,-,205.665,135.220,24.548,25.490,84.140,21.345,14.330,4.259,-,-,58.300,-,792.757,-,593.674,1386.431,57.18
2015,057036,Lazio,Rieti,MARCETELLI,89,Comune,-,-,-,-,-,-,-,-,-,-,-,-,-,-,-,-,34.360,34.360,-
2015,057037,Lazio,Rieti,MICIGLIANO,127,Comune,-,-,-,-,-,-,-,0.735,-,-,-,-,-,-,0.735,8.540,96.400,105.675,0.70
2015,057038,Lazio,Rieti,MOMPEO,530,Comune,29.215,-,11.610,17.430,-,3.075,8.340,1.930,-,0.690,-,-,8.620,0.006,80.916,-,63.740,144.656,55.94
2015,057039,Lazio,Rieti,MONTASOLA,395,Vedi aggregazione: UNIONE NOVA SABINA E VAL D'AIA,-,-,-,-,-,-,-,-,-,-,-,-,-,-,-,-,-,-,-
2015,057043,Lazio,Rieti,MONTE SAN GIOVANNI IN SABINA,714,Comune,-,-,3.660,1.490,-,0.230,4.000,-,-,0.020,-,-,4.980,-,14.380,17.740,260.460,292.580,4.92
2015,057040,Lazio,Rieti,MONTEBUONO,883,Vedi aggregazione: UNIONE NOVA SABINA E VAL D'AIA,-,-,-,-,-,-,-,-,-,-,-,-,-,-,-,-,-,-,-
2015,057041,Lazio,Rieti,MONTELEONE SABINO,1224,Vedi aggregazione: Unione dei Comuni della Valle dell'Olio,-,-,-,-,-,-,-,-,-,-,-,-,-,-,-,-,-,-,-
2015,057042,Lazio,Rieti,MONTENERO SABINO,299,Comune,11.686,-,4.644,6.972,-,1.230,3.336,0.772,-,0.039,-,-,3.448,-,32.127,-,25.476,57.603,55.77
2015,057044,Lazio,Rieti,MONTOPOLI DI SABINA,4210,Vedi aggregazione: Unione 'Bassa Sabina',-,-,-,-,-,-,-,-,-,-,-,-,-,-,-,-,-,-,-
2015,057045,Lazio,Rieti,MORRO REATINO,373,Comune,-,-,3.700,5.576,-,0.216,0.783,1.800,2.160,-,-,-,5.940,-,20.175,-,133.865,154.040,13.10
2015,057046,Lazio,Rieti,NESPOLO,246,Comune,-,-,-,0.700,-,-,-,-,-,-,-,-,1.920,-,2.620,-,92.780,95.400,2.75
2015,057047,Lazio,Rieti,ORVINIO,405,Vedi aggregazione: Unione 'Alta Sabina',-,-,-,-,-,-,-,-,-,-,-,-,-,-,-,-,-,-,-
2015,057048,Lazio,Rieti,PAGANICO,172,Comune,-,-,0.590,1.276,-,-,0.320,-,-,-,-,-,6.860,-,9.046,-,88.540,97.586,9.27
2015,057049,Lazio,Rieti,PESCOROCCHIANO,2075,Comune,-,-,-,1.980,-,-,-,4.020,4.610,0.040,-,-,-,-,10.650,19.540,1007.040,1037.230,1.03
2015,057050,Lazio,Rieti,PETRELLA SALTO,1197,Comune,-,-,1.280,5.700,-,-,0.140,-,-,-,-,-,-,-,7.120,-,627.540,634.660,1.12
2015,057051,Lazio,Rieti,POGGIO BUSTONE,2055,Comune,-,16.660,5.250,5.000,1.180,-,-,2.340,1.640,0.007,-,-,11.420,-,43.497,-,770.370,813.867,5.34
2015,057052,Lazio,Rieti,POGGIO CATINO,1341,Vedi aggregazione: UNIONE NOVA SABINA E VAL D'AIA,-,-,-,-,-,-,-,-,-,-,-,-,-,-,-,-,-,-,-
2015,057053,Lazio,Rieti,POGGIO MIRTETO,6315,Aggregazione: Unione 'Bassa Sabina',1559.640,21.500,714.880,377.818,127.260,74.448,777.929,74.565,4.083,4.420,-,-,130.350,0.340,3867.233,-,1904.080,5771.313,67.01
2015,057054,Lazio,Rieti,POGGIO MOIANO,2751,Aggregazione: Unione 'Alta Sabina',209.300,-,205.520,156.282,-,14.786,46.523,4.870,12.690,2.780,-,-,21.720,2.000,676.471,-,4508.719,5185.190,13.05
2015,057055,Lazio,Rieti,POGGIO NATIVO,2622,Comune,77.800,-,35.600,47.170,-,2.140,35.740,5.500,2.160,2.010,-,-,44.180,-,252.300,-,736.110,988.410,25.53
2015,057056,Lazio,Rieti,POGGIO SAN LORENZO,589,Vedi aggregazione: Unione dei Comuni della Valle dell'Olio,-,-,-,-,-,-,-,-,-,-,-,-,-,-,-,-,-,-,-
2015,057057,Lazio,Rieti,POSTA,694,Comune,4.260,-,5.330,16.699,-,0.240,1.050,1.430,-,-,-,-,8.030,-,37.039,-,265.830,302.869,12.23
2015,057058,Lazio,Rieti,POZZAGLIA SABINA,360,Vedi aggregazione: Unione 'Alta Sabina',-,-,-,-,-,-,-,-,-,-,-,-,-,-,-,-,-,-,-
2015,057059,Lazio,Rieti,RIETI,47698,Comune,1177.100,398.450,1365.980,805.190,261.320,109.900,116.870,240.240,-,7.620,-,-,297.780,10.040,4790.490,-,18105.380,22895.870,20.92
2015,057060,Lazio,Rieti,RIVODUTRI,1253,Comune,-,-,11.220,18.723,-,0.765,2.772,2.240,3.180,-,-,-,-,-,38.900,14.900,525.500,579.300,6.72
2015,057062,Lazio,Rieti,ROCCA SINIBALDA,815,Comune,-,-,1.580,4.220,-,-,-,-,-,-,-,-,-,-,5.800,38.540,436.200,480.540,1.21
2015,057061,Lazio,Rieti,ROCCANTICA,563,Vedi aggregazione: UNIONE NOVA SABINA E VAL D'AIA,-,-,-,-,-,-,-,-,-,-,-,-,-,-,-,-,-,-,-
2015,057063,Lazio,Rieti,SALISANO,567,Comune,-,-,4.760,8.791,-,0.286,1.038,-,2.600,-,-,-,15.720,-,33.195,-,199.205,232.400,14.28
2015,057064,Lazio,Rieti,SCANDRIGLIA,3108,Vedi aggregazione: Unione 'Alta Sabina',-,-,-,-,-,-,-,-,-,-,-,-,-,-,-,-,-,-,-
2015,057065,Lazio,Rieti,SELCI,1106,Aggregazione: UNIONE NOVA SABINA E VAL D'AIA,181.385,-,168.285,105.980,8.900,25.919,212.367,8.330,5.500,0.200,-,-,25.760,-,742.626,-,735.459,1478.085,50.24
2015,057066,Lazio,Rieti,STIMIGLIANO,2328,Vedi aggregazione: Unione 'Bassa Sabina',-,-,-,-,-,-,-,-,-,-,-,-,-,-,-,-,-,-,-
2015,057067,Lazio,Rieti,TARANO,1444,Vedi aggregazione: Unione 'Bassa Sabina',-,-,-,-,-,-,-,-,-,-,-,-,-,-,-,-,-,-,-
2015,057068,Lazio,Rieti,TOFFIA,1058,Vedi aggregazione: Unione dei Comuni della Valle dell'Olio,-,-,-,-,-,-,-,-,-,-,-,-,-,-,-,-,-,-,-
2015,057070,Lazio,Rieti,TORRI IN SABINA,1256,Vedi aggregazione: UNIONE NOVA SABINA E VAL D'AIA,-,-,-,-,-,-,-,-,-,-,-,-,-,-,-,-,-,-,-
2015,057069,Lazio,Rieti,TORRICELLA IN SABINA,1342,Vedi aggregazione: Unione 'Alta Sabina',-,-,-,-,-,-,-,-,-,-,-,-,-,-,-,-,-,-,-
2015,057071,Lazio,Rieti,TURANIA,241,Comune,-,-,-,-,-,-,-,-,-,-,-,-,-,-,-,-,125.780,125.780,-
2015,057072,Lazio,Rieti,VACONE,256,Vedi aggregazione: UNIONE NOVA SABINA E VAL D'AIA,-,-,-,-,-,-,-,-,-,-,-,-,-,-,-,-,-,-,-
2015,057073,Lazio,Rieti,VARCO SABINO,187,Comune,-,-,-,-,-,-,-,-,-,-,-,-,-,-,-,2.800,101.680,104.480,-
2015,058001,Lazio,Roma,AFFILE,1548,Comune,-,-,23.740,26.430,7.780,-,14.580,-,-,0.030,-,-,-,-,72.560,28.880,507.460,608.900,11.92
2015,058002,Lazio,Roma,AGOSTA,1765,Comune,139.915,-,48.790,61.250,4.380,-,38.130,-,1.420,-,-,-,11.500,-,305.385,-,139.050,444.435,68.71
2015,058003,Lazio,Roma,ALBANO LAZIALE,41715,Comune,1415.820,373.780,874.040,373.540,100.715,76.780,616.090,113.917,160.175,16.368,-,-,419.710,9.078,4550.013,-,17425.570,21975.583,20.71
2015,058004,Lazio,Roma,ALLUMIERE,4060,Comune,270.302,44.470,165.370,77.770,74.340,64.110,133.540,42.625,13.200,8.721,-,-,52.200,52.320,998.968,-,375.200,1374.168,72.70
2015,058005,Lazio,Roma,ANGUILLARA SABAZIA,19357,Comune,1170.279,1624.680,711.850,726.940,307.640,38.490,171.120,-,33.900,2.590,-,-,323.270,14.620,5125.379,-,4046.870,9172.249,55.88
2015,058006,Lazio,Roma,ANTICOLI CORRADO,915,Vedi aggregazione: UNIONE COMUNI MEDANIENE,-,-,-,-,-,-,-,-,-,-,-,-,-,-,-,-,-,-,-
2015,058007,Lazio,Roma,ANZIO,54211,Comune,4043.000,4023.000,1929.000,1734.000,469.000,523.330,1287.290,226.000,-,6.080,-,-,459.000,4.100,14703.800,-,17520.380,32224.180,45.63
2015,058008,Lazio,Roma,ARCINAZZO ROMANO,1348,Comune,-,-,16.436,20.900,17.440,-,9.618,8.785,3.780,0.015,-,-,-,-,76.974,66.160,603.397,746.531,10.31
2015,058117,Lazio,Roma,ARDEA,49183,Comune,6879.880,2835.770,952.760,721.240,13.700,45.030,344.450,79.571,0.160,2.830,-,-,1810.600,8.770,13694.761,-,12977.940,26672.701,51.34
2015,058009,Lazio,Roma,ARICCIA,19407,Comune,2122.860,936.090,823.560,711.930,201.880,100.600,182.960,63.037,5.772,2.993,-,-,157.760,-,5309.442,-,3519.670,8829.112,60.14
2015,058010,Lazio,Roma,ARSOLI,1586,Vedi aggregazione: UNIONE COMUNI MEDANIENE,-,-,-,-,-,-,-,-,-,-,-,-,-,-,-,-,-,-,-
2015,058011,Lazio,Roma,ARTENA,14276,Comune,-,-,106.100,60.960,-,9.430,118.020,-,-,0.323,-,-,83.600,-,378.433,-,7119.170,7497.603,5.05
2015,058012,Lazio,Roma,BELLEGRA,2887,Comune,-,-,6.080,2.260,-,-,-,-,3.496,0.266,-,-,-,-,12.102,9.420,908.640,930.162,1.30
2015,058013,Lazio,Roma,BRACCIANO,19384,Comune,1932.000,-,254.380,881.722,88.600,94.926,344.108,46.505,-,0.030,-,-,27.320,-,3669.591,-,3899.864,7569.455,48.48
2015,058014,Lazio,Roma,CAMERATA NUOVA,447,Vedi aggregazione: UNIONE COMUNI MEDANIENE,-,-,-,-,-,-,-,-,-,-,-,-,-,-,-,-,-,-,-
2015,058015,Lazio,Roma,CAMPAGNANO DI ROMA,11571,Comune,578.690,201.020,302.150,385.920,177.820,66.690,234.070,47.018,17.130,16.816,-,-,275.000,-,2302.324,-,1360.060,3662.384,62.86
2015,058016,Lazio,Roma,CANALE MONTERANO,4191,Comune,210.520,98.960,109.640,163.500,57.880,36.400,77.500,26.290,11.400,8.160,-,-,78.060,3.640,881.950,-,600.780,1482.730,59.48
2015,058017,Lazio,Roma,CANTERANO,351,Comune,57.645,-,11.928,14.070,0.880,-,9.250,-,-,-,-,-,0.760,-,94.533,-,35.570,130.103,72.66
2015,058018,Lazio,Roma,CAPENA,10592,Comune,831.460,158.100,366.140,254.760,95.455,54.756,315.280,44.509,-,0.395,-,-,169.940,0.840,2291.635,-,1598.080,3889.715,58.92
2015,058019,Lazio,Roma,CAPRANICA PRENESTINA,351,Comune,-,-,4.370,3.090,-,0.480,2.840,-,-,-,-,-,-,-,10.780,-,208.500,219.280,4.92
2015,058020,Lazio,Roma,CARPINETO ROMANO,4524,Comune,16.682,-,36.030,36.212,-,5.603,42.130,-,9.330,-,-,-,14.010,-,159.997,0.500,1682.572,1843.069,8.68
2015,058021,Lazio,Roma,CASAPE,744,Comune,86.306,-,17.560,16.500,13.440,2.483,14.810,-,-,0.020,-,-,3.180,1.160,155.459,-,61.112,216.571,71.78
2015,058022,Lazio,Roma,CASTEL GANDOLFO,8997,Comune,-,25.710,37.280,75.150,8.235,6.440,22.350,10.790,-,1.454,-,-,-,0.441,187.850,34.940,6640.460,6863.250,2.74
2015,058023,Lazio,Roma,CASTEL MADAMA,7399,Comune,303.500,22.460,310.940,225.410,86.120,3.540,214.600,32.810,21.273,8.552,-,-,130.500,7.140,1366.845,-,694.800,2061.645,66.30
2015,058025,Lazio,Roma,CASTEL SAN PIETRO ROMANO,902,Comune,109.750,1.420,11.940,18.500,1.960,0.230,9.010,0.600,1.660,0.010,-,-,2.210,-,157.290,-,250.970,408.260,38.53
2015,058024,Lazio,Roma,CASTELNUOVO DI PORTO,8630,Comune,913.540,411.560,306.570,476.140,69.940,28.380,102.880,43.669,54.600,6.765,-,-,33.680,-,2447.724,-,668.190,3115.914,78.56
2015,058026,Lazio,Roma,CAVE,11287,Comune,1114.100,29.010,362.820,449.840,85.320,35.520,78.170,46.510,18.330,2.015,-,-,112.720,-,2334.355,-,1400.990,3735.345,62.49
2015,058027,Lazio,Roma,CERRETO LAZIALE,1118,Vedi aggregazione: UNIONE DEI COMUNI VALLE DEL GIOVENZANO,-,-,-,-,-,-,-,-,-,-,-,-,-,-,-,-,-,-,-
2015,058028,Lazio,Roma,CERVARA DI ROMA,455,Vedi aggregazione: UNIONE COMUNI MEDANIENE,-,-,-,-,-,-,-,-,-,-,-,-,-,-,-,-,-,-,-
2015,058029,Lazio,Roma,CERVETERI,37441,Comune,514.600,283.010,421.760,245.520,69.820,36.860,404.580,46.890,-,1.980,-,-,1094.200,-,3119.220,-,20134.800,23254.020,13.41
2015,058118,Lazio,Roma,CIAMPINO,38412,Comune,4226.410,387.750,2306.280,1377.980,447.315,189.410,359.500,142.583,95.600,25.622,-,-,210.740,-,9769.190,-,6394.900,16164.090,60.44
2015,058030,Lazio,Roma,CICILIANO,1336,Aggregazione: UNIONE DEI COMUNI VALLE DEL GIOVENZANO,499.410,10.420,160.690,233.505,51.020,23.920,139.640,33.200,2.666,6.859,-,-,86.020,6.800,1254.150,-,1464.639,2718.789,46.13
2015,058031,Lazio,Roma,CINETO ROMANO,601,Vedi aggregazione: UNIONE COMUNI MEDANIENE,-,-,-,-,-,-,-,-,-,-,-,-,-,-,-,-,-,-,-
2015,058032,Lazio,Roma,CIVITAVECCHIA,52991,Comune,184.190,185.240,796.880,691.048,216.220,14.650,399.804,81.420,-,4.485,-,-,-,-,2573.937,69.220,25176.798,27819.955,9.25
2015,058033,Lazio,Roma,CIVITELLA SAN PAOLO,2066,Comune,244.010,-,42.700,23.534,-,3.642,42.211,-,-,0.490,-,-,11.780,-,368.367,-,158.063,526.430,69.98
2015,058034,Lazio,Roma,COLLEFERRO,21595,Comune,-,84.980,608.380,185.710,-,28.740,389.610,23.460,28.600,1.191,-,-,192.620,-,1543.291,-,9318.260,10861.551,14.21
2015,058035,Lazio,Roma,COLONNA,4287,Comune,128.720,-,102.850,25.940,-,4.010,62.670,-,12.390,1.188,-,-,29.330,-,367.098,-,1870.630,2237.728,16.41
2015,058036,Lazio,Roma,FIANO ROMANO,15360,Comune,927.787,193.380,536.730,308.000,148.490,67.280,477.660,39.703,0.960,5.910,-,-,167.760,2.540,2876.200,-,2731.060,5607.260,51.29
2015,058037,Lazio,Roma,FILACCIANO,477,Comune,2.585,-,7.810,10.250,-,0.760,6.255,-,-,0.025,-,-,2.600,-,30.285,-,71.985,102.270,29.61
2015,058120,Lazio,Roma,FIUMICINO,78395,Comune,4150.960,783.700,1912.960,2361.120,-,149.350,515.350,182.141,16.900,19.278,-,-,866.050,1.020,10958.829,-,32884.100,43842.929,25.00
2015,058122,Lazio,Roma,FONTE NUOVA,32562,Comune,-,0.640,584.170,281.800,76.840,5.920,274.040,1.460,-,0.820,-,-,549.120,-,1774.810,-,15941.380,17716.190,10.02
2015,058038,Lazio,Roma,FORMELLO,12918,Comune,796.720,530.860,623.250,222.720,246.060,73.780,366.700,86.585,0.720,12.398,-,-,163.660,3.840,3127.293,-,1666.530,4793.823,65.24
2015,058039,Lazio,Roma,FRASCATI,22087,Comune,2069.040,472.380,892.490,399.890,168.030,117.940,700.690,175.854,68.609,4.642,-,-,135.960,-,5205.525,-,4360.400,9565.925,54.42
2015,058040,Lazio,Roma,GALLICANO NEL LAZIO,6334,Comune,550.280,29.800,177.190,90.950,43.200,23.960,51.020,-,0.170,0.890,-,-,-,-,967.460,-,831.340,1798.800,53.78
2015,058041,Lazio,Roma,GAVIGNANO,1916,Comune,28.913,-,25.570,27.470,-,4.250,30.090,-,-,0.015,-,-,27.520,-,143.828,-,386.979,530.807,27.10
2015,058042,Lazio,Roma,GENAZZANO,6036,Comune,622.770,17.800,187.390,109.550,-,30.240,187.870,41.448,15.720,0.897,-,-,79.630,-,1293.315,-,765.350,2058.665,62.82
2015,058043,Lazio,Roma,GENZANO DI ROMA,23970,Comune,2767.320,437.160,1021.080,992.680,239.830,73.830,190.990,142.970,69.990,20.591,-,-,182.740,10.660,6149.841,-,3234.396,9384.237,65.53
2015,058044,Lazio,Roma,GERANO,1263,Vedi aggregazione: UNIONE DEI COMUNI VALLE DEL GIOVENZANO,-,-,-,-,-,-,-,-,-,-,-,-,-,-,-,-,-,-,-
2015,058045,Lazio,Roma,GORGA,710,Comune,12.916,-,12.480,11.650,-,1.800,12.970,-,-,-,-,-,11.900,-,63.716,-,167.435,231.151,27.57
2015,058046,Lazio,Roma,GROTTAFERRATA,20327,Comune,1683.820,578.440,741.940,318.151,-,49.230,532.400,42.732,37.600,3.257,-,-,188.240,-,4175.810,-,3853.079,8028.889,52.01
2015,058047,Lazio,Roma,GUIDONIA MONTECELIO,88673,Comune,12644.860,181.520,2996.369,3362.900,-,192.100,696.360,83.372,216.300,20.496,-,-,438.390,106.870,20939.537,-,11539.151,32478.688,64.47
2015,058048,Lazio,Roma,JENNE,366,Comune,-,-,-,2.190,-,-,0.220,-,-,-,-,-,5.700,-,8.110,-,167.295,175.405,4.62
2015,058049,Lazio,Roma,LABICO,6379,Comune,499.520,-,128.420,92.290,-,14.280,183.210,-,13.060,0.040,-,-,98.940,-,1029.760,-,692.080,1721.840,59.81
2015,058116,Lazio,Roma,LADISPOLI,41078,Comune,3136.810,4082.120,2478.840,647.424,758.870,115.902,1233.168,130.830,87.160,16.018,-,-,295.120,0.110,12982.372,-,9131.746,22114.118,58.71
2015,058050,Lazio,Roma,LANUVIO,13632,Comune,467.780,8.360,222.540,183.400,-,-,198.700,9.746,-,-,-,-,-,0.680,1091.206,59.600,4738.240,5889.046,18.53
2015,058115,Lazio,Roma,LARIANO,13432,Comune,1251.880,387.160,382.290,559.420,67.800,35.880,130.050,37.775,10.800,0.661,-,-,84.470,-,2948.186,-,1642.900,4591.086,64.22
2015,058051,Lazio,Roma,LICENZA,1011,Vedi aggregazione: UNIONE COMUNI VALLE USTICA,-,-,-,-,-,-,-,-,-,-,-,-,-,-,-,-,-,-,-
2015,058052,Lazio,Roma,MAGLIANO ROMANO,1448,Comune,-,-,-,-,-,-,-,-,4.135,-,-,-,19.930,-,24.065,-,502.200,526.265,4.57
2015,058053,Lazio,Roma,MANDELA,917,Vedi aggregazione: UNIONE COMUNI VALLE USTICA,-,-,-,-,-,-,-,-,-,-,-,-,-,-,-,-,-,-,-
2015,058054,Lazio,Roma,MANZIANA,7681,Comune,613.150,409.790,364.587,336.040,126.700,33.060,251.600,41.806,29.920,6.430,-,-,43.820,8.590,2265.493,-,1152.680,3418.173,66.28
2015,058055,Lazio,Roma,MARANO EQUO,779,Vedi aggregazione: UNIONE COMUNI MEDANIENE,-,-,-,-,-,-,-,-,-,-,-,-,-,-,-,-,-,-,-
2015,058056,Lazio,Roma,MARCELLINA,7280,Comune,642.400,36.960,201.240,236.543,78.380,26.700,165.220,34.219,10.246,9.430,-,-,116.840,3.120,1561.298,-,752.710,2314.008,67.47
2015,058057,Lazio,Roma,MARINO,43026,Comune,-,1338.270,1330.480,851.260,-,255.380,595.880,64.343,80.380,3.824,-,-,1325.060,-,5844.877,-,17601.800,23446.677,24.93
2015,058058,Lazio,Roma,MAZZANO ROMANO,3165,Comune,193.660,59.880,75.670,149.350,-,7.440,35.550,13.415,-,0.200,-,-,-,-,535.165,46.080,346.580,927.825,57.68
2015,058059,Lazio,Roma,MENTANA,22921,Comune,-,13.220,274.870,130.900,83.020,12.360,147.500,-,25.000,0.600,-,-,509.300,0.160,1196.930,-,7145.680,8342.610,14.35
2015,058064,Lazio,Roma,MONTE PORZIO CATONE,8693,Comune,965.700,199.120,299.300,337.880,62.660,36.660,49.980,25.360,5.490,5.200,-,-,68.030,-,2055.380,-,1145.280,3200.660,64.22
2015,058060,Lazio,Roma,MONTECOMPATRI,11978,Comune,1132.220,-,376.880,265.900,-,-,285.540,2.520,21.710,-,-,-,44.760,-,2129.530,-,1894.720,4024.250,52.92
2015,058061,Lazio,Roma,MONTEFLAVIO,1348,Comune,-,-,3.702,8.810,-,-,2.340,-,1.840,-,-,-,5.420,-,22.112,-,864.280,886.392,2.50
2015,058062,Lazio,Roma,MONTELANICO,2131,Comune,81.880,-,19.610,31.580,-,4.890,41.770,50.424,4.990,-,-,-,26.000,-,261.144,-,276.480,537.624,48.57
2015,058063,Lazio,Roma,MONTELIBRETTI,5323,Comune,82.200,-,53.010,28.997,28.240,0.646,6.653,6.416,10.600,0.150,-,-,30.740,11.640,259.292,-,2130.254,2389.546,10.85
2015,058065,Lazio,Roma,MONTEROTONDO,40830,Comune,1032.260,-,872.740,688.200,16.530,28.700,232.870,30.512,43.143,11.912,-,-,622.900,5.680,3585.447,-,15184.840,18770.287,19.10
2015,058066,Lazio,Roma,MONTORIO ROMANO,1984,Comune,-,-,5.505,12.680,-,-,3.360,-,-,-,-,-,56.340,-,77.885,-,1281.471,1359.356,5.73
2015,058067,Lazio,Roma,MORICONE,2650,Comune,-,-,13.370,18.890,-,-,11.610,-,2.780,-,-,-,-,-,46.650,-,543.060,589.710,7.91
2015,058068,Lazio,Roma,MORLUPO,8696,Comune,766.283,57.060,353.710,312.510,102.300,17.614,219.642,1.725,19.140,5.520,-,-,80.840,3.960,1940.304,-,578.914,2519.218,77.02
2015,058069,Lazio,Roma,NAZZANO,1436,Comune,145.920,-,53.760,25.130,1.440,1.000,52.075,5.520,-,1.299,-,-,26.160,-,312.304,-,367.515,679.819,45.94
2015,058070,Lazio,Roma,NEMI,1943,Comune,-,-,11.410,24.340,-,3.770,22.330,-,0.325,-,-,-,-,-,62.175,-,1654.660,1716.835,3.62
2015,058071,Lazio,Roma,NEROLA,1926,Comune,-,-,5.056,10.540,-,-,3.360,-,0.970,0.010,-,-,64.560,-,84.496,-,1186.679,1271.175,6.65
2015,058072,Lazio,Roma,NETTUNO,49167,Comune,3003.160,2154.360,1671.620,1952.500,309.300,144.750,477.810,155.900,-,10.008,-,-,159.660,0.620,10039.688,-,11935.410,21975.098,45.69
2015,058073,Lazio,Roma,OLEVANO ROMANO,6687,Comune,549.980,17.100,210.630,110.830,-,30.190,200.670,52.306,14.620,0.710,-,-,73.030,-,1260.066,-,888.530,2148.596,58.65
2015,058074,Lazio,Roma,PALESTRINA,21672,Comune,2938.817,203.770,1004.545,595.910,88.765,28.075,450.918,81.089,7.730,6.666,-,-,-,-,5406.285,-,3133.380,8539.665,63.31
2015,058075,Lazio,Roma,PALOMBARA SABINA,13269,Comune,741.570,-,308.630,408.832,-,-,223.600,-,-,1.040,-,-,295.840,-,1979.512,-,1224.680,3204.192,61.78
2015,058076,Lazio,Roma,PERCILE,255,Vedi aggregazione: UNIONE COMUNI VALLE USTICA,-,-,-,-,-,-,-,-,-,-,-,-,-,-,-,-,-,-,-
2015,058077,Lazio,Roma,PISONIANO,770,Vedi aggregazione: UNIONE DEI COMUNI VALLE DEL GIOVENZANO,-,-,-,-,-,-,-,-,-,-,-,-,-,-,-,-,-,-,-
2015,058078,Lazio,Roma,POLI,2418,Comune,-,-,-,-,-,-,-,-,4.630,0.010,-,-,9.160,-,13.800,-,1156.860,1170.660,1.18
2015,058079,Lazio,Roma,POMEZIA,62966,Comune,2302.460,583.860,1558.240,1299.280,235.520,64.740,1072.880,207.135,141.020,13.965,-,-,727.660,13.840,8220.600,455.720,26927.360,35603.680,23.09
2015,058080,Lazio,Roma,PONZANO ROMANO,1155,Comune,-,-,0.130,0.420,-,-,-,-,-,-,-,-,8.180,3.150,11.880,-,500.800,512.680,2.32
2015,058081,Lazio,Roma,RIANO,10466,Comune,665.140,284.680,233.180,309.840,-,0.260,219.170,15.540,25.609,3.620,-,-,120.140,2.080,1879.259,-,1018.940,2898.199,64.84
2015,058082,Lazio,Roma,RIGNANO FLAMINIO,10277,Comune,796.080,409.820,279.770,399.940,-,1.330,224.980,17.073,55.020,1.050,-,-,76.320,0.200,2261.583,-,1071.210,3332.793,67.86
2015,058083,Lazio,Roma,RIOFREDDO,781,Vedi aggregazione: UNIONE COMUNI MEDANIENE,-,-,-,-,-,-,-,-,-,-,-,-,-,-,-,-,-,-,-
2015,058084,Lazio,Roma,ROCCA CANTERANO,196,Vedi aggregazione: UNIONE DEI COMUNI VALLE DEL GIOVENZANO,-,-,-,-,-,-,-,-,-,-,-,-,-,-,-,-,-,-,-
2015,058085,Lazio,Roma,ROCCA DI CAVE,377,Comune,-,-,-,3.210,-,0.500,1.800,-,-,-,-,-,-,-,5.510,-,186.450,191.960,2.87
2015,058086,Lazio,Roma,ROCCA DI PAPA,17034,Comune,486.860,331.580,366.720,247.210,87.800,56.310,432.550,99.106,38.070,3.331,-,-,185.520,28.720,2363.777,-,3881.890,6245.667,37.85
2015,058088,Lazio,Roma,ROCCA PRIORA,11962,Comune,1333.440,11.460,344.060,-,94.740,-,-,-,27.894,0.220,-,-,151.580,-,1963.394,-,3099.300,5062.694,38.78
2015,058089,Lazio,Roma,ROCCA SANTO STEFANO,975,Comune,99.470,-,19.090,33.360,-,-,20.310,-,-,-,-,-,2.080,-,174.310,-,65.180,239.490,72.78
2015,058087,Lazio,Roma,ROCCAGIOVINE,263,Vedi aggregazione: UNIONE COMUNI VALLE USTICA,-,-,-,-,-,-,-,-,-,-,-,-,-,-,-,-,-,-,-
2015,058090,Lazio,Roma,ROIATE,737,Comune,44.680,-,14.320,28.170,-,1.350,4.900,-,-,0.015,-,-,-,-,93.435,6.480,63.960,163.875,57.02
2015,058091,Lazio,Roma,ROMA,2864731,Comune,145997.470,81999.000,246511.990,85930.989,15060.821,8903.730,28258.304,12011.683,9561.010,919.429,-,-,17233.631,362.719,652750.776,311.811,1028181.991,1681244.578,38.83
2015,058092,Lazio,Roma,ROVIANO,1351,Aggregazione: UNIONE COMUNI MEDANIENE,75.520,-,141.620,221.570,4.960,-,125.600,33.234,4.589,1.345,-,-,80.720,-,689.158,32.800,1741.979,2463.937,27.97
2015,058093,Lazio,Roma,SACROFANO,7740,Comune,398.260,230.980,170.020,265.030,103.840,54.130,123.860,28.790,17.310,9.967,-,-,100.240,4.740,1507.167,-,869.880,2377.047,63.41
2015,058094,Lazio,Roma,SAMBUCI,925,Vedi aggregazione: UNIONE DEI COMUNI VALLE DEL GIOVENZANO,-,-,-,-,-,-,-,-,-,-,-,-,-,-,-,-,-,-,-
2015,058119,Lazio,Roma,SAN CESAREO,15153,Comune,735.600,213.820,537.720,255.050,116.420,90.780,353.210,81.907,25.220,13.614,-,-,151.230,5.340,2579.911,-,4917.690,7497.601,34.41
2015,058095,Lazio,Roma,SAN GREGORIO DA SASSOLA,1619,Comune,206.712,-,31.540,58.930,13.540,2.807,25.590,4.161,-,0.065,-,-,6.186,1.438,350.969,-,119.888,470.857,74.54
2015,058096,Lazio,Roma,SAN POLO DEI CAVALIERI,2992,Comune,331.020,-,83.380,122.690,-,-,67.920,-,8.630,0.070,-,-,21.060,-,634.770,-,224.960,859.730,73.83
2015,058100,Lazio,Roma,SAN VITO ROMANO,3273,Comune,392.140,-,96.040,50.160,-,7.760,95.200,-,11.820,0.315,-,-,61.030,-,714.465,-,403.660,1118.125,63.90
2015,058098,Lazio,Roma,SANT'ANGELO ROMANO,5018,Comune,-,-,10.900,41.720,-,-,8.220,-,4.080,0.820,-,-,26.060,-,91.800,-,1640.760,1732.560,5.30
2015,058099,Lazio,Roma,SANT'ORESTE,3687,Comune,344.420,-,129.400,137.200,15.840,20.860,109.440,-,3.460,-,-,-,-,-,760.620,38.580,673.890,1473.090,51.63
2015,058097,Lazio,Roma,SANTA MARINELLA,18783,Comune,1518.376,176.470,598.310,281.950,239.590,68.870,641.870,75.960,51.980,8.136,-,-,408.940,-,4070.452,-,6136.300,10206.752,39.88
2015,058101,Lazio,Roma,SARACINESCO,185,Vedi aggregazione: UNIONE DEI COMUNI VALLE DEL GIOVENZANO,-,-,-,-,-,-,-,-,-,-,-,-,-,-,-,-,-,-,-
2015,058102,Lazio,Roma,SEGNI,9159,Comune,50.619,-,62.770,59.910,-,9.270,67.367,-,5.940,-,-,-,46.070,-,301.946,-,3398.398,3700.344,8.16
2015,058103,Lazio,Roma,SUBIACO,9074,Comune,-,-,45.440,43.450,-,6.720,65.350,-,6.607,0.070,-,-,73.970,-,241.607,-,3910.140,4151.747,5.82
2015,058104,Lazio,Roma,TIVOLI,56533,Comune,1189.980,227.930,1488.608,1141.980,556.900,115.560,595.970,150.826,56.508,21.154,-,-,410.040,7.960,5963.416,-,21812.540,27775.956,21.47
2015,058105,Lazio,Roma,TOLFA,5127,Comune,273.460,20.880,-,-,31.590,16.790,8.830,24.580,15.240,10.560,-,-,21.100,-,423.030,-,1076.300,1499.330,28.22
2015,058106,Lazio,Roma,TORRITA TIBERINA,1089,Comune,99.940,-,32.744,26.526,-,3.698,29.980,-,-,0.547,-,-,-,-,193.435,11.120,164.482,369.037,52.42
2015,058107,Lazio,Roma,TREVIGNANO ROMANO,5725,Comune,569.530,195.780,264.400,301.190,69.420,57.020,136.960,42.881,27.700,4.140,-,-,96.720,-,1765.741,-,1134.760,2900.501,60.88
2015,058108,Lazio,Roma,VALLEPIETRA,283,Comune,20.700,-,13.820,21.370,-,-,6.910,-,-,-,-,-,2.040,-,64.840,-,81.740,146.580,44.24
2015,058109,Lazio,Roma,VALLINFREDA,283,Comune,-,-,-,89.330,-,12.620,45.730,-,0.700,0.110,-,-,3.300,-,151.790,-,80.680,232.470,65.29
2015,058110,Lazio,Roma,VALMONTONE,15959,Comune,52.560,15.500,163.610,65.960,-,10.210,64.640,3.235,17.430,-,-,-,90.480,-,483.625,-,9296.930,9780.555,4.95
2015,058111,Lazio,Roma,VELLETRI,53303,Comune,1936.680,714.450,1067.180,511.320,304.300,102.680,943.950,188.430,143.151,14.106,-,-,712.310,0.620,6639.177,-,18936.750,25575.927,25.96
2015,058112,Lazio,Roma,VICOVARO,4019,Aggregazione: UNIONE COMUNI VALLE USTICA,340.140,1.800,146.840,98.429,26.680,15.312,126.176,10.312,-,2.350,-,-,107.000,-,875.039,-,1173.373,2048.412,42.72
2015,058113,Lazio,Roma,VIVARO ROMANO,182,Vedi aggregazione: UNIONE COMUNI MEDANIENE,-,-,-,-,-,-,-,-,-,-,-,-,-,-,-,-,-,-,-
2015,058114,Lazio,Roma,ZAGAROLO,17843,Comune,1873.960,114.650,519.200,993.970,68.980,102.730,290.030,53.335,19.900,11.474,-,-,115.980,-,4164.209,-,2817.990,6982.199,59.64
2015,056001,Lazio,Viterbo,ACQUAPENDENTE,5506,Comune,508.670,61.600,279.740,210.420,45.410,77.870,67.550,53.600,24.900,1.458,-,-,-,-,1331.218,60.300,1077.660,2469.178,53.91
2015,056002,Lazio,Viterbo,ARLENA DI CASTRO,854,Comune,-,-,8.050,-,-,-,-,-,-,-,-,-,-,-,8.050,-,255.760,263.810,3.05
2015,056003,Lazio,Viterbo,BAGNOREGIO,3650,Comune,309.560,30.360,172.170,109.790,22.580,32.090,48.310,37.550,8.200,0.500,-,-,-,-,771.110,30.520,854.300,1655.930,46.57
2015,056004,Lazio,Viterbo,BARBARANO ROMANO,1077,Comune,-,11.520,35.590,44.840,13.060,1.840,25.700,8.455,7.700,1.270,-,-,11.600,-,161.575,-,229.500,391.075,41.32
2015,056006,Lazio,Viterbo,BASSANO IN TEVERINA,1313,Comune,78.500,-,39.560,20.800,-,9.430,33.210,-,-,-,-,-,50.240,-,231.740,-,124.240,355.980,65.10
2015,056005,Lazio,Viterbo,BASSANO ROMANO,5000,Comune,315.400,-,149.740,140.740,-,7.360,138.640,35.300,-,2.600,-,-,146.840,-,936.620,-,666.360,1602.980,58.43
2015,056007,Lazio,Viterbo,BLERA,3344,Comune,212.820,16.860,73.816,96.410,52.745,9.380,41.738,16.125,8.530,2.013,-,-,54.580,-,585.017,-,403.911,988.928,59.16
2015,056008,Lazio,Viterbo,BOLSENA,3991,Comune,448.560,47.570,151.055,264.147,57.060,54.131,33.980,28.320,18.900,1.342,-,-,58.800,-,1163.865,-,1218.390,2382.255,48.86
2015,056009,Lazio,Viterbo,BOMARZO,1805,Comune,-,5.270,61.187,-,-,5.625,38.513,2.090,-,0.690,-,-,-,-,113.375,-,187.640,301.015,37.66
2015,056010,Lazio,Viterbo,CALCATA,918,Comune,54.920,-,24.760,41.400,-,0.390,26.600,-,-,-,-,-,19.480,-,167.550,-,63.400,230.950,72.55
2015,056011,Lazio,Viterbo,CANEPINA,3082,Comune,-,184.000,89.950,-,-,1.700,60.450,-,-,0.560,-,-,-,-,336.660,-,323.290,659.950,51.01
2015,056012,Lazio,Viterbo,CANINO,5286,Comune,516.000,34.960,138.149,106.780,32.280,28.640,93.275,28.915,13.700,1.030,-,-,74.800,1.750,1070.279,-,557.050,1627.329,65.77
2015,056013,Lazio,Viterbo,CAPODIMONTE,1731,Comune,-,42.890,64.430,22.840,-,7.480,99.450,9.050,11.200,0.180,-,-,43.270,-,300.790,-,1084.930,1385.720,21.71
2015,056014,Lazio,Viterbo,CAPRANICA,6487,Comune,-,226.420,99.700,109.950,-,-,76.760,-,8.080,0.440,-,-,-,-,521.350,-,2349.580,2870.930,18.16
2015,056015,Lazio,Viterbo,CAPRAROLA,5487,Comune,371.640,-,169.200,131.600,-,15.540,265.900,54.190,10.680,5.785,-,-,-,-,1024.535,-,931.130,1955.665,52.39
2015,056016,Lazio,Viterbo,CARBOGNANO,1995,Comune,59.920,-,48.990,41.770,-,-,41.230,-,7.540,0.220,-,-,0.700,-,200.370,-,290.140,490.510,40.85
2015,056017,Lazio,Viterbo,CASTEL SANT'ELIA,2683,Comune,173.680,47.400,75.750,103.010,23.240,5.840,77.860,8.910,-,-,-,-,13.640,-,529.330,-,277.460,806.790,65.61
2015,056018,Lazio,Viterbo,CASTIGLIONE IN TEVERINA,2329,Comune,105.290,8.840,95.450,-,-,15.580,-,10.550,-,1.400,-,-,-,-,237.110,64.940,270.590,572.640,41.41
2015,056019,Lazio,Viterbo,CELLENO,1355,Comune,7.250,-,27.740,16.670,-,0.080,22.110,-,-,0.030,-,-,-,-,73.880,7.120,181.880,262.880,28.10
2015,056020,Lazio,Viterbo,CELLERE,1188,Comune,-,-,10.710,-,-,7.060,-,6.480,-,-,-,-,-,-,24.250,30.220,373.410,427.880,5.67
2015,056021,Lazio,Viterbo,CIVITA CASTELLANA,16491,Comune,2250.000,218.170,184.480,491.500,-,78.551,274.760,1.000,-,0.520,-,-,288.000,-,3786.981,-,1851.699,5638.680,67.16
2015,056022,Lazio,Viterbo,CIVITELLA D'AGLIANO,1640,Comune,105.635,18.060,51.210,24.450,-,10.790,50.160,20.410,5.050,1.165,-,-,17.060,1.100,305.090,-,285.380,590.470,51.67
2015,056023,Lazio,Viterbo,CORCHIANO,3869,Comune,304.780,3.520,132.572,72.116,26.060,19.559,154.462,29.645,0.970,2.608,-,-,33.980,-,780.272,-,198.083,978.355,79.75
2015,056024,Lazio,Viterbo,FABRICA DI ROMA,8340,Comune,610.000,53.640,326.400,-,28.680,10.900,305.070,33.130,-,3.380,-,-,77.580,3.920,1452.700,-,825.550,2278.250,63.76
2015,056025,Lazio,Viterbo,FALERIA,2179,Comune,78.000,7.920,49.660,65.525,-,7.159,33.675,14.170,-,0.090,-,-,31.140,-,287.339,-,211.521,498.860,57.60
2015,056026,Lazio,Viterbo,FARNESE,1527,Comune,-,-,51.193,41.470,-,21.748,18.247,8.470,-,-,-,-,31.840,-,172.968,-,448.812,621.780,27.82
2015,056027,Lazio,Viterbo,GALLESE,2849,Comune,161.920,34.130,84.430,48.190,26.200,19.870,90.900,9.580,5.030,4.201,-,-,36.120,-,520.571,-,267.190,787.761,66.08
2015,056028,Lazio,Viterbo,GRADOLI,1353,Comune,119.340,-,61.540,40.210,-,18.430,19.320,12.085,5.600,0.480,-,-,39.900,-,316.905,-,241.730,558.635,56.73
2015,056029,Lazio,Viterbo,GRAFFIGNANO,2292,Comune,27.040,-,23.440,-,-,-,16.200,0.005,-,-,-,-,8.380,-,75.065,-,394.130,469.195,16.00
2015,056030,Lazio,Viterbo,GROTTE DI CASTRO,2683,Comune,302.040,17.300,107.549,198.515,-,54.324,69.490,14.870,9.300,0.463,-,-,-,-,773.851,69.040,379.822,1222.713,63.29
2015,056031,Lazio,Viterbo,ISCHIA DI CASTRO,2326,Comune,-,18.530,10.340,-,30.820,12.180,13.040,17.380,-,2.499,-,-,15.180,-,119.969,-,437.090,557.059,21.54
2015,056032,Lazio,Viterbo,LATERA,836,Comune,100.570,-,22.550,18.478,-,2.859,10.365,5.905,-,0.175,-,-,-,-,160.902,25.850,125.828,312.580,51.48
2015,056033,Lazio,Viterbo,LUBRIANO,909,Comune,34.190,-,28.660,29.110,-,6.120,10.720,-,5.800,0.120,-,-,-,-,114.720,22.050,123.960,260.730,44.00
2015,056034,Lazio,Viterbo,MARTA,3499,Comune,-,43.039,121.326,166.667,47.620,19.957,52.373,19.170,-,-,-,-,-,-,470.152,78.940,696.847,1245.939,37.74
2015,056035,Lazio,Viterbo,MONTALTO DI CASTRO,9039,Comune,423.280,582.590,273.490,267.240,125.360,16.710,134.960,63.386,17.100,1.364,-,-,96.200,-,2001.680,-,4411.430,6413.110,31.21
2015,056037,Lazio,Viterbo,MONTE ROMANO,2054,Comune,-,-,1.440,-,-,7.040,-,-,1.700,-,-,-,-,-,10.180,33.320,893.910,937.410,1.09
2015,056036,Lazio,Viterbo,MONTEFIASCONE,13432,Comune,1341.900,191.340,644.850,783.877,157.100,62.095,151.000,111.180,29.700,12.340,-,-,116.940,2.710,3605.032,-,1939.298,5544.330,65.02
2015,056038,Lazio,Viterbo,MONTEROSI,4448,Comune,151.010,328.110,116.500,126.000,67.760,27.190,64.670,13.630,-,0.260,-,-,74.820,-,969.950,-,711.110,1681.060,57.70
2015,056039,Lazio,Viterbo,NEPI,9687,Comune,619.000,538.655,733.850,703.930,-,141.760,559.610,120.840,150.000,18.500,-,-,-,-,3586.145,-,1567.070,5153.215,69.59
2015,056040,Lazio,Viterbo,ONANO,995,Comune,113.390,-,42.680,60.050,-,12.290,40.520,-,-,0.080,-,-,-,-,269.010,10.800,117.830,397.640,67.65
2015,056041,Lazio,Viterbo,ORIOLO ROMANO,3811,Comune,256.160,69.620,20.230,-,43.120,1.400,9.820,9.650,7.400,5.480,-,-,33.060,-,455.940,-,291.520,747.460,61.00
2015,056042,Lazio,Viterbo,ORTE,8923,Comune,-,-,-,-,-,-,-,18.480,-,-,-,-,-,-,18.480,41.140,2118.780,2178.400,0.85
2015,056043,Lazio,Viterbo,PIANSANO,2079,Comune,106.050,20.560,38.350,2.037,28.630,22.995,1.143,14.650,-,1.380,-,-,82.280,-,318.075,-,225.875,543.950,58.48
2015,056044,Lazio,Viterbo,PROCENO,557,Comune,-,-,14.870,-,-,-,-,-,-,-,-,-,-,-,14.870,-,155.920,170.790,8.71
2015,056045,Lazio,Viterbo,RONCIGLIONE,8669,Comune,553.690,141.700,338.250,218.150,126.482,22.820,109.760,28.690,7.340,0.320,-,-,179.240,-,1726.442,-,1247.140,2973.582,58.06
2015,056047,Lazio,Viterbo,SAN LORENZO NUOVO,2091,Comune,178.600,23.620,69.590,0.372,-,17.028,0.209,5.940,-,0.627,-,-,15.840,-,311.826,-,345.701,657.527,47.42
2015,056048,Lazio,Viterbo,SORIANO NEL CIMINO,8403,Comune,759.890,-,311.650,161.480,-,31.300,264.530,27.995,17.900,-,-,-,225.320,3.000,1803.065,-,1084.410,2887.475,62.44
2015,056049,Lazio,Viterbo,SUTRI,6709,Comune,-,76.520,36.350,-,-,3.360,17.850,10.140,-,0.300,-,-,-,-,144.520,436.620,2840.080,3421.220,4.22
2015,056050,Lazio,Viterbo,TARQUINIA,16475,Comune,1148.760,623.360,634.462,536.660,576.360,39.833,324.380,117.170,39.400,8.510,-,-,340.470,39.390,4428.755,-,6494.750,10923.505,40.54
2015,056051,Lazio,Viterbo,TESSENNANO,345,Comune,-,-,4.830,-,-,-,-,-,-,-,-,-,-,-,4.830,-,122.000,126.830,3.81
2015,056052,Lazio,Viterbo,TUSCANIA,8451,Comune,-,-,95.930,113.470,176.780,50.350,3.500,31.900,13.440,2.510,-,-,212.900,3.280,704.060,-,3538.302,4242.362,16.60
2015,056053,Lazio,Viterbo,VALENTANO,2868,Comune,-,45.150,77.690,33.570,-,24.840,11.190,14.510,18.300,0.240,-,-,-,-,225.490,47.300,1443.610,1716.400,13.14
2015,056054,Lazio,Viterbo,VALLERANO,2621,Comune,-,-,48.000,-,-,-,43.400,-,-,0.385,-,-,7.120,0.270,99.175,-,413.690,512.865,19.34
2015,056055,Lazio,Viterbo,VASANELLO,4068,Comune,404.700,24.431,115.885,138.600,17.710,3.140,85.315,-,6.010,0.520,-,-,41.614,1.190,839.115,-,366.920,1206.035,69.58
2015,056056,Lazio,Viterbo,VEJANO,2254,Comune,129.520,-,48.240,57.900,-,-,-,5.290,-,0.080,-,-,51.880,-,292.910,-,306.260,599.170,48.89
2015,056057,Lazio,Viterbo,VETRALLA,14037,Comune,-,53.655,433.244,220.490,60.730,58.080,170.578,37.335,20.900,5.650,-,-,69.880,-,1130.542,-,5482.780,6613.322,17.10
2015,056058,Lazio,Viterbo,VIGNANELLO,4652,Comune,465.710,25.960,131.115,160.810,26.054,9.720,101.450,24.765,7.510,1.072,-,-,48.875,2.440,1005.481,-,469.500,1474.981,68.17
2015,056046,Lazio,Viterbo,VILLA SAN GIOVANNI IN TUSCIA,1331,Comune,-,-,32.440,38.120,12.690,2.700,28.260,-,-,-,-,-,-,-,114.210,18.660,141.000,273.870,41.70
2015,056059,Lazio,Viterbo,VITERBO,67173,Comune,4644.040,479.860,3568.335,2936.070,339.096,157.040,399.230,295.150,213.260,27.070,-,-,785.580,2.710,13847.441,-,14383.120,28230.561,49.05
2015,056060,Lazio,Viterbo,VITORCHIANO,5233,Comune,364.970,3.000,132.080,154.850,-,-,104.940,-,-,0.180,-,-,75.740,-,835.760,-,652.660,1488.420,56.15
2016,060001,Lazio,Frosinone,ACQUAFONDATA,270,Vedi aggregazione: XIV COMUNITA' VALLE DI COMINO,-,-,-,-,-,-,-,-,-,-,-,-,-,-,-,-,-,-,-
2016,060002,Lazio,Frosinone,ACUTO,1915,Comune,132.900,-,31.740,36.600,-,5.660,53.410,-,6.621,0.540,-,-,28.980,8.310,304.761,-,348.600,653.361,46.65
2016,060003,Lazio,Frosinone,ALATRI,28884,Comune,2295.400,439.260,1132.498,501.800,-,85.870,357.630,99.773,45.853,9.012,108.120,-,201.090,92.770,5369.076,-,2699.670,8068.746,66.54
2016,060004,Lazio,Frosinone,ALVITO,2678,Vedi aggregazione: Unione Comuni 'Val Comino',-,-,-,-,-,-,-,-,-,-,-,-,-,-,-,-,-,-,-
2016,060005,Lazio,Frosinone,AMASENO,4375,Comune,-,-,8.080,14.120,-,2.180,7.920,-,2.534,-,-,-,0.580,3.090,38.504,-,1619.420,1657.924,2.32
2016,060006,Lazio,Frosinone,ANAGNI,21411,Comune,2047.130,-,700.300,994.850,-,60.830,222.490,30.716,27.555,0.280,-,-,166.824,85.910,4336.885,-,2423.380,6760.265,64.15
2016,060007,Lazio,Frosinone,AQUINO,5358,Comune,583.740,-,153.740,92.850,-,11.520,45.490,-,15.915,-,-,-,-,16.260,919.515,-,502.300,1421.815,64.67
2016,060008,Lazio,Frosinone,ARCE,5697,Comune,339.580,27.340,146.055,264.630,-,11.520,41.740,19.295,21.805,0.468,-,-,-,16.260,888.693,46.500,952.180,1887.373,47.09
2016,060009,Lazio,Frosinone,ARNARA,2302,Comune,94.400,-,31.010,54.550,-,1.820,44.350,-,1.828,-,-,-,6.030,5.880,239.868,-,231.480,471.348,50.89
2016,060010,Lazio,Frosinone,ARPINO,7193,Comune,446.220,-,181.000,279.530,-,20.850,159.450,13.653,37.190,0.068,-,-,-,30.080,1168.041,16.940,898.540,2083.521,56.06
2016,060011,Lazio,Frosinone,ATINA,4258,Aggregazione: XIV COMUNITA' VALLE DI COMINO,59.880,-,349.063,493.868,3.490,16.940,86.076,29.129,2.260,0.340,-,-,14.690,24.190,1079.926,7.550,3582.110,4669.586,23.13
2016,060012,Lazio,Frosinone,AUSONIA,2593,Comune,-,-,4.880,17.370,-,2.690,9.740,5.431,4.785,0.070,-,-,-,3.800,48.766,-,866.440,915.206,5.33
2016,060013,Lazio,Frosinone,BELMONTE CASTELLO,727,Vedi aggregazione: XIV COMUNITA' VALLE DI COMINO,-,-,-,-,-,-,-,-,-,-,-,-,-,-,-,-,-,-,-
2016,060014,Lazio,Frosinone,BOVILLE ERNICA,8609,Comune,395.640,-,131.480,325.450,-,15.410,55.870,19.430,-,0.408,-,7.840,22.600,23.730,997.858,-,1319.020,2316.878,43.07
2016,060015,Lazio,Frosinone,BROCCOSTELLA,2710,Comune,-,-,48.380,86.180,-,0.200,0.300,1.900,0.450,0.100,-,-,1.850,6.160,145.520,-,708.240,853.760,17.05
2016,060016,Lazio,Frosinone,CAMPOLI APPENNINO,1696,Comune,-,-,22.400,-,-,-,-,-,4.918,0.160,-,-,9.230,-,36.708,-,298.580,335.288,10.95
2016,060017,Lazio,Frosinone,CASALATTICO,561,Comune,-,-,10.750,24.260,0.340,-,-,1.960,-,-,-,-,2.190,12.790,52.290,-,45.800,98.090,53.31
2016,060018,Lazio,Frosinone,CASALVIERI,2679,Vedi aggregazione: XIV COMUNITA' VALLE DI COMINO,-,-,-,-,-,-,-,-,-,-,-,-,-,-,-,-,-,-,-
2016,060019,Lazio,Frosinone,CASSINO,36460,Comune,4468.960,43.080,1791.050,2111.320,126.880,141.150,411.880,256.660,102.825,3.250,-,-,0.334,160.500,9617.888,-,5282.420,14900.308,64.55
2016,060020,Lazio,Frosinone,CASTELLIRI,3447,Comune,368.440,-,127.670,185.100,-,11.090,40.190,4.365,2.241,0.276,-,-,6.420,15.650,761.442,-,231.270,992.712,76.70
2016,060021,Lazio,Frosinone,CASTELNUOVO PARANO,883,Comune,-,-,14.465,-,-,-,-,-,-,-,-,-,-,-,14.465,-,337.480,351.945,4.11
2016,060023,Lazio,Frosinone,CASTRO DEI VOLSCI,4756,Comune,301.700,-,120.910,230.010,-,10.990,39.850,7.345,-,0.285,-,-,9.800,15.520,736.410,-,358.060,1094.470,67.29
2016,060022,Lazio,Frosinone,CASTROCIELO,4001,Comune,-,-,139.083,140.120,-,5.860,179.170,6.090,11.225,0.005,-,-,19.805,2.020,503.378,-,725.840,1229.218,40.95
2016,060024,Lazio,Frosinone,CECCANO,23494,Comune,1463.660,22.180,641.380,653.880,157.440,192.950,450.210,65.921,61.220,2.165,109.800,-,134.690,88.970,4044.466,-,3052.700,7097.166,56.99
2016,060025,Lazio,Frosinone,CEPRANO,8875,Comune,905.160,-,303.145,446.010,4.300,25.150,90.800,36.162,38.625,0.239,-,-,50.160,36.870,1936.621,-,977.840,2914.461,66.45
2016,060026,Lazio,Frosinone,CERVARO,8094,Comune,696.620,-,81.840,63.497,-,0.100,42.030,4.725,25.850,0.085,-,-,13.440,0.140,928.327,-,985.460,1913.787,48.51
2016,060027,Lazio,Frosinone,COLFELICE,1928,Comune,124.920,-,46.380,90.830,-,5.370,19.470,0.340,8.326,-,-,-,7.160,7.590,310.386,-,189.900,500.286,62.04
2016,060029,Lazio,Frosinone,COLLE SAN MAGNO,683,Comune,71.600,-,14.880,31.930,-,1.430,5.180,-,5.240,-,-,-,-,2.020,132.280,-,44.740,177.020,74.73
2016,060028,Lazio,Frosinone,COLLEPARDO,961,Comune,-,-,2.600,3.540,-,0.550,1.980,-,-,0.080,-,-,-,0.770,9.520,-,381.620,391.140,2.43
2016,060030,Lazio,Frosinone,CORENO AUSONIO,1621,Comune,-,-,5.780,16.940,-,2.620,9.500,4.780,5.320,-,-,-,4.920,3.710,53.570,-,390.900,444.470,12.05
2016,060031,Lazio,Frosinone,ESPERIA,3796,Comune,-,-,19.300,26.560,0.550,0.130,6.120,2.000,-,-,-,-,26.160,-,80.820,-,1335.940,1416.760,5.71
2016,060032,Lazio,Frosinone,FALVATERRA,559,Comune,1.700,-,1.380,-,-,-,-,5.131,0.895,-,-,-,-,-,9.106,4.320,26.880,40.306,22.59
2016,060033,Lazio,Frosinone,FERENTINO,21131,Comune,843.600,22.660,504.290,783.270,-,38.970,141.280,86.460,-,1.091,10.260,-,-,62.050,2493.931,95.280,5428.550,8017.761,31.11
2016,060034,Lazio,Frosinone,FILETTINO,553,Comune,10.440,-,2.100,-,-,-,8.800,1.250,-,-,-,-,8.680,-,31.270,-,310.060,341.330,9.16
2016,060035,Lazio,Frosinone,FIUGGI,10529,Comune,1120.460,23.240,361.240,331.270,-,12.580,323.820,80.570,24.672,0.190,-,-,109.660,17.770,2405.472,-,2528.640,4934.112,48.75
2016,060036,Lazio,Frosinone,FONTANA LIRI,2944,Comune,308.080,-,70.340,83.640,-,-,72.000,9.630,3.696,-,-,-,30.620,8.920,586.926,-,297.500,884.426,66.36
2016,060037,Lazio,Frosinone,FONTECHIARI,1304,Comune,49.300,-,22.780,56.110,0.790,2.660,9.660,3.850,-,0.280,-,-,2.370,3.760,151.560,-,106.510,258.070,58.73
2016,060038,Lazio,Frosinone,FROSINONE,46120,Comune,524.160,838.120,1404.639,1057.080,0.840,46.770,169.530,94.820,15.700,2.385,24.900,-,-,69.710,4248.654,245.460,23049.320,27543.434,15.43
2016,060039,Lazio,Frosinone,FUMONE,2101,Comune,107.700,-,31.200,81.830,-,10.720,23.240,6.038,4.084,0.100,-,-,8.880,1.760,275.552,8.880,226.100,510.532,53.97
2016,060040,Lazio,Frosinone,GALLINARO,1265,Vedi aggregazione: Unione Comuni 'Val Comino',-,-,-,-,-,-,-,-,-,-,-,-,-,-,-,-,-,-,-
2016,060041,Lazio,Frosinone,GIULIANO DI ROMA,2420,Comune,59.320,-,53.800,106.340,-,4.690,16.990,5.185,0.260,0.435,-,-,27.200,6.620,280.840,-,336.210,617.050,45.51
2016,060042,Lazio,Frosinone,GUARCINO,1610,Comune,-,-,4.480,9.000,-,0.670,2.440,-,3.602,0.319,-,-,-,0.960,21.471,2.940,570.540,594.951,3.61
2016,060043,Lazio,Frosinone,ISOLA DEL LIRI,11584,Comune,1357.660,50.940,475.800,209.120,-,32.290,117.060,42.673,0.220,2.594,8.278,-,66.180,45.610,2408.425,-,1480.600,3889.025,61.93
2016,060044,Lazio,Frosinone,MONTE SAN GIOVANNI CAMPANO,12847,Comune,896.580,-,249.050,603.090,-,36.530,132.430,35.220,25.750,0.483,-,-,-,52.120,2031.253,42.600,1432.060,3505.913,57.94
2016,060045,Lazio,Frosinone,MOROLO,3271,Comune,202.400,-,88.342,173.110,-,7.390,26.800,-,4.556,0.200,-,-,18.700,10.440,531.938,-,417.900,949.838,56.00
2016,060046,Lazio,Frosinone,PALIANO,8223,Comune,599.460,-,254.080,338.260,0.620,16.340,59.610,10.920,2.170,4.160,66.240,-,141.730,26.980,1520.570,-,954.900,2475.470,61.43
2016,060047,Lazio,Frosinone,PASTENA,1453,Comune,-,-,9.180,29.040,-,-,19.330,-,-,-,-,-,-,-,57.550,-,411.700,469.250,12.26
2016,060048,Lazio,Frosinone,PATRICA,3178,Comune,103.620,-,82.060,121.960,-,3.770,13.650,4.579,5.610,-,-,-,5.300,5.320,345.869,-,808.310,1154.179,29.97
2016,060049,Lazio,Frosinone,PESCOSOLIDO,1551,Comune,-,-,19.800,38.960,-,-,-,1.100,7.974,-,-,-,4.140,0.400,72.374,-,258.725,331.099,21.86
2016,060050,Lazio,Frosinone,PICINISCO,1200,Vedi aggregazione: XIV COMUNITA' VALLE DI COMINO,-,-,-,-,-,-,-,-,-,-,-,-,-,-,-,-,-,-,-
2016,060051,Lazio,Frosinone,PICO,2858,Comune,187.400,-,64.870,109.440,-,5.360,19.440,2.060,3.430,-,-,-,8.140,7.590,407.730,-,241.640,649.370,62.79
2016,060052,Lazio,Frosinone,PIEDIMONTE SAN GERMANO,6523,Comune,823.920,-,272.900,334.280,-,23.740,86.050,-,15.595,-,-,-,35.340,33.520,1625.345,-,981.140,2606.485,62.36
2016,060053,Lazio,Frosinone,PIGLIO,4637,Comune,364.340,-,191.840,127.410,-,22.570,14.140,11.040,11.370,0.805,-,-,-,11.500,755.015,42.660,354.800,1152.475,65.51
2016,060054,Lazio,Frosinone,PIGNATARO INTERAMNA,2570,Comune,152.120,-,78.980,132.630,0.030,7.390,26.150,1.205,-,-,-,-,6.725,10.200,415.430,-,242.640,658.070,63.13
2016,060055,Lazio,Frosinone,POFI,4190,Comune,-,-,67.947,110.520,-,-,87.580,16.770,6.755,-,-,-,41.960,-,331.532,-,733.110,1064.642,31.14
2016,060056,Lazio,Frosinone,PONTECORVO,13200,Comune,-,0.240,1.610,15.040,-,-,1.640,15.535,20.685,0.095,-,-,47.440,1.320,103.605,-,5390.600,5494.205,1.89
2016,060057,Lazio,Frosinone,POSTA FIBRENO,1127,Comune,53.280,-,21.330,65.130,0.690,1.950,7.080,2.630,4.280,0.020,-,-,-,2.770,159.160,2.670,217.110,378.940,42.00
2016,060058,Lazio,Frosinone,RIPI,5256,Comune,184.260,-,120.770,116.790,-,-,100.140,13.760,0.580,0.402,-,-,19.260,27.760,583.722,-,972.440,1556.162,37.51
2016,060059,Lazio,Frosinone,ROCCA D'ARCE,945,Comune,97.960,-,21.360,29.920,-,2.920,26.640,3.470,3.900,-,-,-,1.810,4.820,192.800,-,41.760,234.560,82.20
2016,060060,Lazio,Frosinone,ROCCASECCA,7409,Comune,671.180,11.640,195.396,339.870,-,17.360,62.920,14.170,3.400,0.448,-,-,30.200,24.520,1371.104,-,1022.020,2393.124,57.29
2016,060061,Lazio,Frosinone,SAN BIAGIO SARACINISCO,338,Vedi aggregazione: XIV COMUNITA' VALLE DI COMINO,-,-,-,-,-,-,-,-,-,-,-,-,-,-,-,-,-,-,-
2016,060062,Lazio,Frosinone,SAN DONATO VAL DI COMINO,2076,Aggregazione: Unione Comuni 'Val Comino',417.560,-,155.190,365.070,17.500,15.930,42.980,27.362,8.712,0.040,-,-,-,16.990,1067.334,23.372,1225.870,2316.576,46.07
2016,060063,Lazio,Frosinone,SAN GIORGIO A LIRI,3150,Comune,129.880,-,58.600,75.530,-,3.680,13.320,3.140,1.300,0.047,-,-,8.000,5.190,298.687,-,1197.480,1496.167,19.96
2016,060064,Lazio,Frosinone,SAN GIOVANNI INCARICO,3307,Comune,324.820,-,73.270,-,-,-,-,-,0.490,-,-,-,10.510,-,409.090,-,524.720,933.810,43.81
2016,060070,Lazio,Frosinone,SAN VITTORE DEL LAZIO,2576,Comune,-,-,-,-,-,-,-,-,2.250,0.025,-,-,9.220,3.500,14.995,-,1073.600,1088.595,1.38
2016,060065,Lazio,Frosinone,SANT'AMBROGIO SUL GARIGLIANO,969,Comune,71.420,-,17.300,27.375,-,2.990,31.930,1.516,0.750,-,-,-,2.874,4.440,160.595,-,35.900,196.495,81.73
2016,060066,Lazio,Frosinone,SANT'ANDREA DEL GARIGLIANO,1491,Comune,20.900,-,16.560,-,-,-,-,-,-,-,-,-,28.760,-,66.220,-,158.900,225.120,29.42
2016,060067,Lazio,Frosinone,SANT'APOLLINARE,1892,Comune,158.220,-,35.540,57.950,-,-,46.140,7.930,11.310,0.260,-,-,29.800,-,347.150,-,186.100,533.250,65.10
2016,060068,Lazio,Frosinone,SANT'ELIA FIUMERAPIDO,6112,Comune,170.760,-,169.210,-,-,-,-,-,-,0.220,12.040,-,59.790,-,412.020,-,1406.420,1818.440,22.66
2016,060069,Lazio,Frosinone,SANTOPADRE,1350,Comune,-,-,-,-,-,-,-,-,0.678,-,-,-,4.420,-,5.098,-,330.480,335.578,1.52
2016,060071,Lazio,Frosinone,SERRONE,3060,Comune,214.080,-,79.120,130.520,-,5.210,18.900,18.261,7.098,0.530,45.900,-,65.300,7.370,592.289,-,449.620,1041.909,56.85
2016,060072,Lazio,Frosinone,SETTEFRATI,732,Vedi aggregazione: Unione Comuni 'Val Comino',-,-,-,-,-,-,-,-,-,-,-,-,-,-,-,-,-,-,-
2016,060073,Lazio,Frosinone,SGURGOLA,2667,Comune,131.160,-,32.050,81.310,-,1.010,49.900,6.382,2.911,0.150,-,-,8.640,1.430,314.943,-,311.260,626.203,50.29
2016,060074,Lazio,Frosinone,SORA,26057,Comune,2888.100,577.020,1440.670,872.560,139.620,89.800,834.380,143.950,132.910,7.190,-,-,-,-,7126.200,-,3786.850,10913.050,65.30
2016,060075,Lazio,Frosinone,STRANGOLAGALLI,2450,Comune,104.960,-,82.104,75.200,-,18.170,72.680,2.360,8.360,0.030,-,-,5.390,11.580,380.834,-,224.960,605.794,62.87
2016,060076,Lazio,Frosinone,SUPINO,4879,Comune,-,-,99.490,208.280,43.700,8.960,32.470,17.285,13.055,-,-,-,46.920,12.650,482.810,-,1103.120,1585.930,30.44
2016,060077,Lazio,Frosinone,TERELLE,392,Comune,-,-,-,-,-,-,-,-,-,-,-,-,0.430,-,0.430,-,139.400,139.830,0.31
2016,060078,Lazio,Frosinone,TORRE CAJETANI,1345,Comune,143.220,-,16.140,53.590,-,2.540,9.200,1.545,5.545,-,-,-,-,3.580,235.360,2.220,185.620,423.200,55.61
2016,060079,Lazio,Frosinone,TORRICE,4796,Comune,-,-,31.920,83.510,-,3.050,11.060,-,-,-,-,-,-,4.310,133.850,15.420,1659.050,1808.320,7.40
2016,060080,Lazio,Frosinone,TREVI NEL LAZIO,1790,Comune,-,-,6.660,6.740,-,1.040,6.970,-,-,0.090,-,-,4.460,1.470,27.430,-,1075.340,1102.770,2.49
2016,060081,Lazio,Frosinone,TRIVIGLIANO,1703,Comune,-,-,21.700,-,-,-,-,-,4.695,0.030,-,-,-,-,26.425,-,257.140,283.565,9.32
2016,060082,Lazio,Frosinone,VALLECORSA,2621,Comune,-,-,12.480,20.280,-,0.460,1.680,-,-,-,-,-,-,0.670,35.570,-,795.680,831.250,4.28
2016,060083,Lazio,Frosinone,VALLEMAIO,937,Comune,-,-,4.460,21.727,-,1.490,23.810,0.039,-,-,-,-,4.380,3.790,59.696,-,132.000,191.696,31.14
2016,060084,Lazio,Frosinone,VALLEROTONDA,1553,Comune,-,-,-,-,-,-,-,-,0.727,-,-,-,34.180,-,34.907,-,619.240,654.147,5.34
2016,060085,Lazio,Frosinone,VEROLI,20525,Comune,1623.020,-,485.420,1022.430,-,47.520,172.250,48.961,-,1.463,-,-,-,67.350,3468.414,71.280,2661.300,6200.994,55.93
2016,060086,Lazio,Frosinone,VICALVI,761,Vedi aggregazione: Unione Comuni 'Val Comino',-,-,-,-,-,-,-,-,-,-,-,-,-,-,-,-,-,-,-
2016,060087,Lazio,Frosinone,VICO NEL LAZIO,2191,Comune,134.067,-,46.750,117.340,-,5.890,21.360,-,6.600,0.130,-,-,-,8.330,340.467,7.820,231.280,579.567,58.75
2016,060088,Lazio,Frosinone,VILLA LATINA,1217,Vedi aggregazione: XIV COMUNITA' VALLE DI COMINO,-,-,-,-,-,-,-,-,-,-,-,-,-,-,-,-,-,-,-
2016,060089,Lazio,Frosinone,VILLA SANTA LUCIA,2619,Comune,196.120,-,57.380,121.640,-,6.920,25.100,-,13.040,-,-,-,-,9.780,429.980,-,277.400,707.380,60.79
2016,060090,Lazio,Frosinone,VILLA SANTO STEFANO,1700,Comune,76.400,-,25.790,67.950,-,-,47.750,-,10.185,-,-,-,-,-,228.075,-,155.280,383.355,59.49
2016,060091,Lazio,Frosinone,VITICUSO,338,Vedi aggregazione: XIV COMUNITA' VALLE DI COMINO,-,-,-,-,-,-,-,-,-,-,-,-,-,-,-,-,-,-,-
2016,059001,Lazio,Latina,APRILIA,73934,Comune,5681.130,1113.780,2274.070,2154.020,625.215,210.680,816.330,307.985,191.060,73.667,945.980,-,813.200,316.130,15523.247,-,19102.040,34625.287,44.83
2016,059002,Lazio,Latina,BASSIANO,1554,Comune,72.200,-,1.380,76.206,-,11.792,42.746,0.340,-,0.065,-,-,0.014,16.656,221.399,-,256.260,477.659,46.35
2016,059003,Lazio,Latina,CAMPODIMELE,606,Comune,58.520,-,17.580,17.580,-,-,23.120,1.370,2.050,-,-,-,14.560,-,134.780,-,47.710,182.490,73.86
2016,059004,Lazio,Latina,CASTELFORTE,4303,Comune,568.020,56.140,108.960,147.450,-,20.920,102.140,8.600,-,1.776,-,-,49.080,-,1063.086,-,515.380,1578.466,67.35
2016,059005,Lazio,Latina,CISTERNA DI LATINA,36923,Comune,1679.480,2279.400,822.640,540.910,197.460,105.080,414.770,104.848,109.093,10.848,-,-,694.030,136.335,7094.894,-,12044.920,19139.814,37.07
2016,059006,Lazio,Latina,CORI,10996,Comune,1240.820,145.300,276.480,256.320,80.560,25.860,182.900,26.885,20.820,0.950,-,-,238.160,1.880,2496.935,-,1403.460,3900.395,64.02
2016,059007,Lazio,Latina,FONDI,39736,Comune,2583.900,435.380,1570.890,1031.310,149.300,80.360,168.525,276.495,62.520,12.710,23.950,-,408.840,7.940,6812.120,-,13922.990,20735.110,32.85
2016,059008,Lazio,Latina,FORMIA,38145,Comune,4655.940,1880.760,1910.800,1601.340,520.660,179.760,601.000,160.955,147.160,20.304,279.170,-,623.320,102.398,12683.567,-,6267.500,18951.067,66.93
2016,059009,Lazio,Latina,GAETA,20674,Comune,2384.020,313.680,1085.710,762.880,151.200,157.690,411.780,62.160,100.520,9.640,289.540,-,378.960,63.260,6171.040,-,6254.220,12425.260,49.67
2016,059010,Lazio,Latina,ITRI,10703,Comune,966.060,107.920,333.560,411.080,119.800,103.150,110.030,38.875,18.100,6.920,160.160,-,176.160,28.390,2580.205,-,1351.460,3931.665,65.63
2016,059011,Lazio,Latina,LATINA,126151,Comune,8327.760,1678.680,3329.374,2457.540,911.650,416.870,1130.400,287.050,-,51.346,1752.180,-,216.610,442.680,21002.140,-,47109.020,68111.160,30.84
2016,059012,Lazio,Latina,LENOLA,4170,Comune,364.288,-,79.360,137.140,29.220,15.460,71.320,16.955,16.910,1.000,-,-,14.820,-,746.473,-,472.280,1218.753,61.25
2016,059013,Lazio,Latina,MAENZA,3107,Comune,211.740,-,61.800,0.830,-,0.130,0.460,-,7.080,-,-,-,15.280,0.180,297.500,-,313.240,610.740,48.71
2016,059014,Lazio,Latina,MINTURNO,19734,Comune,-,135.620,392.180,310.440,44.800,54.200,174.130,42.370,-,0.900,40.660,-,314.400,75.430,1585.130,-,11585.240,13170.370,12.04
2016,059015,Lazio,Latina,MONTE SAN BIAGIO,6308,Comune,804.680,56.340,131.040,170.410,39.980,19.700,87.360,19.824,26.810,-,10.020,-,44.560,-,1410.724,-,931.500,2342.224,60.23
2016,059016,Lazio,Latina,NORMA,3983,Comune,440.020,3.860,22.810,344.170,-,53.260,193.050,0.240,10.670,0.060,1.650,-,127.060,75.220,1272.070,-,353.320,1625.390,78.26
2016,059017,Lazio,Latina,PONTINIA,14942,Comune,592.220,277.800,468.700,357.100,-,56.340,201.930,20.765,25.530,2.710,-,-,126.980,78.050,2208.125,-,5074.140,7282.265,30.32
2016,059018,Lazio,Latina,PONZA,3348,Comune,-,-,-,96.430,50.990,17.020,59.290,5.190,3.700,-,-,-,44.100,21.070,297.790,-,2259.020,2556.810,11.65
2016,059019,Lazio,Latina,PRIVERNO,14467,Comune,-,25.540,443.920,154.160,37.340,30.010,130.730,36.982,20.910,0.300,-,-,61.220,20.479,961.591,-,5586.180,6547.771,14.69
2016,059020,Lazio,Latina,PROSSEDI,1197,Comune,50.760,-,42.740,60.800,3.180,7.910,10.270,2.280,-,0.080,-,-,7.520,12.840,198.380,-,310.590,508.970,38.98
2016,059022,Lazio,Latina,ROCCA MASSIMA,1128,Comune,134.700,-,43.700,26.080,-,13.310,53.220,10.590,2.780,0.460,-,-,18.740,11.790,315.370,-,89.800,405.170,77.84
2016,059021,Lazio,Latina,ROCCAGORGA,4540,Comune,365.320,-,111.040,29.700,32.920,17.960,114.630,13.520,24.970,1.290,-,-,31.800,22.420,765.570,-,421.000,1186.570,64.52
2016,059023,Lazio,Latina,ROCCASECCA DEI VOLSCI,1127,Comune,36.560,-,14.040,22.480,-,3.480,12.610,0.830,1.670,-,-,-,3.380,4.910,99.960,-,251.260,351.220,28.46
2016,059024,Lazio,Latina,SABAUDIA,20613,Comune,2703.160,1466.800,1062.280,1374.410,-,83.830,303.880,56.260,-,10.171,69.670,-,411.820,118.410,7660.691,-,2940.420,10601.111,72.26
2016,059025,Lazio,Latina,SAN FELICE CIRCEO,10025,Comune,261.960,277.140,280.840,176.640,-,27.330,100.360,21.535,29.920,-,150.480,-,175.200,42.470,1543.875,-,9593.160,11137.035,13.86
2016,059026,Lazio,Latina,SANTI COSMA E DAMIANO,6955,Comune,676.540,30.060,365.210,421.350,-,30.740,287.430,19.870,7.800,2.779,-,8.060,68.440,64.910,1983.189,-,926.030,2909.219,68.17
2016,059027,Lazio,Latina,SERMONETA,9884,Comune,861.720,181.480,219.520,340.980,95.180,26.840,68.350,33.990,15.850,9.730,-,-,37.680,34.170,1925.490,-,1332.040,3257.530,59.11
2016,059028,Lazio,Latina,SEZZE,24876,Comune,910.600,109.340,394.270,364.200,-,35.300,148.020,31.803,24.910,0.500,90.620,-,144.100,5.910,2259.573,-,8382.500,10642.073,21.23
2016,059029,Lazio,Latina,SONNINO,7585,Comune,406.760,-,72.460,150.040,5.540,254.000,3.520,22.726,-,-,-,-,19.440,37.780,972.266,-,715.600,1687.866,57.60
2016,059030,Lazio,Latina,SPERLONGA,3350,Comune,310.120,1.540,178.950,410.680,-,25.210,94.350,-,-,0.700,1.940,-,43.790,82.670,1149.950,-,1668.520,2818.470,40.80
2016,059031,Lazio,Latina,SPIGNO SATURNIA,2945,Comune,188.580,5.460,85.690,90.450,-,15.450,71.060,6.370,5.695,1.609,-,-,29.600,-,499.964,-,412.020,911.984,54.82
2016,059032,Lazio,Latina,TERRACINA,46131,Comune,7230.420,1022.830,2480.920,2994.130,291.180,241.020,713.370,186.160,107.555,6.155,194.640,-,846.700,274.730,16589.810,-,6114.140,22703.950,73.07
2016,059033,Lazio,Latina,VENTOTENE,751,Comune,33.520,-,67.960,92.160,22.320,16.100,51.690,0.900,-,-,-,-,64.400,23.460,372.510,-,260.760,633.270,58.82
2016,057001,Lazio,Rieti,ACCUMOLI,647,Comune,-,-,-,-,-,-,-,33.041,3.760,0.550,-,-,-,-,37.351,-,266.080,303.431,12.31
2016,057002,Lazio,Rieti,AMATRICE,2532,Comune,311.230,-,-,-,-,-,-,-,15.980,-,37.980,-,-,-,365.190,-,841.080,1206.270,30.27
2016,057003,Lazio,Rieti,ANTRODOCO,2570,Comune,-,-,1.180,1.040,-,0.010,0.030,9.040,-,-,-,-,-,1.780,13.080,19.000,1086.560,1118.640,1.17
2016,057004,Lazio,Rieti,ASCREA,256,Comune,5.660,-,-,-,-,7.500,-,-,-,-,-,-,-,-,13.160,4.600,45.010,62.770,20.97
2016,057005,Lazio,Rieti,BELMONTE IN SABINA,630,Comune,-,-,-,-,-,-,-,-,-,-,-,-,3.280,-,3.280,-,246.540,249.820,1.31
2016,057006,Lazio,Rieti,BORBONA,614,Comune,-,-,0.960,-,-,-,-,-,-,-,9.210,-,14.760,0.900,25.830,-,297.980,323.810,7.98
2016,057008,Lazio,Rieti,BORGO VELINO,957,Comune,-,-,40.940,11.940,-,-,5.930,3.250,-,-,-,-,8.420,-,70.480,-,434.860,505.340,13.95
2016,057007,Lazio,Rieti,BORGOROSE,4542,Comune,327.780,-,151.017,211.540,29.540,-,86.360,15.733,63.010,-,62.600,-,9.960,-,957.540,-,689.380,1646.920,58.14
2016,057009,Lazio,Rieti,CANTALICE,2713,Comune,-,3.200,10.960,-,-,-,-,-,-,-,-,-,26.680,-,40.840,-,982.600,1023.440,3.99
2016,057010,Lazio,Rieti,CANTALUPO IN SABINA,1690,Vedi aggregazione: Unione 'Bassa Sabina',-,-,-,-,-,-,-,-,-,-,-,-,-,-,-,-,-,-,-
2016,057011,Lazio,Rieti,CASAPROTA,733,Vedi aggregazione: Unione 'Alta Sabina',-,-,-,-,-,-,-,-,-,-,-,-,-,-,-,-,-,-,-
2016,057012,Lazio,Rieti,CASPERIA,1242,Vedi aggregazione: UNIONE NOVA SABINA E VAL D'AIA,-,-,-,-,-,-,-,-,-,-,-,-,-,-,-,-,-,-,-
2016,057013,Lazio,Rieti,CASTEL DI TORA,286,Comune,-,-,1.220,5.800,-,-,0.570,-,-,-,-,-,9.380,-,16.970,-,85.460,102.430,16.57
2016,057015,Lazio,Rieti,CASTEL SANT'ANGELO,1296,Comune,-,-,-,-,-,-,-,-,-,-,-,-,-,-,-,-,627.300,627.300,-
2016,057014,Lazio,Rieti,CASTELNUOVO DI FARFA,1066,Vedi aggregazione: Unione dei Comuni della Valle dell'Olio,-,-,-,-,-,-,-,-,-,-,-,-,-,-,-,-,-,-,-
2016,057016,Lazio,Rieti,CITTADUCALE,6786,Comune,369.900,14.120,178.580,311.390,18.100,12.980,33.130,12.636,5.560,4.410,-,-,71.030,-,1031.836,-,1129.600,2161.436,47.74
2016,057017,Lazio,Rieti,CITTAREALE,475,Comune,-,-,0.940,0.230,-,0.040,0.570,1.000,-,-,-,-,-,0.040,2.820,5.500,263.860,272.180,1.04
2016,057018,Lazio,Rieti,COLLALTO SABINO,432,Comune,-,-,-,1.460,-,-,-,0.500,-,-,-,-,-,-,1.960,8.920,229.290,240.170,0.82
2016,057019,Lazio,Rieti,COLLE DI TORA,356,Comune,-,-,1.230,-,-,-,0.490,-,-,-,-,-,17.460,-,19.180,-,176.980,196.160,9.78
2016,057020,Lazio,Rieti,COLLEGIOVE,198,Comune,3.380,-,-,-,-,-,-,-,-,-,-,-,1.880,-,5.260,-,55.120,60.380,8.71
2016,057021,Lazio,Rieti,COLLEVECCHIO,1555,Comune,32.220,-,38.980,41.320,-,5.660,27.040,4.220,2.044,-,-,-,27.920,0.600,180.004,-,485.960,665.964,27.03
2016,057022,Lazio,Rieti,COLLI SUL VELINO,524,Comune,-,-,1.200,2.990,-,0.460,1.680,-,-,-,-,-,-,0.650,6.980,16.020,182.500,205.500,3.40
2016,057023,Lazio,Rieti,CONCERVIANO,288,Comune,-,-,-,-,-,-,-,1.000,-,-,-,-,-,-,1.000,7.820,147.380,156.200,0.64
2016,057024,Lazio,Rieti,CONFIGNI,632,Vedi aggregazione: UNIONE NOVA SABINA E VAL D'AIA,-,-,-,-,-,-,-,-,-,-,-,-,-,-,-,-,-,-,-
2016,057025,Lazio,Rieti,CONTIGLIANO,3806,Comune,158.530,87.800,111.500,4.600,31.440,1.300,54.270,30.760,-,2.035,56.750,-,33.940,0.140,573.065,-,488.350,1061.415,53.99
2016,057026,Lazio,Rieti,COTTANELLO,564,Vedi aggregazione: UNIONE NOVA SABINA E VAL D'AIA,-,-,-,-,-,-,-,-,-,-,-,-,-,-,-,-,-,-,-
2016,057027,Lazio,Rieti,FARA IN SABINA,13819,Comune,1081.440,-,450.380,497.490,-,72.380,197.450,41.591,37.759,1.020,5.960,-,107.350,30.360,2523.180,-,1744.800,4267.980,59.12
2016,057028,Lazio,Rieti,FIAMIGNANO,1370,Comune,-,-,-,-,-,-,-,-,2.750,-,-,-,5.540,-,8.290,-,842.300,850.590,0.98
2016,057029,Lazio,Rieti,FORANO,3160,Vedi aggregazione: Unione 'Bassa Sabina',-,-,-,-,-,-,-,-,-,-,-,-,-,-,-,-,-,-,-
2016,057030,Lazio,Rieti,FRASSO SABINO,750,Aggregazione: Unione dei Comuni della Valle dell'Olio,324.920,-,103.920,125.120,-,29.400,94.170,4.500,11.920,1.900,-,-,92.840,-,788.690,-,408.820,1197.510,65.86
2016,057031,Lazio,Rieti,GRECCIO,1554,Comune,109.040,-,68.680,49.580,-,-,41.640,2.440,-,-,-,-,12.820,6.120,290.320,-,154.420,444.740,65.28
2016,057032,Lazio,Rieti,LABRO,366,Comune,-,-,-,-,-,-,-,-,-,-,-,-,-,-,-,-,186.940,186.940,-
2016,057033,Lazio,Rieti,LEONESSA,2396,Comune,-,-,8.260,17.440,-,-,-,5.840,3.460,0.230,-,-,2.200,-,37.430,-,1236.760,1274.190,2.94
2016,057034,Lazio,Rieti,LONGONE SABINO,577,Comune,-,-,2.760,-,-,-,-,-,1.860,-,-,-,3.240,-,7.860,-,223.380,231.240,3.40
2016,057035,Lazio,Rieti,MAGLIANO SABINA,3740,Comune,376.800,-,197.862,131.200,51.395,18.160,79.840,30.601,14.820,3.978,56.100,-,81.820,-,1042.576,-,576.060,1618.636,64.41
2016,057036,Lazio,Rieti,MARCETELLI,85,Comune,-,-,-,-,-,-,-,-,-,-,-,-,-,-,-,-,30.680,30.680,-
2016,057037,Lazio,Rieti,MICIGLIANO,131,Comune,-,-,-,-,-,-,-,-,-,-,-,-,0.260,-,0.260,1.380,90.620,92.260,0.28
2016,057038,Lazio,Rieti,MOMPEO,525,Comune,29.319,-,8.508,18.735,-,2.415,7.438,3.058,-,0.054,-,-,-,0.480,70.007,7.861,64.895,142.763,49.04
2016,057039,Lazio,Rieti,MONTASOLA,387,Vedi aggregazione: UNIONE NOVA SABINA E VAL D'AIA,-,-,-,-,-,-,-,-,-,-,-,-,-,-,-,-,-,-,-
2016,057043,Lazio,Rieti,MONTE SAN GIOVANNI IN SABINA,697,Comune,-,-,4.100,1.050,-,0.160,4.310,1.530,-,-,-,-,19.800,1.630,32.580,-,276.720,309.300,10.53
2016,057040,Lazio,Rieti,MONTEBUONO,890,Vedi aggregazione: UNIONE NOVA SABINA E VAL D'AIA,-,-,-,-,-,-,-,-,-,-,-,-,-,-,-,-,-,-,-
2016,057041,Lazio,Rieti,MONTELEONE SABINO,1236,Vedi aggregazione: Unione dei Comuni della Valle dell'Olio,-,-,-,-,-,-,-,-,-,-,-,-,-,-,-,-,-,-,-
2016,057042,Lazio,Rieti,MONTENERO SABINO,292,Comune,16.806,-,5.552,10.414,-,1.493,4.125,1.642,-,0.036,-,-,3.800,0.278,44.146,-,27.658,71.804,61.48
2016,057044,Lazio,Rieti,MONTOPOLI DI SABINA,4128,Vedi aggregazione: Unione 'Bassa Sabina',-,-,-,-,-,-,-,-,-,-,-,-,-,-,-,-,-,-,-
2016,057045,Lazio,Rieti,MORRO REATINO,371,Comune,-,-,4.120,-,-,-,-,-,1.700,-,-,-,7.020,-,12.840,-,131.800,144.640,8.88
2016,057046,Lazio,Rieti,NESPOLO,245,Comune,6.280,-,-,-,-,-,-,-,3.020,-,-,-,2.960,-,12.260,-,55.920,68.180,17.98
2016,057047,Lazio,Rieti,ORVINIO,393,Vedi aggregazione: Unione 'Alta Sabina',-,-,-,-,-,-,-,-,-,-,-,-,-,-,-,-,-,-,-
2016,057048,Lazio,Rieti,PAGANICO,172,Comune,6.620,-,-,-,-,-,-,-,-,-,-,-,2.650,-,9.270,-,56.180,65.450,14.16
2016,057049,Lazio,Rieti,PESCOROCCHIANO,2044,Comune,-,-,-,-,-,-,-,-,4.170,0.020,-,-,-,0.400,4.590,9.480,972.680,986.750,0.47
2016,057050,Lazio,Rieti,PETRELLA SALTO,1175,Comune,4.080,-,1.640,3.120,-,0.140,0.490,0.420,2.610,-,-,-,11.230,0.190,23.920,-,590.730,614.650,3.89
2016,057051,Lazio,Rieti,POGGIO BUSTONE,2030,Comune,-,-,6.900,11.140,2.320,0.400,1.440,4.500,3.140,-,-,-,14.160,0.680,44.680,-,785.800,830.480,5.38
2016,057052,Lazio,Rieti,POGGIO CATINO,1306,Vedi aggregazione: UNIONE NOVA SABINA E VAL D'AIA,-,-,-,-,-,-,-,-,-,-,-,-,-,-,-,-,-,-,-
2016,057053,Lazio,Rieti,POGGIO MIRTETO,6343,Aggregazione: Unione 'Bassa Sabina',1808.284,63.760,732.836,364.840,208.385,94.290,758.920,102.750,2.475,4.016,-,-,-,79.090,4219.646,191.565,1722.304,6133.515,68.80
2016,057054,Lazio,Rieti,POGGIO MOIANO,2705,Aggregazione: Unione 'Alta Sabina',200.080,-,104.482,98.985,-,4.910,25.440,39.029,-,0.566,-,-,17.930,10.414,501.836,77.970,2317.799,2897.605,17.32
2016,057055,Lazio,Rieti,POGGIO NATIVO,2588,Comune,227.780,-,100.180,78.580,-,15.830,93.370,-,1.434,0.930,-,-,84.740,0.630,603.474,-,189.700,793.174,76.08
2016,057056,Lazio,Rieti,POGGIO SAN LORENZO,571,Vedi aggregazione: Unione dei Comuni della Valle dell'Olio,-,-,-,-,-,-,-,-,-,-,-,-,-,-,-,-,-,-,-
2016,057057,Lazio,Rieti,POSTA,666,Comune,28.810,-,19.960,48.947,-,0.910,3.290,3.720,-,-,-,-,6.980,1.410,114.027,-,109.780,223.807,50.95
2016,057058,Lazio,Rieti,POZZAGLIA SABINA,339,Comune,34.700,-,5.160,11.980,-,0.330,1.210,1.130,-,0.045,-,-,7.310,0.470,62.335,-,89.000,151.335,41.19
2016,057059,Lazio,Rieti,RIETI,47552,Comune,2804.500,646.340,1622.570,713.240,361.620,121.280,193.730,-,-,13.170,101.080,-,330.960,41.280,6949.770,-,20062.200,27011.970,25.73
2016,057060,Lazio,Rieti,RIVODUTRI,1226,Comune,-,-,20.150,34.570,-,-,5.070,3.720,-,-,-,-,6.220,4.330,74.060,-,488.080,562.140,13.18
2016,057062,Lazio,Rieti,ROCCA SINIBALDA,795,Comune,20.450,-,-,-,-,3.000,-,1.380,-,-,11.925,-,-,-,36.755,19.260,230.740,286.755,12.82
2016,057061,Lazio,Rieti,ROCCANTICA,557,Vedi aggregazione: UNIONE NOVA SABINA E VAL D'AIA,-,-,-,-,-,-,-,-,-,-,-,-,-,-,-,-,-,-,-
2016,057063,Lazio,Rieti,SALISANO,551,Vedi aggregazione: Unione 'Bassa Sabina',-,-,-,-,-,-,-,-,-,-,-,-,-,-,-,-,-,-,-
2016,057064,Lazio,Rieti,SCANDRIGLIA,3128,Vedi aggregazione: Unione 'Alta Sabina',-,-,-,-,-,-,-,-,-,-,-,-,-,-,-,-,-,-,-
2016,057065,Lazio,Rieti,SELCI,1096,Aggregazione: UNIONE NOVA SABINA E VAL D'AIA,588.480,-,204.240,31.760,52.680,40.510,41.540,33.000,4.220,-,-,-,85.100,6.710,1088.240,12.560,835.980,1936.780,56.19
2016,057066,Lazio,Rieti,STIMIGLIANO,2337,Vedi aggregazione: Unione 'Bassa Sabina',-,-,-,-,-,-,-,-,-,-,-,-,-,-,-,-,-,-,-
2016,057067,Lazio,Rieti,TARANO,1439,Vedi aggregazione: Unione 'Bassa Sabina',-,-,-,-,-,-,-,-,-,-,-,-,-,-,-,-,-,-,-
2016,057068,Lazio,Rieti,TOFFIA,1032,Vedi aggregazione: Unione dei Comuni della Valle dell'Olio,-,-,-,-,-,-,-,-,-,-,-,-,-,-,-,-,-,-,-
2016,057070,Lazio,Rieti,TORRI IN SABINA,1258,Vedi aggregazione: UNIONE NOVA SABINA E VAL D'AIA,-,-,-,-,-,-,-,-,-,-,-,-,-,-,-,-,-,-,-
2016,057069,Lazio,Rieti,TORRICELLA IN SABINA,1345,Comune,113.305,-,21.007,45.379,-,4.762,19.350,7.609,3.550,0.155,-,-,20.594,1.073,236.784,-,147.815,384.599,61.57
2016,057071,Lazio,Rieti,TURANIA,232,Comune,9.430,-,5.690,8.870,-,-,5.630,-,-,-,-,-,-,-,29.620,3.720,88.080,121.420,24.40
2016,057072,Lazio,Rieti,VACONE,245,Vedi aggregazione: UNIONE NOVA SABINA E VAL D'AIA,-,-,-,-,-,-,-,-,-,-,-,-,-,-,-,-,-,-,-
2016,057073,Lazio,Rieti,VARCO SABINO,186,Comune,-,-,-,-,-,-,-,-,-,-,-,-,-,-,-,4.420,101.880,106.300,-
2016,058001,Lazio,Roma,AFFILE,1520,Comune,-,-,25.340,26.060,6.100,-,13.260,-,6.210,0.060,22.800,-,3.680,-,103.510,-,492.570,596.080,17.37
2016,058002,Lazio,Roma,AGOSTA,1758,Comune,126.840,-,43.100,40.640,-,-,38.370,-,-,-,-,-,12.570,-,261.520,-,130.970,392.490,66.63
2016,058003,Lazio,Roma,ALBANO LAZIALE,41654,Comune,2148.960,365.750,1177.520,420.660,72.620,107.060,840.920,148.062,220.090,17.302,1.170,-,561.540,85.360,6167.014,-,15339.900,21506.914,28.68
2016,058004,Lazio,Roma,ALLUMIERE,4052,Comune,290.620,35.620,135.640,73.450,71.550,44.300,112.480,34.760,9.140,8.913,60.900,-,45.760,49.830,972.963,-,321.980,1294.943,75.14
2016,058005,Lazio,Roma,ANGUILLARA SABAZIA,19401,Comune,1374.230,1736.110,742.040,863.550,363.860,58.480,344.690,-,84.530,7.555,291.020,-,307.600,77.620,6251.285,-,3032.260,9283.545,67.34
2016,058006,Lazio,Roma,ANTICOLI CORRADO,893,Vedi aggregazione: UNIONE COMUNI MEDANIENE,-,-,-,-,-,-,-,-,-,-,-,-,-,-,-,-,-,-,-
2016,058007,Lazio,Roma,ANZIO,54311,Comune,3300.850,2701.590,2713.490,2115.740,405.700,594.780,1313.020,257.710,-,0.520,813.170,-,421.460,154.130,14792.160,-,16319.222,31111.382,47.55
2016,058008,Lazio,Roma,ARCINAZZO ROMANO,1342,Comune,-,-,29.700,19.050,17.743,-,9.580,15.375,-,0.968,20.120,-,-,-,112.536,69.900,582.094,764.530,14.72
2016,058117,Lazio,Roma,ARDEA,49418,Comune,5465.230,1291.310,958.800,1168.730,-,52.810,191.420,114.045,125.660,3.502,3.700,-,804.680,74.620,10254.507,-,13493.680,23748.187,43.18
2016,058009,Lazio,Roma,ARICCIA,19118,Comune,2438.120,753.750,920.180,341.090,179.640,106.160,704.980,94.614,11.320,7.420,200.760,-,116.780,74.550,5949.364,-,2781.180,8730.544,68.14
2016,058010,Lazio,Roma,ARSOLI,1577,Vedi aggregazione: UNIONE COMUNI MEDANIENE,-,-,-,-,-,-,-,-,-,-,-,-,-,-,-,-,-,-,-
2016,058011,Lazio,Roma,ARTENA,14177,Comune,-,-,67.100,43.600,-,6.750,76.740,-,19.791,0.345,-,-,124.410,9.530,348.266,-,7505.560,7853.826,4.43
2016,058012,Lazio,Roma,BELLEGRA,2846,Comune,-,-,-,-,-,-,-,16.840,4.750,0.002,-,-,-,-,21.592,8.240,1077.880,1107.712,1.95
2016,058013,Lazio,Roma,BRACCIANO,19238,Comune,1276.480,145.130,627.190,553.460,198.650,36.595,504.190,144.297,47.420,17.510,197.440,-,23.940,27.630,3799.932,-,3554.980,7354.912,51.67
2016,058014,Lazio,Roma,CAMERATA NUOVA,457,Vedi aggregazione: UNIONE COMUNI MEDANIENE,-,-,-,-,-,-,-,-,-,-,-,-,-,-,-,-,-,-,-
2016,058015,Lazio,Roma,CAMPAGNANO DI ROMA,11592,Comune,609.510,224.090,314.200,414.260,213.170,97.150,259.920,61.988,-,12.680,173.570,-,231.410,9.460,2621.408,-,1518.980,4140.388,63.31
2016,058016,Lazio,Roma,CANALE MONTERANO,4169,Comune,236.810,99.820,120.410,178.950,70.290,39.820,93.460,30.630,7.600,7.694,62.870,-,89.360,1.680,1039.394,-,508.880,1548.274,67.13
2016,058017,Lazio,Roma,CANTERANO,346,Comune,64.820,-,10.500,12.760,-,-,10.430,-,-,-,-,-,3.900,-,102.410,-,31.200,133.610,76.65
2016,058018,Lazio,Roma,CAPENA,10659,Comune,889.300,200.620,455.780,297.970,78.800,33.990,276.050,41.487,3.180,2.540,73.440,-,159.760,6.320,2519.237,-,1542.210,4061.447,62.03
2016,058019,Lazio,Roma,CAPRANICA PRENESTINA,351,Comune,-,-,4.690,3.260,-,0.500,3.110,-,-,-,-,-,-,0.710,12.270,-,191.020,203.290,6.04
2016,058020,Lazio,Roma,CARPINETO ROMANO,4448,Comune,14.266,-,32.770,33.970,-,5.260,40.820,-,9.260,0.120,-,-,20.955,7.420,164.840,-,1680.200,1845.040,8.93
2016,058021,Lazio,Roma,CASAPE,722,Comune,73.900,-,19.140,21.520,17.020,3.990,13.800,14.340,-,1.100,10.830,-,9.200,0.680,185.520,-,82.740,268.260,69.16
2016,058022,Lazio,Roma,CASTEL GANDOLFO,8971,Comune,966.080,161.590,266.450,191.720,-,27.900,293.660,34.821,55.420,0.025,7.520,-,131.560,37.330,2174.076,-,2534.880,4708.956,46.17
2016,058023,Lazio,Roma,CASTEL MADAMA,7422,Comune,566.520,29.820,278.780,267.720,68.540,-,269.240,50.180,20.903,6.210,110.990,-,126.000,6.580,1801.483,-,674.730,2476.213,72.75
2016,058025,Lazio,Roma,CASTEL SAN PIETRO ROMANO,886,Comune,121.200,8.220,24.000,30.340,3.720,1.470,21.400,3.760,0.350,0.490,10.640,-,7.400,-,232.990,-,122.650,355.640,65.51
2016,058024,Lazio,Roma,CASTELNUOVO DI PORTO,8597,Comune,971.170,374.370,339.120,518.880,94.840,72.900,128.300,43.770,21.440,4.970,121.400,-,51.860,53.280,2796.300,-,647.680,3443.980,81.19
2016,058026,Lazio,Roma,CAVE,11378,Comune,1111.480,32.090,375.490,448.010,79.160,45.610,81.730,56.816,21.010,9.664,169.310,-,140.080,31.840,2602.290,-,1509.280,4111.570,63.29
2016,058027,Lazio,Roma,CERRETO LAZIALE,1120,Aggregazione: UNIONE DEI COMUNI VALLE DEL GIOVENZANO,477.920,36.020,300.180,236.800,70.380,47.800,118.450,18.712,-,6.760,123.740,-,90.220,2.050,1529.032,-,1176.960,2705.992,56.51
2016,058028,Lazio,Roma,CERVARA DI ROMA,448,Vedi aggregazione: UNIONE COMUNI MEDANIENE,-,-,-,-,-,-,-,-,-,-,-,-,-,-,-,-,-,-,-
2016,058029,Lazio,Roma,CERVETERI,37759,Comune,483.830,159.500,413.990,448.590,-,1.780,274.670,30.700,43.400,1.240,-,-,874.445,2.510,2734.655,-,19736.580,22471.235,12.17
2016,058118,Lazio,Roma,CIAMPINO,38533,Comune,4044.280,496.050,2375.230,1392.680,555.115,216.980,349.990,188.165,116.720,31.777,576.180,-,287.800,95.950,10726.917,-,6887.880,17614.797,60.90
2016,058030,Lazio,Roma,CICILIANO,1333,Vedi aggregazione: UNIONE DEI COMUNI VALLE DEL GIOVENZANO,-,-,-,-,-,-,-,-,-,-,-,-,-,-,-,-,-,-,-
2016,058031,Lazio,Roma,CINETO ROMANO,595,Vedi aggregazione: UNIONE COMUNI MEDANIENE,-,-,-,-,-,-,-,-,-,-,-,-,-,-,-,-,-,-,-
2016,058032,Lazio,Roma,CIVITAVECCHIA,52816,Comune,144.430,206.300,857.700,214.480,83.920,3.970,120.530,27.270,110.560,2.910,314.720,-,35.380,5.610,2127.780,36.460,24980.870,27145.110,7.84
2016,058033,Lazio,Roma,CIVITELLA SAN PAOLO,2075,Comune,195.740,-,53.220,68.220,-,1.340,42.380,-,-,-,-,-,12.960,1.900,375.760,-,167.740,543.500,69.14
2016,058034,Lazio,Roma,COLLEFERRO,21521,Comune,-,70.100,532.460,209.760,-,32.460,379.920,56.630,49.733,0.990,236.020,-,189.850,45.840,1803.763,-,9670.920,11474.683,15.72
2016,058035,Lazio,Roma,COLONNA,4309,Comune,123.719,-,105.610,31.370,-,4.850,60.700,0.700,13.964,0.935,-,-,54.100,6.860,402.808,-,2207.060,2609.868,15.43
2016,058036,Lazio,Roma,FIANO ROMANO,15708,Comune,1006.140,220.300,618.020,466.580,170.760,52.430,414.110,45.886,2.092,8.495,93.720,-,195.600,10.510,3304.643,-,2647.670,5952.313,55.52
2016,058037,Lazio,Roma,FILACCIANO,462,Comune,43.200,-,12.820,18.400,-,-,13.190,-,-,-,2.300,-,9.700,-,99.610,-,26.850,126.460,78.77
2016,058120,Lazio,Roma,FIUMICINO,78887,Comune,7081.310,710.120,2465.200,3272.530,-,220.610,654.780,286.079,4.300,25.324,419.450,-,1085.600,258.440,16483.743,-,26296.100,42779.843,38.53
2016,058122,Lazio,Roma,FONTE NUOVA,32917,Comune,636.540,8.580,1090.760,745.130,26.600,80.570,209.410,19.710,-,2.409,310.800,-,951.480,20.130,4102.119,-,14090.710,18192.829,22.55
2016,058038,Lazio,Roma,FORMELLO,13010,Comune,877.190,557.830,607.550,226.370,201.500,98.330,398.320,104.810,-,13.575,171.600,-,204.340,57.500,3518.915,-,1624.220,5143.135,68.42
2016,058039,Lazio,Roma,FRASCATI,22331,Comune,2266.300,555.640,930.800,401.990,169.665,133.810,722.430,131.946,89.279,5.466,-,-,201.820,87.860,5697.006,-,4746.340,10443.346,54.55
2016,058040,Lazio,Roma,GALLICANO NEL LAZIO,6326,Comune,513.340,29.680,171.450,283.540,46.060,27.530,50.630,29.296,27.526,1.710,84.960,-,120.080,19.720,1405.522,-,934.420,2339.942,60.07
2016,058041,Lazio,Roma,GAVIGNANO,1907,Comune,25.298,-,16.960,27.450,-,4.250,28.160,-,-,0.070,-,-,37.594,5.990,145.772,-,414.447,560.219,26.02
2016,058042,Lazio,Roma,GENAZZANO,5984,Comune,564.080,52.900,199.850,104.670,-,45.140,201.310,27.693,22.818,1.800,-,-,143.560,22.880,1386.701,-,670.930,2057.631,67.39
2016,058043,Lazio,Roma,GENZANO DI ROMA,23894,Comune,2855.640,529.440,1082.540,1016.310,254.340,117.980,194.910,219.311,114.802,25.782,332.060,-,181.480,75.710,7000.305,-,3600.940,10601.245,66.03
2016,058044,Lazio,Roma,GERANO,1259,Vedi aggregazione: UNIONE DEI COMUNI VALLE DEL GIOVENZANO,-,-,-,-,-,-,-,-,-,-,-,-,-,-,-,-,-,-,-
2016,058045,Lazio,Roma,GORGA,720,Comune,11.459,-,7.720,11.950,-,1.850,19.300,-,-,0.030,-,-,16.757,2.610,71.676,-,178.930,250.606,28.60
2016,058046,Lazio,Roma,GROTTAFERRATA,20450,Comune,1803.040,658.070,773.740,338.380,-,52.360,575.730,46.593,68.900,3.767,-,-,190.320,73.950,4584.850,-,4519.840,9104.690,50.36
2016,058047,Lazio,Roma,GUIDONIA MONTECELIO,89141,Comune,9820.340,146.500,3126.390,3609.620,-,212.300,776.320,51.671,240.008,21.308,91.460,-,392.240,374.866,18863.023,-,11672.390,30535.413,61.77
2016,058048,Lazio,Roma,JENNE,364,Comune,-,-,-,-,-,-,-,0.903,-,-,-,-,1.940,-,2.843,-,161.322,164.165,1.73
2016,058049,Lazio,Roma,LABICO,6445,Comune,498.040,-,171.920,95.610,-,14.800,184.150,-,23.596,0.090,-,-,106.940,20.900,1116.046,-,723.640,1839.686,60.67
2016,058116,Lazio,Roma,LADISPOLI,41174,Comune,4131.890,1320.760,1536.550,792.110,363.730,286.440,1540.910,153.100,78.840,22.532,468.420,-,297.450,173.580,11166.312,-,5998.160,17164.472,65.06
2016,058050,Lazio,Roma,LANUVIO,13605,Comune,898.200,71.920,505.440,362.500,56.540,11.140,9.440,15.810,0.600,1.576,64.100,-,-,46.210,2043.476,87.600,3616.510,5747.586,35.55
2016,058115,Lazio,Roma,LARIANO,13509,Comune,1502.670,473.320,378.830,606.610,81.140,45.210,131.710,44.645,44.860,1.703,-,-,146.970,51.320,3508.988,-,1602.710,5111.698,68.65
2016,058051,Lazio,Roma,LICENZA,983,Vedi aggregazione: UNIONE COMUNI VALLE USTICA,-,-,-,-,-,-,-,-,-,-,-,-,-,-,-,-,-,-,-
2016,058052,Lazio,Roma,MAGLIANO ROMANO,1413,Comune,-,-,-,-,-,-,-,3.390,7.340,-,3.530,-,24.580,0.800,39.640,-,675.080,714.720,5.55
2016,058053,Lazio,Roma,MANDELA,934,Vedi aggregazione: UNIONE COMUNI VALLE USTICA,-,-,-,-,-,-,-,-,-,-,-,-,-,-,-,-,-,-,-
2016,058054,Lazio,Roma,MANZIANA,7711,Comune,651.660,537.490,383.910,327.340,151.650,159.180,292.060,48.010,31.340,6.490,115.220,-,48.680,-,2753.030,-,1047.910,3800.940,72.43
2016,058055,Lazio,Roma,MARANO EQUO,780,Vedi aggregazione: UNIONE COMUNI MEDANIENE,-,-,-,-,-,-,-,-,-,-,-,-,-,-,-,-,-,-,-
2016,058056,Lazio,Roma,MARCELLINA,7363,Comune,712.840,55.160,218.840,292.071,116.780,54.910,180.530,45.215,6.160,13.490,109.200,-,378.440,5.020,2188.656,-,783.720,2972.376,73.63
2016,058057,Lazio,Roma,MARINO,43797,Comune,-,944.970,1276.090,884.060,-,247.130,580.790,85.942,80.960,3.636,3.980,-,1496.050,209.880,5813.488,-,18232.010,24045.498,24.18
2016,058058,Lazio,Roma,MAZZANO ROMANO,3135,Comune,187.440,68.940,66.750,100.430,-,-,-,16.802,-,-,6.280,-,66.500,85.320,598.462,-,338.980,937.442,63.84
2016,058059,Lazio,Roma,MENTANA,23122,Comune,92.060,-,308.330,207.950,25.460,3.110,163.720,4.744,-,0.620,6.060,9.690,258.700,0.120,1080.564,-,7712.100,8792.664,12.29
2016,058064,Lazio,Roma,MONTE PORZIO CATONE,8631,Comune,801.900,207.710,316.280,354.140,96.560,44.760,52.910,44.540,8.890,4.200,-,-,89.940,20.610,2042.440,-,1134.880,3177.320,64.28
2016,058060,Lazio,Roma,MONTECOMPATRI,12023,Comune,1214.580,0.700,426.200,421.730,-,20.750,102.280,6.740,17.830,0.340,-,-,63.220,29.300,2303.670,-,2000.020,4303.690,53.53
2016,058061,Lazio,Roma,MONTEFLAVIO,1322,Comune,66.168,-,39.887,41.495,-,5.240,27.760,-,4.150,1.210,-,-,-,-,185.910,-,621.414,807.324,23.03
2016,058062,Lazio,Roma,MONTELANICO,2144,Comune,75.640,-,31.560,29.570,-,4.580,36.190,36.070,4.918,0.480,-,-,34.740,6.460,260.208,-,229.620,489.828,53.12
2016,058063,Lazio,Roma,MONTELIBRETTI,5353,Comune,504.560,14.500,351.960,183.040,-,-,123.020,28.464,16.517,2.327,14.980,-,137.760,2.800,1379.928,-,1275.640,2655.568,51.96
2016,058065,Lazio,Roma,MONTEROTONDO,40813,Comune,1173.260,-,911.350,632.314,-,32.010,197.690,43.800,-,6.925,25.400,-,228.520,39.150,3290.419,-,15396.760,18687.179,17.61
2016,058066,Lazio,Roma,MONTORIO ROMANO,1930,Comune,82.379,-,50.310,28.425,5.120,3.820,29.890,-,-,0.080,-,-,75.960,-,275.984,-,738.721,1014.705,27.20
2016,058067,Lazio,Roma,MORICONE,2611,Comune,113.605,-,42.952,33.250,-,6.840,36.540,-,4.683,0.300,-,-,14.860,4.035,257.065,-,250.913,507.978,50.61
2016,058068,Lazio,Roma,MORLUPO,8729,Comune,757.360,50.360,376.500,301.080,92.500,34.840,232.080,32.235,-,5.565,97.280,-,100.950,10.640,2091.390,-,648.850,2740.240,76.32
2016,058069,Lazio,Roma,NAZZANO,1425,Comune,145.000,-,54.000,44.610,-,-,63.060,4.800,-,-,-,-,-,-,311.470,25.000,167.640,504.110,61.79
2016,058070,Lazio,Roma,NEMI,1910,Comune,-,-,11.290,29.100,-,4.500,25.460,-,-,-,-,-,-,6.360,76.710,-,1505.760,1582.470,4.85
2016,058071,Lazio,Roma,NEROLA,1957,Comune,87.141,-,22.890,30.805,1.780,11.840,23.590,-,0.065,-,-,-,11.820,-,189.931,-,681.207,871.138,21.80
2016,058072,Lazio,Roma,NETTUNO,49657,Comune,3739.940,2197.600,1558.340,2060.385,345.480,156.500,467.120,187.091,-,8.123,737.510,-,145.320,177.523,11780.932,-,11413.060,23193.992,50.79
2016,058073,Lazio,Roma,OLEVANO ROMANO,6657,Comune,586.000,30.980,205.570,114.210,-,37.600,210.740,59.440,18.790,1.475,56.020,-,116.350,24.960,1462.135,-,787.980,2250.115,64.98
2016,058074,Lazio,Roma,PALESTRINA,21716,Comune,2813.476,202.019,1025.070,649.340,90.820,35.271,464.979,98.185,15.874,8.715,256.244,-,171.775,-,5831.768,-,3177.750,9009.518,64.73
2016,058075,Lazio,Roma,PALOMBARA SABINA,13218,Comune,762.710,10.520,293.630,369.399,-,-,240.860,-,-,0.440,-,-,534.900,-,2212.459,-,1834.780,4047.239,54.67
2016,058076,Lazio,Roma,PERCILE,241,Vedi aggregazione: UNIONE COMUNI VALLE USTICA,-,-,-,-,-,-,-,-,-,-,-,-,-,-,-,-,-,-,-
2016,058077,Lazio,Roma,PISONIANO,753,Vedi aggregazione: UNIONE DEI COMUNI VALLE DEL GIOVENZANO,-,-,-,-,-,-,-,-,-,-,-,-,-,-,-,-,-,-,-
2016,058078,Lazio,Roma,POLI,2425,Comune,113.911,-,34.160,34.480,17.700,6.430,26.320,-,6.330,0.010,11.537,-,9.300,0.180,260.358,-,700.440,960.798,27.10
2016,058079,Lazio,Roma,POMEZIA,63268,Comune,5650.420,1186.710,2406.280,1829.640,310.660,49.500,1655.380,344.676,161.770,52.155,944.490,-,1636.360,18.020,16246.061,-,18289.520,34535.581,47.04
2016,058080,Lazio,Roma,PONZANO ROMANO,1137,Comune,-,-,-,-,-,-,-,-,-,-,-,-,-,-,-,-,506.680,506.680,-
2016,058081,Lazio,Roma,RIANO,10565,Comune,730.060,278.860,269.960,371.560,-,-,223.539,14.766,49.275,4.012,2.400,-,154.900,0.180,2099.512,-,1097.500,3197.012,65.67
2016,058082,Lazio,Roma,RIGNANO FLAMINIO,10232,Comune,1178.800,74.410,260.650,273.670,-,14.740,270.220,12.378,59.320,1.861,-,-,163.140,20.810,2329.999,-,1095.430,3425.429,68.02
2016,058083,Lazio,Roma,RIOFREDDO,762,Vedi aggregazione: UNIONE COMUNI MEDANIENE,-,-,-,-,-,-,-,-,-,-,-,-,-,-,-,-,-,-,-
2016,058084,Lazio,Roma,ROCCA CANTERANO,188,Vedi aggregazione: UNIONE DEI COMUNI VALLE DEL GIOVENZANO,-,-,-,-,-,-,-,-,-,-,-,-,-,-,-,-,-,-,-
2016,058085,Lazio,Roma,ROCCA DI CAVE,378,Comune,-,-,-,-,-,-,-,-,-,-,-,-,2.160,-,2.160,-,177.340,179.500,1.20
2016,058086,Lazio,Roma,ROCCA DI PAPA,17144,Comune,1495.040,460.780,493.640,371.080,140.000,147.410,404.160,60.126,45.045,10.157,255.510,-,94.800,59.090,4036.838,-,2640.760,6677.598,60.45
2016,058088,Lazio,Roma,ROCCA PRIORA,12013,Comune,1505.440,-,353.440,434.440,106.020,21.090,76.470,-,13.320,0.280,-,-,114.386,29.800,2654.686,49.024,1588.020,4291.730,61.86
2016,058089,Lazio,Roma,ROCCA SANTO STEFANO,971,Comune,96.540,-,19.120,35.830,-,-,18.740,-,-,-,-,-,2.540,-,172.770,-,62.370,235.140,73.48
2016,058087,Lazio,Roma,ROCCAGIOVINE,265,Vedi aggregazione: UNIONE COMUNI VALLE USTICA,-,-,-,-,-,-,-,-,-,-,-,-,-,-,-,-,-,-,-
2016,058090,Lazio,Roma,ROIATE,719,Comune,48.380,-,14.220,27.420,-,1.490,5.410,-,-,0.850,-,-,8.920,2.100,108.790,-,49.720,158.510,68.63
2016,058091,Lazio,Roma,ROMA,2873494,Comune,176613.770,78547.660,248751.700,98849.615,12711.119,8511.175,25860.904,7295.160,184.402,955.614,18235.380,4426.300,18937.160,9546.135,709426.094,-,979780.020,1689206.114,42.00
2016,058092,Lazio,Roma,ROVIANO,1334,Aggregazione: UNIONE COMUNI MEDANIENE,375.460,-,236.090,278.540,5.540,-,141.680,40.982,-,1.560,-,-,159.480,0.920,1240.252,-,1290.304,2530.556,49.01
2016,058093,Lazio,Roma,SACROFANO,7806,Comune,423.210,177.450,327.790,270.650,84.240,55.800,264.310,27.460,5.140,10.850,116.100,-,129.280,37.000,1929.280,-,850.010,2779.290,69.42
2016,058094,Lazio,Roma,SAMBUCI,907,Vedi aggregazione: UNIONE DEI COMUNI VALLE DEL GIOVENZANO,-,-,-,-,-,-,-,-,-,-,-,-,-,-,-,-,-,-,-
2016,058119,Lazio,Roma,SAN CESAREO,15507,Comune,1384.100,335.900,685.760,361.100,129.780,149.680,504.330,123.452,26.504,22.969,227.300,-,134.880,62.820,4148.575,-,2567.920,6716.495,61.77
2016,058095,Lazio,Roma,SAN GREGORIO DA SASSOLA,1589,Comune,148.590,-,33.270,36.630,5.300,3.920,30.710,-,-,0.020,23.835,-,48.120,-,330.395,-,130.820,461.215,71.64
2016,058096,Lazio,Roma,SAN POLO DEI CAVALIERI,2981,Comune,328.680,-,82.450,116.850,0.760,-,64.510,-,2.232,0.550,-,-,16.180,-,612.212,-,267.360,879.572,69.60
2016,058100,Lazio,Roma,SAN VITO ROMANO,3339,Comune,379.300,-,114.960,46.230,-,7.150,94.410,-,17.389,1.155,49.100,-,77.810,10.110,797.614,-,452.080,1249.694,63.83
2016,058098,Lazio,Roma,SANT'ANGELO ROMANO,5017,Comune,-,-,10.880,34.240,0.060,0.010,6.010,-,8.515,0.810,-,-,47.040,-,107.565,-,1721.910,1829.475,5.88
2016,058099,Lazio,Roma,SANT'ORESTE,3675,Comune,284.040,24.670,158.810,120.020,11.320,5.620,107.860,-,9.429,0.760,13.630,-,52.140,-,788.299,-,288.170,1076.469,73.23
2016,058097,Lazio,Roma,SANTA MARINELLA,18882,Comune,1400.250,208.826,610.910,691.260,216.360,92.750,603.260,69.850,57.660,1.470,198.080,-,450.980,56.570,4658.226,-,5988.600,10646.826,43.75
2016,058101,Lazio,Roma,SARACINESCO,182,Vedi aggregazione: UNIONE DEI COMUNI VALLE DEL GIOVENZANO,-,-,-,-,-,-,-,-,-,-,-,-,-,-,-,-,-,-,-
2016,058102,Lazio,Roma,SEGNI,9220,Comune,44.176,-,48.280,61.780,-,9.560,66.470,-,23.140,0.265,-,-,64.384,13.500,331.555,-,3399.885,3731.440,8.89
2016,058103,Lazio,Roma,SUBIACO,8987,Comune,-,-,43.340,37.290,-,5.770,55.690,-,11.500,0.450,-,-,95.700,8.150,257.890,-,3880.800,4138.690,6.23
2016,058104,Lazio,Roma,TIVOLI,56603,Comune,2744.920,329.730,1905.940,1587.960,809.700,196.330,662.010,204.285,209.058,19.772,607.670,-,561.880,91.850,9931.105,-,16715.620,26646.725,37.27
2016,058105,Lazio,Roma,TOLFA,5074,Comune,412.550,35.960,0.810,-,55.520,22.590,9.260,37.050,13.000,3.290,18.760,-,36.080,-,644.870,-,468.780,1113.650,57.91
2016,058106,Lazio,Roma,TORRITA TIBERINA,1077,Comune,150.380,-,54.060,5.130,-,0.790,7.820,-,-,-,-,-,-,1.120,219.300,-,132.780,352.080,62.29
2016,058107,Lazio,Roma,TREVIGNANO ROMANO,5781,Comune,592.450,171.530,298.530,286.980,80.100,75.220,169.260,56.690,22.500,4.400,85.880,-,153.000,0.400,1996.940,-,881.120,2878.060,69.39
2016,058108,Lazio,Roma,VALLEPIETRA,268,Comune,21.740,-,10.220,19.900,-,-,6.840,-,-,-,-,-,8.000,-,66.700,-,78.180,144.880,46.04
2016,058109,Lazio,Roma,VALLINFREDA,279,Comune,-,-,-,86.050,-,12.120,43.920,-,1.907,0.090,-,-,3.860,17.110,165.057,-,72.420,237.477,69.50
2016,058110,Lazio,Roma,VALMONTONE,16035,Comune,47.440,16.280,129.620,91.930,-,6.040,50.220,16.820,-,-,-,-,114.810,8.530,481.690,-,9567.320,10049.010,4.79
2016,058111,Lazio,Roma,VELLETRI,53365,Comune,5413.260,1049.520,1782.280,852.120,411.020,213.200,1788.740,232.140,207.720,22.626,1.440,-,1008.610,243.120,13225.796,-,8657.820,21883.616,60.44
2016,058112,Lazio,Roma,VICOVARO,3994,Aggregazione: UNIONE COMUNI VALLE USTICA,429.660,10.330,175.040,221.650,-,13.550,51.730,45.665,-,-,-,-,129.110,16.280,1093.015,-,920.680,2013.695,54.28
2016,058113,Lazio,Roma,VIVARO ROMANO,170,Vedi aggregazione: UNIONE COMUNI MEDANIENE,-,-,-,-,-,-,-,-,-,-,-,-,-,-,-,-,-,-,-
2016,058114,Lazio,Roma,ZAGAROLO,17872,Comune,1735.620,138.280,535.200,657.750,102.140,61.920,106.560,62.665,29.638,16.095,132.960,-,132.200,41.520,3752.548,-,2798.600,6551.148,57.28
2016,056001,Lazio,Viterbo,ACQUAPENDENTE,5449,Comune,512.850,12.710,240.320,205.750,56.440,98.020,86.320,91.210,20.380,2.350,-,-,-,33.630,1359.980,75.650,1157.440,2593.070,52.45
2016,056002,Lazio,Viterbo,ARLENA DI CASTRO,873,Comune,-,-,7.850,-,-,-,-,-,-,-,-,-,-,-,7.850,-,288.850,296.700,2.65
2016,056003,Lazio,Viterbo,BAGNOREGIO,3615,Comune,-,464.200,120.910,266.560,29.600,23.020,315.860,22.140,8.900,1.320,-,-,-,40.810,1293.320,73.880,862.050,2229.250,58.02
2016,056004,Lazio,Viterbo,BARBARANO ROMANO,1066,Comune,-,2.360,35.120,40.590,15.330,2.640,25.190,11.385,5.300,1.310,-,-,5.380,-,144.605,-,218.040,362.645,39.88
2016,056006,Lazio,Viterbo,BASSANO IN TEVERINA,1296,Comune,89.650,-,37.540,24.490,-,8.160,43.450,-,-,0.300,-,-,63.220,5.350,272.160,-,138.640,410.800,66.25
2016,056005,Lazio,Viterbo,BASSANO ROMANO,4940,Comune,338.820,-,170.560,142.460,-,12.410,149.260,41.720,-,2.042,74.100,-,124.212,-,1055.584,-,636.568,1692.152,62.38
2016,056007,Lazio,Viterbo,BLERA,3316,Comune,206.600,4.800,79.977,108.800,39.200,0.960,76.867,24.180,-,2.270,-,-,31.900,-,575.554,-,420.040,995.594,57.81
2016,056008,Lazio,Viterbo,BOLSENA,3936,Comune,580.380,56.080,130.410,289.910,57.550,57.290,91.280,39.910,16.300,1.490,59.040,-,43.950,35.564,1459.154,-,1044.950,2504.104,58.27
2016,056009,Lazio,Viterbo,BOMARZO,1799,Comune,134.900,-,51.420,36.730,-,20.520,38.840,-,-,-,-,-,46.160,6.690,335.260,-,177.440,512.700,65.39
2016,056010,Lazio,Viterbo,CALCATA,905,Comune,36.680,-,28.480,50.550,-,0.420,32.710,-,-,0.260,-,-,22.020,0.590,171.710,-,55.820,227.530,75.47
2016,056011,Lazio,Viterbo,CANEPINA,3053,Comune,303.280,-,102.250,50.820,-,35.720,91.790,-,9.960,1.910,-,-,77.520,11.110,684.360,-,302.540,986.900,69.34
2016,056012,Lazio,Viterbo,CANINO,5307,Comune,478.300,7.610,175.820,171.830,51.190,9.770,123.300,27.330,9.500,0.057,-,-,36.900,12.990,1104.597,-,668.140,1772.737,62.31
2016,056013,Lazio,Viterbo,CAPODIMONTE,1710,Comune,-,32.500,51.710,30.260,-,9.560,17.670,11.860,7.300,0.428,-,-,52.700,4.140,218.128,-,1090.590,1308.718,16.67
2016,056014,Lazio,Viterbo,CAPRANICA,6455,Comune,404.705,321.500,247.239,268.570,13.500,16.050,68.680,15.285,4.290,0.878,-,-,45.100,18.998,1424.795,-,927.490,2352.285,60.57
2016,056015,Lazio,Viterbo,CAPRAROLA,5418,Comune,378.230,161.940,197.260,153.900,-,42.240,141.150,54.300,9.020,5.750,-,-,-,-,1143.790,-,892.740,2036.530,56.16
2016,056016,Lazio,Viterbo,CARBOGNANO,1988,Comune,66.060,1.080,68.270,71.430,-,-,49.660,-,6.500,-,-,-,0.600,-,263.600,-,280.800,544.400,48.42
2016,056017,Lazio,Viterbo,CASTEL SANT'ELIA,2656,Comune,176.480,14.560,81.900,125.170,39.250,2.600,85.940,15.551,-,-,-,-,-,0.490,541.941,24.120,282.360,848.421,63.88
2016,056018,Lazio,Viterbo,CASTIGLIONE IN TEVERINA,2321,Comune,200.710,4.750,101.830,78.060,-,26.060,43.780,19.260,-,0.880,16.400,-,-,17.060,508.790,35.960,176.780,721.530,70.52
2016,056019,Lazio,Viterbo,CELLENO,1350,Comune,74.630,-,36.090,38.740,-,0.130,29.610,-,-,1.000,-,-,-,0.180,180.380,-,187.200,367.580,49.07
2016,056020,Lazio,Viterbo,CELLERE,1184,Comune,-,-,10.400,-,-,4.010,-,7.860,-,0.247,-,-,-,-,22.517,43.740,368.200,434.457,5.18
2016,056021,Lazio,Viterbo,CIVITA CASTELLANA,16418,Comune,2266.320,218.170,184.480,491.500,-,76.701,274.760,1.000,-,0.790,13.700,-,288.000,-,3815.421,-,1360.400,5175.821,73.72
2016,056022,Lazio,Viterbo,CIVITELLA D'AGLIANO,1598,Comune,105.635,18.060,51.210,24.450,-,10.790,50.160,13.570,5.050,1.270,-,-,27.240,1.100,308.535,-,144.820,453.355,68.06
2016,056023,Lazio,Viterbo,CORCHIANO,3807,Comune,209.400,-,132.720,-,17.220,10.480,126.020,25.950,1.430,2.673,26.750,-,40.260,-,592.903,-,196.600,789.503,75.10
2016,056024,Lazio,Viterbo,FABRICA DI ROMA,8233,Comune,400.000,-,331.030,-,67.060,17.650,282.940,43.034,-,7.900,-,-,89.400,4.520,1243.534,-,589.050,1832.584,67.86
2016,056025,Lazio,Viterbo,FALERIA,2178,Comune,145.920,13.860,61.035,87.830,-,8.810,20.630,13.186,-,0.300,-,-,42.860,7.530,401.961,-,175.100,577.061,69.66
2016,056026,Lazio,Viterbo,FARNESE,1510,Comune,-,-,40.340,-,-,15.940,-,12.140,-,1.450,22.650,-,32.840,-,125.360,-,431.810,557.170,22.50
2016,056027,Lazio,Viterbo,GALLESE,2854,Comune,175.030,48.360,86.500,50.610,24.600,19.450,98.190,14.200,7.890,3.172,42.740,-,31.120,11.070,612.932,-,263.810,876.742,69.91
2016,056028,Lazio,Viterbo,GRADOLI,1351,Comune,130.910,-,49.670,48.820,-,26.680,27.890,12.370,4.730,0.247,20.300,-,32.480,10.680,364.777,-,201.010,565.787,64.47
2016,056029,Lazio,Viterbo,GRAFFIGNANO,2250,Comune,72.950,-,53.240,83.950,-,3.980,55.510,-,-,-,-,-,-,5.620,275.250,8.480,372.170,655.900,41.97
2016,056030,Lazio,Viterbo,GROTTE DI CASTRO,2626,Comune,293.470,14.700,84.560,111.390,-,51.790,31.800,18.945,7.080,0.240,39.390,-,-,-,653.365,74.660,373.080,1101.105,59.34
2016,056031,Lazio,Viterbo,ISCHIA DI CASTRO,2314,Comune,-,18.150,51.980,-,24.440,10.820,10.740,23.200,-,2.268,34.710,-,23.620,3.850,203.778,-,410.920,614.698,33.15
2016,056032,Lazio,Viterbo,LATERA,823,Comune,107.610,-,21.310,21.890,-,3.390,12.280,4.780,-,0.120,-,-,-,4.790,176.170,19.400,120.260,315.830,55.78
2016,056033,Lazio,Viterbo,LUBRIANO,897,Comune,38.310,-,43.130,33.950,-,2.210,8.050,-,4.800,0.200,-,-,-,5.630,136.280,10.510,154.500,301.290,45.23
2016,056034,Lazio,Viterbo,MARTA,3440,Comune,195.240,34.770,98.114,156.032,57.220,25.020,38.870,25.530,11.000,0.670,-,-,44.900,10.211,697.577,-,741.190,1438.767,48.48
2016,056035,Lazio,Viterbo,MONTALTO DI CASTRO,8985,Comune,418.730,470.390,256.830,269.290,113.700,13.520,138.320,72.155,18.060,1.130,135.590,-,142.780,4.820,2055.315,-,4532.122,6587.437,31.20
2016,056037,Lazio,Viterbo,MONTE ROMANO,2003,Comune,-,3.120,1.080,3.110,-,6.860,1.740,2.280,1.200,0.260,-,-,-,1.170,20.820,40.600,673.700,735.120,2.83
2016,056036,Lazio,Viterbo,MONTEFIASCONE,13454,Comune,1728.420,210.778,629.308,753.850,161.240,80.340,162.090,147.455,43.500,27.810,201.480,-,87.900,64.830,4299.001,-,1788.980,6087.981,70.62
2016,056038,Lazio,Viterbo,MONTEROSI,4473,Comune,180.800,381.280,112.900,138.050,75.120,29.700,77.700,28.330,-,0.250,-,-,7.250,-,1031.380,-,687.000,1718.380,60.02
2016,056039,Lazio,Viterbo,NEPI,9620,Comune,817.000,616.000,1255.850,739.700,-,172.780,595.350,67.875,160.000,25.345,120.000,-,-,129.100,4699.000,-,1433.360,6132.360,76.63
2016,056040,Lazio,Viterbo,ONANO,983,Comune,116.660,-,24.700,18.180,-,28.160,16.940,-,-,0.090,-,-,-,8.070,212.800,11.390,130.030,354.220,60.08
2016,056041,Lazio,Viterbo,ORIOLO ROMANO,3805,Comune,336.818,62.420,128.550,102.440,40.110,47.360,128.950,20.563,12.640,1.494,-,-,40.300,29.480,951.125,-,280.420,1231.545,77.23
2016,056042,Lazio,Viterbo,ORTE,8816,Comune,-,-,-,-,-,-,-,50.030,-,-,-,-,37.520,4.820,92.370,-,2204.750,2297.120,4.02
2016,056043,Lazio,Viterbo,PIANSANO,2049,Comune,169.710,4.840,32.620,-,30.820,20.960,-,20.890,-,1.852,-,-,38.320,-,320.012,-,415.120,735.132,43.53
2016,056044,Lazio,Viterbo,PROCENO,557,Comune,-,-,15.130,-,-,0.700,-,-,-,0.250,-,-,3.980,-,20.060,-,164.280,184.340,10.88
2016,056045,Lazio,Viterbo,RONCIGLIONE,8604,Comune,683.655,118.290,213.550,331.240,103.430,25.110,162.260,44.280,14.095,0.670,-,-,67.500,1.930,1766.010,-,1278.420,3044.430,58.01
2016,056047,Lazio,Viterbo,SAN LORENZO NUOVO,2080,Comune,205.830,29.900,72.150,3.630,-,21.110,2.040,8.840,-,1.501,-,-,26.100,0.790,371.891,-,363.320,735.211,50.58
2016,056048,Lazio,Viterbo,SORIANO NEL CIMINO,8361,Comune,702.960,-,235.240,129.220,-,34.290,245.080,113.180,34.560,15.280,-,-,234.650,34.900,1779.360,-,974.610,2753.970,64.61
2016,056049,Lazio,Viterbo,SUTRI,6681,Comune,-,148.061,43.670,-,87.840,12.920,20.000,25.020,-,0.460,-,-,245.800,-,583.771,233.740,2829.760,3647.271,16.01
2016,056050,Lazio,Viterbo,TARQUINIA,16383,Comune,1007.570,692.230,605.970,510.540,417.330,386.310,377.240,132.840,30.500,12.820,247.130,-,224.140,130.030,4774.650,-,6630.990,11405.640,41.86
2016,056051,Lazio,Viterbo,TESSENNANO,339,Comune,-,-,3.910,-,-,-,-,-,-,-,-,-,-,-,3.910,-,118.040,121.950,3.21
2016,056052,Lazio,Viterbo,TUSCANIA,8426,Comune,-,4.000,88.390,104.120,193.670,51.750,15.850,28.290,17.760,1.810,-,-,166.540,5.230,677.410,-,3553.960,4231.370,16.01
2016,056053,Lazio,Viterbo,VALENTANO,2843,Comune,-,57.190,76.060,32.070,-,22.380,10.680,15.860,8.620,0.270,-,-,53.800,6.800,283.730,-,1395.120,1678.850,16.90
2016,056054,Lazio,Viterbo,VALLERANO,2590,Comune,-,-,48.000,-,-,-,43.635,0.085,-,0.655,-,-,5.320,0.270,97.965,-,421.400,519.365,18.86
2016,056055,Lazio,Viterbo,VASANELLO,4055,Comune,339.020,32.230,113.210,104.700,16.570,8.790,95.735,3.590,3.740,1.366,20.540,-,25.505,0.860,765.856,-,352.246,1118.102,68.50
2016,056056,Lazio,Viterbo,VEJANO,2243,Comune,125.730,8.050,62.450,114.960,-,6.000,21.740,10.210,-,0.750,-,-,43.100,8.480,401.470,-,242.840,644.310,62.31
2016,056057,Lazio,Viterbo,VETRALLA,14031,Comune,-,33.500,445.410,215.160,73.540,50.900,165.610,39.440,26.600,12.810,68.580,-,57.740,-,1189.290,-,5683.000,6872.290,17.31
2016,056058,Lazio,Viterbo,VIGNANELLO,4603,Comune,416.960,41.420,126.980,139.125,21.930,15.590,109.335,25.605,7.580,7.850,30.180,-,27.610,3.140,973.305,-,513.050,1486.355,65.48
2016,056046,Lazio,Viterbo,VILLA SAN GIOVANNI IN TUSCIA,1330,Comune,-,-,33.700,41.830,14.180,-,24.060,-,-,1.246,-,-,12.220,-,127.236,-,140.320,267.556,47.56
2016,056059,Lazio,Viterbo,VITERBO,67488,Comune,4860.225,94.530,3294.890,3033.260,252.930,182.430,559.640,263.425,186.100,30.091,-,-,-,224.000,12981.521,490.090,14470.450,27942.061,46.46
2016,056060,Lazio,Viterbo,VITORCHIANO,5270,Comune,398.360,-,154.310,134.510,-,33.630,122.200,-,-,-,-,-,134.220,21.620,998.850,-,691.120,1689.970,59.11
2017,060001,Lazio,Frosinone,ACQUAFONDATA,267,Comune,-,-,4.490,8.577,-,0.316,1.036,0.012,-,-,-,-,-,0.505,14.935,0.003,110.000,124.938,11.95
2017,060002,Lazio,Frosinone,ACUTO,1899,Comune,159.740,-,29.720,32.455,-,5.021,60.844,-,6.979,0.930,-,-,15.190,7.099,317.979,-,255.700,573.679,55.43
2017,060003,Lazio,Frosinone,ALATRI,28763,Comune,2960.481,286.210,1194.482,1528.690,-,83.105,367.649,108.605,61.616,12.114,32.400,-,417.770,126.219,7179.341,-,2695.380,9874.721,72.70
2017,060004,Lazio,Frosinone,ALVITO,2650,Vedi aggregazione: Unione Comuni 'Val Comino',-,-,-,-,-,-,-,-,-,-,-,-,-,-,-,-,-,-,-
2017,060005,Lazio,Frosinone,AMASENO,4313,Comune,-,-,12.910,9.698,-,1.500,5.440,4.100,4.008,-,-,-,-,2.122,39.778,8.260,1643.520,1691.558,2.35
2017,060006,Lazio,Frosinone,ANAGNI,21404,Comune,1950.520,1.510,269.980,198.530,-,30.720,111.360,-,32.540,0.270,-,-,-,69.940,2665.370,223.180,2401.200,5289.750,50.39
2017,060007,Lazio,Frosinone,AQUINO,5319,Comune,580.440,-,166.190,143.800,-,13.153,47.689,-,12.850,-,-,-,4.260,18.598,986.980,-,442.740,1429.720,69.03
2017,060008,Lazio,Frosinone,ARCE,5670,Comune,327.220,10.080,147.670,272.209,-,11.615,42.113,27.055,11.901,0.946,-,-,-,22.543,873.352,71.880,941.320,1886.552,46.29
2017,060009,Lazio,Frosinone,ARNARA,2292,Comune,76.220,-,25.204,49.840,-,-,46.767,0.820,2.135,-,-,-,17.190,6.119,224.295,-,242.600,466.895,48.04
2017,060010,Lazio,Frosinone,ARPINO,7150,Comune,558.280,-,197.220,386.370,-,21.659,78.527,13.150,15.850,0.120,-,-,-,30.624,1301.800,31.320,653.660,1986.780,65.52
2017,060011,Lazio,Frosinone,ATINA,4245,Comune,212.440,-,217.230,291.177,0.540,13.679,49.594,-,-,0.400,-,-,11.780,20.611,817.450,-,692.340,1509.790,54.14
2017,060012,Lazio,Frosinone,AUSONIA,2591,Comune,112.740,-,63.848,93.743,0.270,9.789,18.815,6.509,4.990,-,-,-,22.370,9.998,343.072,-,357.040,700.112,49.00
2017,060013,Lazio,Frosinone,BELMONTE CASTELLO,708,Comune,-,-,-,-,-,-,-,-,-,-,-,-,-,-,-,-,203.860,203.860,-
2017,060014,Lazio,Frosinone,BOVILLE ERNICA,8525,Comune,395.400,-,136.190,340.114,-,16.729,60.653,19.300,0.700,0.200,-,-,-,23.784,993.070,35.090,1082.340,2110.500,47.05
2017,060015,Lazio,Frosinone,BROCCOSTELLA,2708,Comune,120.740,7.620,108.724,85.074,-,0.110,0.040,2.860,5.850,-,-,-,3.120,17.362,351.500,-,490.020,841.520,41.77
2017,060016,Lazio,Frosinone,CAMPOLI APPENNINO,1686,Comune,-,-,-,-,-,-,-,-,3.339,-,13.380,-,-,-,16.719,-,271.060,287.779,5.81
2017,060017,Lazio,Frosinone,CASALATTICO,549,Comune,-,-,10.180,32.606,-,1.064,4.347,1.350,-,0.130,-,-,1.850,2.404,53.930,-,44.900,98.830,54.57
2017,060018,Lazio,Frosinone,CASALVIERI,2665,Comune,-,-,39.690,98.184,4.410,4.145,12.114,7.580,1.100,0.330,13.540,-,-,6.638,187.731,4.650,841.030,1033.411,18.17
2017,060019,Lazio,Frosinone,CASSINO,36497,Comune,4377.700,3.760,3443.339,2871.980,189.880,17.870,-,87.610,73.910,4.600,-,-,309.710,381.559,11761.918,-,5335.200,17097.118,68.80
2017,060020,Lazio,Frosinone,CASTELLIRI,3411,Comune,347.660,-,128.770,197.036,2.000,12.048,43.681,2.796,1.000,0.116,-,-,9.280,17.035,761.422,-,238.735,1000.157,76.13
2017,060021,Lazio,Frosinone,CASTELNUOVO PARANO,886,Comune,-,-,13.500,11.260,-,-,-,-,-,0.048,-,-,-,-,24.808,-,362.600,387.408,6.40
2017,060023,Lazio,Frosinone,CASTRO DEI VOLSCI,4740,Comune,304.420,-,136.330,242.832,-,12.502,45.328,9.790,5.190,0.138,-,-,21.040,17.677,795.248,-,337.720,1132.968,70.19
2017,060022,Lazio,Frosinone,CASTROCIELO,3978,Comune,-,-,141.225,216.229,-,17.529,85.531,6.980,7.665,0.939,-,-,15.495,16.641,508.234,-,735.160,1243.394,40.88
2017,060024,Lazio,Frosinone,CECCANO,23380,Comune,1325.460,-,664.740,772.990,195.300,187.237,452.463,76.790,64.740,0.740,118.500,-,268.780,84.790,4212.530,-,2999.140,7211.670,58.41
2017,060025,Lazio,Frosinone,CEPRANO,8823,Comune,875.720,-,333.950,478.119,4.940,27.455,99.192,32.295,35.010,1.060,-,-,79.220,38.254,2005.215,-,803.690,2808.905,71.39
2017,060026,Lazio,Frosinone,CERVARO,8093,Comune,440.440,-,150.935,317.304,-,13.969,89.591,10.950,-,0.020,-,-,50.010,19.556,1092.775,-,1135.680,2228.455,49.04
2017,060027,Lazio,Frosinone,COLFELICE,1907,Comune,107.580,-,43.540,95.277,-,5.196,18.840,-,7.830,0.230,-,-,8.420,7.347,294.260,-,192.460,486.720,60.46
2017,060029,Lazio,Frosinone,COLLE SAN MAGNO,666,Comune,69.640,-,38.760,68.070,-,-,1.540,-,8.380,-,-,-,-,-,186.390,4.460,38.140,228.990,81.40
2017,060028,Lazio,Frosinone,COLLEPARDO,947,Comune,28.040,-,27.160,32.200,-,4.950,31.780,2.057,-,-,-,-,7.260,-,133.447,-,170.800,304.247,43.86
2017,060030,Lazio,Frosinone,CORENO AUSONIO,1613,Comune,-,-,10.830,18.110,-,-,13.770,1.460,5.940,0.110,8.320,-,6.600,-,65.140,-,408.000,473.140,13.77
2017,060031,Lazio,Frosinone,ESPERIA,3802,Comune,41.020,-,16.320,-,0.980,12.540,-,-,-,-,-,-,-,8.050,78.910,24.020,993.620,1096.550,7.20
2017,060032,Lazio,Frosinone,FALVATERRA,548,Comune,3.680,-,0.640,1.504,-,0.115,0.418,-,0.690,-,-,-,0.440,0.163,7.650,-,16.000,23.650,32.35
2017,060033,Lazio,Frosinone,FERENTINO,20992,Comune,1028.460,17.580,592.760,901.902,-,48.707,176.593,65.540,17.100,1.431,4.460,-,155.960,71.648,3082.141,-,4663.380,7745.521,39.79
2017,060034,Lazio,Frosinone,FILETTINO,538,Comune,4.540,-,-,-,-,-,3.460,1.300,-,-,-,-,8.460,0.030,17.790,-,323.420,341.210,5.21
2017,060035,Lazio,Frosinone,FIUGGI,10511,Comune,1072.380,54.360,351.400,530.387,-,14.503,178.304,65.170,15.596,0.300,-,-,94.900,20.507,2397.806,-,2298.960,4696.766,51.05
2017,060036,Lazio,Frosinone,FONTANA LIRI,2906,Comune,283.560,3.100,76.294,76.770,10.920,19.858,65.435,2.000,6.612,-,-,-,14.700,10.127,569.376,-,284.340,853.716,66.69
2017,060037,Lazio,Frosinone,FONTECHIARI,1306,Comune,49.000,-,20.930,56.263,1.120,2.841,10.218,1.940,-,0.233,-,-,1.420,3.918,147.883,-,165.460,313.343,47.20
2017,060038,Lazio,Frosinone,FROSINONE,46063,Comune,467.260,616.580,1477.867,1078.521,9.480,49.197,178.370,88.190,5.880,4.339,24.690,-,74.610,74.862,4149.846,253.040,22954.340,27357.226,15.17
2017,060039,Lazio,Frosinone,FUMONE,2081,Comune,116.240,-,28.950,83.180,-,17.550,21.080,5.585,7.639,0.140,-,-,4.280,-,284.644,4.280,205.900,494.824,57.52
2017,060040,Lazio,Frosinone,GALLINARO,1232,Vedi aggregazione: Unione Comuni 'Val Comino',-,-,-,-,-,-,-,-,-,-,-,-,-,-,-,-,-,-,-
2017,060041,Lazio,Frosinone,GIULIANO DI ROMA,2417,Comune,121.850,-,49.100,107.768,-,4.915,17.819,4.599,-,0.285,-,-,18.040,6.949,331.324,-,325.850,657.174,50.42
2017,060042,Lazio,Frosinone,GUARCINO,1580,Comune,-,-,10.320,-,-,-,-,-,3.907,0.055,-,-,5.260,-,19.542,-,569.000,588.542,3.32
2017,060043,Lazio,Frosinone,ISOLA DEL LIRI,11482,Comune,1152.700,50.020,462.910,658.146,-,31.447,114.014,38.200,30.670,2.190,38.240,-,67.450,44.464,2690.450,-,1618.160,4308.610,62.44
2017,060044,Lazio,Frosinone,MONTE SAN GIOVANNI CAMPANO,12706,Comune,816.140,-,305.010,607.640,-,37.383,135.539,29.570,34.940,0.524,-,-,-,53.878,2020.624,50.780,1499.000,3570.404,56.59
2017,060045,Lazio,Frosinone,MOROLO,3250,Comune,178.940,-,81.110,179.413,-,7.603,27.565,6.944,4.449,-,-,-,-,10.750,496.773,17.930,426.680,941.383,52.77
2017,060046,Lazio,Frosinone,PALIANO,8163,Comune,616.640,-,292.240,231.735,22.340,-,3.180,29.890,14.720,1.315,-,-,-,29.545,1241.605,66.370,792.690,2100.665,59.11
2017,060047,Lazio,Frosinone,PASTENA,1424,Comune,-,-,9.530,31.720,-,21.100,-,-,-,-,-,-,-,-,62.350,1.930,376.960,441.240,14.13
2017,060048,Lazio,Frosinone,PATRICA,3161,Comune,90.460,-,91.080,125.960,-,3.865,14.011,6.800,20.080,2.720,-,-,19.640,6.124,380.740,-,857.320,1238.060,30.75
2017,060049,Lazio,Frosinone,PESCOSOLIDO,1518,Comune,93.040,-,18.732,36.665,-,-,-,2.260,-,-,-,-,4.840,7.063,162.600,-,139.720,302.320,53.78
2017,060050,Lazio,Frosinone,PICINISCO,1173,Comune,-,-,-,-,0.200,-,-,-,1.750,-,-,-,-,0.150,2.100,2.690,347.880,352.670,0.60
2017,060051,Lazio,Frosinone,PICO,2825,Comune,172.660,-,66.390,113.894,-,6.172,22.377,2.920,2.600,-,-,-,3.590,8.727,399.330,-,220.040,619.370,64.47
2017,060052,Lazio,Frosinone,PIEDIMONTE SAN GERMANO,6469,Comune,772.060,-,18.400,469.229,-,72.593,263.196,-,-,-,-,-,-,102.642,1698.120,184.800,927.560,2810.480,60.42
2017,060053,Lazio,Frosinone,PIGLIO,4601,Comune,402.380,-,112.620,147.060,-,23.205,92.822,6.020,0.300,0.643,-,-,-,14.793,799.843,43.460,296.960,1140.263,70.15
2017,060054,Lazio,Frosinone,PIGNATARO INTERAMNA,2543,Comune,161.000,-,97.330,357.151,0.350,19.997,71.848,2.670,-,-,-,-,13.820,28.019,752.185,-,213.540,965.725,77.89
2017,060055,Lazio,Frosinone,POFI,4134,Comune,-,-,79.200,162.293,-,7.460,27.049,10.005,1.980,-,-,-,57.230,10.549,355.765,-,708.780,1064.545,33.42
2017,060056,Lazio,Frosinone,PONTECORVO,13125,Comune,-,-,-,17.430,-,-,0.200,13.360,27.137,0.030,-,-,21.000,-,79.157,-,5383.090,5462.247,1.45
2017,060057,Lazio,Frosinone,POSTA FIBRENO,1101,Comune,56.760,-,29.870,72.427,2.580,2.465,8.732,2.320,7.670,-,-,-,1.280,3.246,187.350,-,192.160,379.510,49.37
2017,060058,Lazio,Frosinone,RIPI,5249,Comune,203.580,-,134.130,226.001,-,10.845,39.320,10.680,11.740,0.401,-,-,15.970,15.334,668.001,-,859.260,1527.261,43.74
2017,060059,Lazio,Frosinone,ROCCA D'ARCE,936,Comune,96.920,-,22.790,-,-,-,-,-,1.850,-,-,-,-,-,121.560,14.620,51.540,187.720,64.76
2017,060060,Lazio,Frosinone,ROCCASECCA,7481,Comune,598.900,-,216.780,355.399,-,17.910,64.936,13.350,2.900,0.470,-,-,40.090,25.324,1336.060,-,1042.340,2378.400,56.18
2017,060061,Lazio,Frosinone,SAN BIAGIO SARACINISCO,332,Comune,-,-,8.983,17.156,-,0.622,2.072,-,-,-,-,-,0.005,1.011,29.849,-,95.260,125.109,23.86
2017,060062,Lazio,Frosinone,SAN DONATO VAL DI COMINO,2051,Aggregazione: Unione Comuni 'Val Comino',442.910,-,152.680,409.365,32.300,103.287,153.020,35.570,10.810,0.410,-,-,33.080,20.879,1394.310,-,1133.020,2527.330,55.17
2017,060063,Lazio,Frosinone,SAN GIORGIO A LIRI,3123,Comune,348.380,-,176.290,187.318,-,10.466,37.944,6.365,5.680,0.635,-,-,34.055,14.798,821.930,-,375.700,1197.630,68.63
2017,060064,Lazio,Frosinone,SAN GIOVANNI INCARICO,3291,Comune,138.000,-,49.300,-,-,-,-,-,66.000,-,-,-,-,-,253.300,-,383.200,636.500,39.80
2017,060070,Lazio,Frosinone,SAN VITTORE DEL LAZIO,2571,Comune,-,-,-,0.540,1.300,1.180,1.220,-,1.650,0.010,1.360,-,-,1.070,8.330,2.280,1112.540,1123.150,0.74
2017,060065,Lazio,Frosinone,SANT'AMBROGIO SUL GARIGLIANO,964,Comune,62.640,-,16.995,48.305,-,3.087,11.193,1.716,4.750,0.214,-,-,-,4.365,153.265,4.784,46.900,204.949,74.78
2017,060066,Lazio,Frosinone,SANT'ANDREA DEL GARIGLIANO,1454,Comune,53.780,-,18.190,33.540,-,-,34.855,3.090,-,-,-,-,20.530,-,163.985,-,82.820,246.805,66.44
2017,060067,Lazio,Frosinone,SANT'APOLLINARE,1901,Comune,161.380,-,67.745,64.085,3.787,4.896,26.813,4.336,12.340,0.096,-,-,22.380,5.338,373.197,-,199.680,572.877,65.14
2017,060068,Lazio,Frosinone,SANT'ELIA FIUMERAPIDO,6048,Comune,384.540,-,193.440,311.481,-,19.120,69.324,5.630,-,0.860,-,-,-,27.035,1011.430,63.230,740.800,1815.460,55.71
2017,060069,Lazio,Frosinone,SANTOPADRE,1325,Comune,-,-,-,-,-,-,-,-,1.819,-,-,-,-,-,1.819,0.880,279.550,282.249,0.64
2017,060071,Lazio,Frosinone,SERRONE,3048,Comune,215.260,-,80.640,160.332,-,6.491,33.325,17.560,-,0.105,45.720,-,60.720,5.813,625.965,-,375.300,1001.265,62.52
2017,060072,Lazio,Frosinone,SETTEFRATI,718,Vedi aggregazione: Unione Comuni 'Val Comino',-,-,-,-,-,-,-,-,-,-,-,-,-,-,-,-,-,-,-
2017,060073,Lazio,Frosinone,SGURGOLA,2651,Comune,113.580,-,27.990,94.500,-,-,41.360,4.660,3.478,0.250,3.580,-,-,-,289.398,12.320,341.900,643.618,44.96
2017,060074,Lazio,Frosinone,SORA,25972,Comune,2722.140,550.380,1432.630,900.040,139.380,28.810,860.500,164.857,119.890,9.848,9.360,-,-,99.360,7037.195,-,4016.580,11053.775,63.66
2017,060075,Lazio,Frosinone,STRANGOLAGALLI,2414,Comune,101.520,-,83.870,77.700,-,19.393,77.574,6.440,6.770,-,-,-,5.540,12.363,391.170,-,301.260,692.430,56.49
2017,060076,Lazio,Frosinone,SUPINO,4825,Comune,-,-,90.710,-,25.780,-,-,5.990,7.350,-,-,-,-,3.100,132.930,53.780,1074.820,1261.530,10.54
2017,060077,Lazio,Frosinone,TERELLE,376,Comune,-,-,4.491,6.731,-,0.022,3.168,0.012,-,-,-,-,-,0.508,14.932,-,116.880,131.812,11.33
2017,060078,Lazio,Frosinone,TORRE CAJETANI,1358,Comune,150.760,-,15.370,51.757,-,2.294,8.316,0.500,4.220,-,-,-,11.040,3.243,247.500,-,194.020,441.520,56.06
2017,060079,Lazio,Frosinone,TORRICE,4843,Comune,-,-,42.130,93.344,-,3.387,12.280,6.850,-,-,-,-,-,4.789,162.780,28.830,1682.120,1873.730,8.69
2017,060080,Lazio,Frosinone,TREVI NEL LAZIO,1768,Comune,-,-,9.280,6.183,-,0.957,5.173,-,-,0.070,-,-,-,1.353,23.015,-,1077.100,1100.115,2.09
2017,060081,Lazio,Frosinone,TRIVIGLIANO,1676,Comune,63.660,-,22.300,-,-,-,-,-,4.500,-,-,-,-,-,90.460,-,252.280,342.740,26.39
2017,060082,Lazio,Frosinone,VALLECORSA,2574,Comune,-,-,13.530,14.687,-,1.889,1.737,-,-,-,-,-,-,0.677,32.520,-,795.000,827.520,3.93
2017,060083,Lazio,Frosinone,VALLEMAIO,934,Comune,-,-,4.968,21.995,-,1.656,26.499,1.860,-,0.038,-,-,6.240,4.223,67.478,-,120.723,188.201,35.85
2017,060084,Lazio,Frosinone,VALLEROTONDA,1532,Comune,-,-,-,-,-,-,-,-,2.120,-,-,-,-,-,2.120,-,633.140,635.260,0.33
2017,060085,Lazio,Frosinone,VEROLI,20414,Comune,1523.230,-,485.060,1063.881,-,48.982,177.590,49.865,-,1.065,-,-,110.720,70.237,3530.630,-,2778.110,6308.740,55.96
2017,060086,Lazio,Frosinone,VICALVI,770,Vedi aggregazione: Unione Comuni 'Val Comino',-,-,-,-,-,-,-,-,-,-,-,-,-,-,-,-,-,-,-
2017,060087,Lazio,Frosinone,VICO NEL LAZIO,2199,Comune,126.815,-,40.690,100.638,-,5.435,19.704,0.450,5.850,0.015,-,-,21.290,7.684,328.570,-,232.520,561.090,58.56
2017,060088,Lazio,Frosinone,VILLA LATINA,1206,Comune,-,-,15.934,23.881,-,0.091,-,0.050,-,-,-,-,0.010,5.493,45.460,-,403.380,448.840,10.13
2017,060089,Lazio,Frosinone,VILLA SANTA LUCIA,2605,Comune,201.760,-,54.910,148.140,-,8.459,30.670,-,8.540,-,-,-,2.620,11.961,467.060,-,222.120,689.180,67.77
2017,060090,Lazio,Frosinone,VILLA SANTO STEFANO,1703,Comune,64.600,-,26.980,76.540,-,-,50.200,3.560,7.140,-,-,-,5.380,-,234.400,-,154.400,388.800,60.29
2017,060091,Lazio,Frosinone,VITICUSO,324,Comune,-,-,4.490,8.576,-,0.312,1.035,0.012,-,-,-,-,-,0.505,14.929,0.003,108.260,123.192,12.12
2017,059001,Lazio,Latina,APRILIA,74190,Comune,9478.240,1046.960,3061.060,3202.816,827.480,440.523,1040.854,226.710,124.530,94.114,1112.850,-,-,430.848,21086.984,1081.140,10593.620,32761.744,64.37
2017,059002,Lazio,Latina,BASSIANO,1530,Comune,58.420,-,3.200,132.669,-,15.930,57.757,-,-,-,-,-,-,22.524,290.500,10.320,251.200,552.020,52.63
2017,059003,Lazio,Latina,CAMPODIMELE,598,Comune,50.520,-,21.300,24.420,-,3.440,22.440,0.860,-,1.125,-,-,-,-,124.105,8.680,80.560,213.345,58.17
2017,059004,Lazio,Latina,CASTELFORTE,4221,Comune,504.080,86.820,199.460,159.880,-,14.130,236.200,10.410,-,1.650,-,-,-,-,1212.630,64.220,505.280,1782.130,68.04
2017,059005,Lazio,Latina,CISTERNA DI LATINA,36980,Comune,2003.580,2037.680,850.200,687.203,193.270,123.575,489.460,86.174,102.995,9.882,-,-,-,156.963,6740.981,709.940,11021.700,18472.621,36.49
2017,059006,Lazio,Latina,CORI,10893,Comune,1241.740,325.970,323.780,247.000,47.160,40.020,225.560,57.415,22.260,0.950,-,-,-,-,2531.855,270.365,1044.340,3846.560,65.82
2017,059007,Lazio,Latina,FONDI,39779,Comune,6468.190,682.090,2020.180,2511.359,323.680,226.491,596.843,300.605,182.900,22.197,141.010,-,-,216.877,13692.422,433.240,3752.600,17878.262,76.59
2017,059008,Lazio,Latina,FORMIA,38032,Comune,4877.170,1268.780,1758.700,1857.853,406.920,147.297,348.630,110.765,172.530,20.520,240.600,-,-,135.960,11345.725,525.020,5780.640,17651.385,64.28
2017,059009,Lazio,Latina,GAETA,20545,Comune,2498.440,285.020,1008.640,1205.837,187.460,85.737,285.616,53.190,96.270,10.500,200.080,-,-,83.450,6000.240,309.400,5977.640,12287.280,48.83
2017,059010,Lazio,Latina,ITRI,10761,Comune,1105.030,116.200,444.315,559.252,116.900,61.547,151.944,39.559,38.800,5.686,164.280,-,-,38.922,2842.435,127.620,834.760,3804.815,74.71
2017,059011,Lazio,Latina,LATINA,126470,Comune,4902.300,1238.940,3076.880,2433.953,835.130,425.229,1125.850,264.560,-,45.729,1229.180,-,-,460.639,16038.389,234.820,51126.880,67400.089,23.80
2017,059012,Lazio,Latina,LENOLA,4184,Comune,397.992,-,68.380,174.680,44.100,14.400,117.460,13.400,16.760,1.500,-,-,-,5.350,854.022,35.541,436.320,1325.883,64.41
2017,059013,Lazio,Latina,MAENZA,3118,Comune,232.960,-,59.030,141.551,-,7.548,27.368,3.255,6.800,-,-,-,-,10.673,489.185,20.080,194.520,703.785,69.51
2017,059014,Lazio,Latina,MINTURNO,19804,Comune,-,177.180,372.560,287.475,57.300,71.434,161.248,55.120,16.710,0.660,59.120,-,-,73.784,1332.590,339.440,10775.380,12447.410,10.71
2017,059015,Lazio,Latina,MONTE SAN BIAGIO,6308,Comune,815.320,70.700,165.169,181.196,29.900,34.143,128.886,28.870,10.940,-,-,-,-,2.974,1468.099,34.860,1069.880,2572.839,57.06
2017,059016,Lazio,Latina,NORMA,4046,Comune,438.880,-,4.890,332.859,-,51.495,186.704,-,3.780,0.025,-,-,-,72.812,1091.445,94.800,242.640,1428.885,76.38
2017,059017,Lazio,Latina,PONTINIA,14915,Comune,696.300,369.350,513.780,469.715,14.180,86.688,280.308,22.565,19.870,2.580,44.700,-,-,102.748,2622.785,90.660,4346.840,7060.285,37.15
2017,059018,Lazio,Latina,PONZA,3366,Comune,-,-,61.140,42.650,13.980,6.598,23.923,-,-,-,-,-,-,9.329,157.620,64.000,2297.240,2518.860,6.26
2017,059019,Lazio,Latina,PRIVERNO,14365,Comune,-,-,442.346,174.440,25.760,14.360,268.270,49.755,15.310,0.480,-,-,-,-,990.721,66.320,5687.460,6744.501,14.69
2017,059020,Lazio,Latina,PROSSEDI,1203,Comune,45.480,1.080,39.380,51.252,-,7.929,28.748,-,0.250,0.120,4.340,-,-,11.211,189.790,2.760,365.220,557.770,34.03
2017,059022,Lazio,Latina,ROCCA MASSIMA,1135,Comune,129.060,-,48.440,33.000,-,23.080,66.000,8.090,3.680,0.440,-,-,-,-,311.790,9.960,102.780,424.530,73.44
2017,059021,Lazio,Latina,ROCCAGORGA,4478,Comune,436.900,4.780,67.900,436.900,22.080,4.800,100.640,12.645,9.120,0.990,10.480,-,-,-,1107.235,14.320,231.900,1353.455,81.81
2017,059023,Lazio,Latina,ROCCASECCA DEI VOLSCI,1150,Comune,26.060,-,16.500,37.340,-,2.686,9.737,0.870,5.790,-,-,-,-,3.797,102.780,10.560,171.020,284.360,36.14
2017,059024,Lazio,Latina,SABAUDIA,20536,Comune,2514.880,948.670,1104.600,1467.146,-,84.362,305.868,55.590,-,8.704,68.600,-,-,119.284,6677.704,389.260,3353.440,10420.404,64.08
2017,059025,Lazio,Latina,SAN FELICE CIRCEO,10054,Comune,1273.120,908.840,476.300,732.150,-,44.309,167.210,42.073,37.750,1.330,150.810,-,-,62.651,3896.543,334.840,4222.340,8453.723,46.09
2017,059026,Lazio,Latina,SANTI COSMA E DAMIANO,6972,Comune,630.760,18.240,215.610,237.380,-,22.060,182.890,22.055,7.390,2.921,-,-,-,-,1339.306,77.685,860.460,2277.451,58.81
2017,059027,Lazio,Latina,SERMONETA,10077,Comune,856.700,117.820,274.240,367.080,87.000,23.000,84.260,39.010,22.170,9.474,1.180,-,50.000,2.280,1934.214,-,1316.260,3250.474,59.51
2017,059028,Lazio,Latina,SEZZE,24954,Comune,1060.960,70.840,367.240,417.620,-,43.370,164.360,34.237,21.070,0.700,53.680,-,-,4.920,2238.997,141.530,7859.880,10240.407,21.86
2017,059029,Lazio,Latina,SONNINO,7560,Comune,556.320,12.560,143.880,280.497,40.740,14.316,56.085,23.775,-,0.275,-,-,-,20.242,1148.690,100.840,975.730,2225.260,51.62
2017,059030,Lazio,Latina,SPERLONGA,3318,Comune,857.420,32.940,351.240,547.385,-,33.823,123.849,2.030,-,-,10.900,-,-,47.823,2007.410,37.240,991.840,3036.490,66.11
2017,059031,Lazio,Latina,SPIGNO SATURNIA,2937,Comune,211.880,4.960,103.180,95.340,-,10.710,88.340,7.450,3.200,1.616,-,-,-,-,526.676,42.330,278.420,847.426,62.15
2017,059032,Lazio,Latina,TERRACINA,46323,Comune,7416.080,1441.400,2441.040,3277.221,434.500,270.430,805.736,194.825,106.280,21.137,84.720,-,-,291.574,16784.942,622.180,6543.640,23950.762,70.08
2017,059033,Lazio,Latina,VENTOTENE,775,Comune,33.720,-,25.820,92.020,39.600,14.236,51.615,-,-,-,-,-,-,20.129,277.140,68.860,283.220,629.220,44.05
2017,057001,Lazio,Rieti,ACCUMOLI,628,Comune,-,-,9.900,-,-,-,1.500,1.330,2.710,-,-,-,-,-,15.440,-,262.050,277.490,5.56
2017,057002,Lazio,Rieti,AMATRICE,2500,Comune,-,-,-,-,-,-,-,-,0.630,0.018,-,-,-,-,0.648,13.500,981.350,995.498,0.07
2017,057003,Lazio,Rieti,ANTRODOCO,2498,Comune,-,-,2.680,-,-,-,-,11.900,-,0.040,-,-,-,0.620,15.240,21.400,1070.260,1106.900,1.38
2017,057004,Lazio,Rieti,ASCREA,245,Aggregazione: Comunita   Montana del Turano,82.810,-,80.500,140.680,-,-,111.100,14.310,-,-,3.040,-,20.720,-,453.160,6.480,283.050,742.690,61.02
2017,057005,Lazio,Rieti,BELMONTE IN SABINA,634,Vedi aggregazione: Comunita   Montana del Turano,-,-,-,-,-,-,-,-,-,-,-,-,-,-,-,-,-,-,-
2017,057006,Lazio,Rieti,BORBONA,596,Comune,7.227,-,1.560,3.140,-,-,-,3.600,2.290,0.015,-,-,7.700,1.050,26.582,13.280,310.480,350.342,7.59
2017,057008,Lazio,Rieti,BORGO VELINO,941,Comune,-,-,41.200,8.980,-,-,3.260,1.740,7.140,-,-,-,12.340,-,74.660,-,452.060,526.720,14.18
2017,057007,Lazio,Rieti,BORGOROSE,4486,Comune,326.160,-,160.960,242.080,20.210,2.830,90.250,19.620,60.590,1.760,40.860,-,8.080,-,973.400,-,607.320,1580.720,61.58
2017,057009,Lazio,Rieti,CANTALICE,2654,Comune,120.585,-,36.975,77.844,-,3.806,13.795,9.469,-,0.050,-,-,9.490,5.375,277.389,-,421.915,699.304,39.67
2017,057010,Lazio,Rieti,CANTALUPO IN SABINA,1682,Vedi aggregazione: Unione 'Bassa Sabina',-,-,-,-,-,-,-,-,-,-,-,-,-,-,-,-,-,-,-
2017,057011,Lazio,Rieti,CASAPROTA,732,Comune,-,-,-,-,-,-,-,-,-,-,-,-,-,-,-,-,150.155,150.155,-
2017,057012,Lazio,Rieti,CASPERIA,1257,Vedi aggregazione: Unione 'Nova Sabina',-,-,-,-,-,-,-,-,-,-,-,-,-,-,-,-,-,-,-
2017,057013,Lazio,Rieti,CASTEL DI TORA,270,Vedi aggregazione: Comunita   Montana del Turano,-,-,-,-,-,-,-,-,-,-,-,-,-,-,-,-,-,-,-
2017,057015,Lazio,Rieti,CASTEL SANT'ANGELO,1302,Comune,15.550,-,6.070,12.673,-,0.649,2.355,3.810,-,-,-,-,3.800,2.418,47.325,11.140,568.065,626.530,7.55
2017,057014,Lazio,Rieti,CASTELNUOVO DI FARFA,1036,Vedi aggregazione: Unione dei Comuni della Valle dell'Olio,-,-,-,-,-,-,-,-,-,-,-,-,-,-,-,-,-,-,-
2017,057016,Lazio,Rieti,CITTADUCALE,6719,Comune,642.300,-,277.620,307.289,-,18.254,66.172,14.640,4.280,2.051,-,-,70.460,25.785,1428.851,-,746.210,2175.061,65.69
2017,057017,Lazio,Rieti,CITTAREALE,462,Comune,-,-,-,1.013,-,0.157,0.568,3.460,-,-,-,-,-,0.222,5.420,12.900,223.460,241.780,2.24
2017,057018,Lazio,Rieti,COLLALTO SABINO,416,Comune,-,-,-,1.460,-,-,-,0.500,-,0.050,-,-,-,-,2.010,8.920,229.290,240.220,0.84
2017,057019,Lazio,Rieti,COLLE DI TORA,353,Vedi aggregazione: Comunita   Montana del Turano,-,-,-,-,-,-,-,-,-,-,-,-,-,-,-,-,-,-,-
2017,057020,Lazio,Rieti,COLLEGIOVE,150,Vedi aggregazione: Comunita   Montana del Turano,-,-,-,-,-,-,-,-,-,-,-,-,-,-,-,-,-,-,-
2017,057021,Lazio,Rieti,COLLEVECCHIO,1561,Comune,65.300,-,47.960,64.480,-,-,44.490,14.485,2.330,-,-,-,31.560,-,270.605,-,222.300,492.905,54.90
2017,057022,Lazio,Rieti,COLLI SUL VELINO,510,Comune,23.135,-,12.250,17.609,-,0.948,3.438,1.271,-,0.030,-,-,5.860,1.341,65.881,-,82.245,148.126,44.48
2017,057023,Lazio,Rieti,CONCERVIANO,277,Comune,-,-,-,-,-,-,-,-,-,-,-,-,-,-,-,6.900,148.140,155.040,-
2017,057024,Lazio,Rieti,CONFIGNI,610,Vedi aggregazione: Unione 'Nova Sabina',-,-,-,-,-,-,-,-,-,-,-,-,-,-,-,-,-,-,-
2017,057025,Lazio,Rieti,CONTIGLIANO,3884,Comune,165.885,60.240,108.490,109.162,31.380,20.470,65.647,21.035,0.220,1.092,20.280,-,35.850,13.376,653.127,-,435.760,1088.887,59.98
2017,057026,Lazio,Rieti,COTTANELLO,538,Vedi aggregazione: Unione 'Nova Sabina',-,-,-,-,-,-,-,-,-,-,-,-,-,-,-,-,-,-,-
2017,057027,Lazio,Rieti,FARA IN SABINA,13904,Comune,1089.870,-,485.720,616.062,-,34.942,126.689,36.338,40.649,0.800,0.680,-,111.700,52.463,2595.914,-,1669.340,4265.254,60.86
2017,057028,Lazio,Rieti,FIAMIGNANO,1337,Comune,43.445,-,13.220,36.861,-,1.605,5.817,3.949,3.410,0.028,-,-,2.630,2.267,113.232,-,435.985,549.217,20.62
2017,057029,Lazio,Rieti,FORANO,3167,Vedi aggregazione: Unione 'Bassa Sabina',-,-,-,-,-,-,-,-,-,-,-,-,-,-,-,-,-,-,-
2017,057030,Lazio,Rieti,FRASSO SABINO,765,Aggregazione: Unione dei Comuni della Valle dell'Olio,368.760,-,87.660,156.950,-,20.540,100.300,-,11.300,1.390,-,-,101.340,-,848.240,-,462.790,1311.030,64.70
2017,057031,Lazio,Rieti,GRECCIO,1554,Comune,126.075,-,72.320,74.223,-,5.119,35.356,6.940,-,0.195,-,-,-,7.230,327.458,7.020,142.470,476.948,68.66
2017,057032,Lazio,Rieti,LABRO,351,Comune,18.625,-,18.320,20.520,-,0.941,3.410,1.293,-,-,-,-,-,1.329,64.438,2.745,69.155,136.338,47.26
2017,057033,Lazio,Rieti,LEONESSA,2349,Comune,-,-,13.500,35.578,4.460,9.986,3.473,5.340,3.760,0.020,-,-,9.640,3.642,89.400,-,1167.180,1256.580,7.12
2017,057034,Lazio,Rieti,LONGONE SABINO,556,Comune,-,-,3.600,-,-,-,-,0.320,-,-,-,-,-,-,3.920,2.720,240.500,247.140,1.59
2017,057035,Lazio,Rieti,MAGLIANO SABINA,3693,Comune,386.560,-,200.800,136.010,49.180,27.560,86.960,29.145,15.440,4.830,55.395,-,121.910,-,1113.790,-,456.050,1569.840,70.95
2017,057036,Lazio,Rieti,MARCETELLI,76,Comune,-,-,-,-,-,-,-,-,-,-,-,-,-,-,-,-,19.220,19.220,-
2017,057037,Lazio,Rieti,MICIGLIANO,133,Comune,-,-,-,-,-,-,-,0.120,-,-,-,-,-,-,0.120,6.140,87.340,93.600,0.13
2017,057038,Lazio,Rieti,MOMPEO,503,Comune,43.707,0.163,15.071,25.389,-,1.329,4.817,2.784,0.560,0.083,-,-,8.545,1.878,104.326,-,31.475,135.801,76.82
2017,057039,Lazio,Rieti,MONTASOLA,391,Vedi aggregazione: Unione 'Nova Sabina',-,-,-,-,-,-,-,-,-,-,-,-,-,-,-,-,-,-,-
2017,057043,Lazio,Rieti,MONTE SAN GIOVANNI IN SABINA,681,Comune,-,-,4.300,3.123,-,0.483,5.112,-,-,-,-,-,18.560,0.682,32.260,-,256.640,288.900,11.17
2017,057040,Lazio,Rieti,MONTEBUONO,891,Vedi aggregazione: Unione 'Nova Sabina',-,-,-,-,-,-,-,-,-,-,-,-,-,-,-,-,-,-,-
2017,057041,Lazio,Rieti,MONTELEONE SABINO,1230,Vedi aggregazione: Unione dei Comuni della Valle dell'Olio,-,-,-,-,-,-,-,-,-,-,-,-,-,-,-,-,-,-,-
2017,057042,Lazio,Rieti,MONTENERO SABINO,287,Comune,24.318,0.090,8.385,14.127,-,0.739,2.680,1.557,0.720,0.045,-,-,4.754,1.045,58.460,-,17.895,76.355,76.56
2017,057044,Lazio,Rieti,MONTOPOLI DI SABINA,4123,Vedi aggregazione: Unione 'Bassa Sabina',-,-,-,-,-,-,-,-,-,-,-,-,-,-,-,-,-,-,-
2017,057045,Lazio,Rieti,MORRO REATINO,365,Comune,13.535,-,14.095,11.148,-,0.602,2.183,2.297,-,-,-,-,2.945,0.852,47.657,-,48.840,96.497,49.39
2017,057046,Lazio,Rieti,NESPOLO,234,Vedi aggregazione: Comunita   Montana del Turano,-,-,-,-,-,-,-,-,-,-,-,-,-,-,-,-,-,-,-
2017,057047,Lazio,Rieti,ORVINIO,387,Comune,-,-,-,-,-,-,-,-,-,-,-,-,-,-,-,-,67.090,67.090,-
2017,057048,Lazio,Rieti,PAGANICO,166,Comune,11.020,-,6.000,10.480,-,-,8.240,1.490,-,-,2.490,-,3.360,-,43.080,-,39.800,82.880,51.98
2017,057049,Lazio,Rieti,PESCOROCCHIANO,2050,Comune,30.395,-,6.585,26.544,-,1.067,3.867,2.776,4.150,0.030,-,-,-,1.507,76.921,11.780,623.200,711.901,10.81
2017,057050,Lazio,Rieti,PETRELLA SALTO,1146,Comune,89.930,-,30.245,76.168,-,8.949,41.473,6.346,-,0.065,-,-,9.430,4.160,266.766,-,131.885,398.651,66.92
2017,057051,Lazio,Rieti,POGGIO BUSTONE,2024,Comune,-,-,3.380,5.927,0.380,0.317,1.148,2.360,3.010,-,-,-,-,0.448,16.970,13.800,878.780,909.550,1.87
2017,057052,Lazio,Rieti,POGGIO CATINO,1288,Vedi aggregazione: Unione 'Nova Sabina',-,-,-,-,-,-,-,-,-,-,-,-,-,-,-,-,-,-,-
2017,057053,Lazio,Rieti,POGGIO MIRTETO,6391,Aggregazione: Unione 'Bassa Sabina',1679.310,18.700,735.390,113.400,231.640,38.400,-,119.815,3.834,8.660,-,-,-,-,2949.149,206.460,1792.070,4947.679,59.61
2017,057054,Lazio,Rieti,POGGIO MOIANO,2651,Comune,243.020,0.908,83.796,141.170,-,7.389,26.784,15.497,7.600,0.470,-,-,47.514,10.437,584.585,-,440.415,1025.000,57.03
2017,057055,Lazio,Rieti,POGGIO NATIVO,2558,Comune,221.030,-,96.400,79.240,-,22.520,82.800,-,1.878,1.400,-,-,-,-,505.268,65.580,223.650,794.498,63.60
2017,057056,Lazio,Rieti,POGGIO SAN LORENZO,550,Vedi aggregazione: Unione dei Comuni della Valle dell'Olio,-,-,-,-,-,-,-,-,-,-,-,-,-,-,-,-,-,-,-
2017,057057,Lazio,Rieti,POSTA,649,Comune,29.250,-,19.460,44.527,-,1.658,8.491,1.190,-,-,-,-,9.980,2.344,116.900,-,134.580,251.480,46.49
2017,057058,Lazio,Rieti,POZZAGLIA SABINA,331,Comune,34.700,-,5.160,11.980,-,0.330,1.210,1.130,-,0.045,-,-,7.310,0.470,62.335,-,82.105,144.440,43.16
2017,057059,Lazio,Rieti,RIETI,47436,Comune,2989.760,870.320,1388.540,6.920,476.520,126.000,-,343.380,-,11.160,109.260,-,289.520,8.220,6619.600,-,17579.160,24198.760,27.36
2017,057060,Lazio,Rieti,RIVODUTRI,1214,Comune,45.450,-,23.210,41.481,-,1.840,6.670,7.151,-,0.050,-,-,7.600,2.599,136.051,-,220.680,356.731,38.14
2017,057062,Lazio,Rieti,ROCCA SINIBALDA,780,Comune,36.500,-,19.540,34.680,-,-,27.370,6.140,-,-,11.700,-,-,-,135.930,14.140,139.310,289.380,46.97
2017,057061,Lazio,Rieti,ROCCANTICA,552,Vedi aggregazione: Unione 'Nova Sabina',-,-,-,-,-,-,-,-,-,-,-,-,-,-,-,-,-,-,-
2017,057063,Lazio,Rieti,SALISANO,550,Vedi aggregazione: Unione 'Bassa Sabina',-,-,-,-,-,-,-,-,-,-,-,-,-,-,-,-,-,-,-
2017,057064,Lazio,Rieti,SCANDRIGLIA,3139,Comune,258.209,0.965,89.034,150.004,-,7.851,28.460,16.464,1.990,0.499,-,-,50.483,11.089,615.048,-,303.405,918.453,66.97
2017,057065,Lazio,Rieti,SELCI,1099,Aggregazione: Unione 'Nova Sabina',472.110,-,221.460,283.220,71.320,35.120,166.960,33.570,-,-,-,-,102.260,-,1386.020,-,992.240,2378.260,58.28
2017,057066,Lazio,Rieti,STIMIGLIANO,2321,Vedi aggregazione: Unione 'Bassa Sabina',-,-,-,-,-,-,-,-,-,-,-,-,-,-,-,-,-,-,-
2017,057067,Lazio,Rieti,TARANO,1431,Vedi aggregazione: Unione 'Bassa Sabina',-,-,-,-,-,-,-,-,-,-,-,-,-,-,-,-,-,-,-
2017,057068,Lazio,Rieti,TOFFIA,1053,Vedi aggregazione: Unione dei Comuni della Valle dell'Olio,-,-,-,-,-,-,-,-,-,-,-,-,-,-,-,-,-,-,-
2017,057070,Lazio,Rieti,TORRI IN SABINA,1240,Vedi aggregazione: Unione 'Nova Sabina',-,-,-,-,-,-,-,-,-,-,-,-,-,-,-,-,-,-,-
2017,057069,Lazio,Rieti,TORRICELLA IN SABINA,1367,Comune,219.560,0.410,38.000,64.022,-,3.350,13.965,7.070,3.590,0.206,6.400,-,26.350,11.533,394.456,-,153.265,547.721,72.02
2017,057071,Lazio,Rieti,TURANIA,238,Comune,16.760,-,8.330,14.730,-,-,10.410,1.010,-,-,-,-,-,-,51.240,3.500,77.000,131.740,38.90
2017,057072,Lazio,Rieti,VACONE,240,Vedi aggregazione: Unione 'Nova Sabina',-,-,-,-,-,-,-,-,-,-,-,-,-,-,-,-,-,-,-
2017,057073,Lazio,Rieti,VARCO SABINO,172,Comune,-,-,-,3.300,-,-,-,-,-,0.035,-,-,5.440,-,8.775,-,109.080,117.855,7.45
2017,058001,Lazio,Roma,AFFILE,1502,Comune,-,-,26.280,41.316,-,1.678,8.024,-,7.158,0.070,10.500,-,13.830,2.373,111.228,-,459.750,570.978,19.48
2017,058002,Lazio,Roma,AGOSTA,1742,Comune,210.480,-,57.180,58.756,-,0.030,31.690,1.900,3.656,0.350,-,-,-,0.043,364.086,4.820,174.100,543.006,67.05
2017,058003,Lazio,Roma,ALBANO LAZIALE,41314,Comune,4160.450,563.600,1722.380,700.375,10.680,176.373,1571.528,192.105,240.150,19.046,-,-,692.040,172.564,10221.291,-,5659.300,15880.591,64.36
2017,058004,Lazio,Roma,ALLUMIERE,4059,Comune,267.050,33.220,133.100,69.821,57.130,39.562,131.904,35.165,12.880,11.628,60.885,-,41.490,50.793,944.628,-,312.180,1256.808,75.16
2017,058005,Lazio,Roma,ANGUILLARA SABAZIA,19426,Comune,1468.650,1820.620,752.290,952.682,381.080,108.688,366.813,-,112.050,12.724,291.390,-,361.630,86.948,6715.564,-,2811.550,9527.114,70.49
2017,058006,Lazio,Roma,ANTICOLI CORRADO,896,Vedi aggregazione: UNIONE COMUNI MEDANIENE,-,-,-,-,-,-,-,-,-,-,-,-,-,-,-,-,-,-,-
2017,058007,Lazio,Roma,ANZIO,54710,Comune,2081.040,4018.390,1689.090,1739.700,653.480,461.341,1088.717,255.720,-,12.350,820.650,-,556.380,196.062,13572.920,-,18840.900,32413.820,41.87
2017,058008,Lazio,Roma,ARCINAZZO ROMANO,1344,Comune,-,-,80.090,-,16.400,-,9.240,-,-,0.700,-,-,38.360,-,144.790,-,613.965,758.755,19.08
2017,058117,Lazio,Roma,ARDEA,49663,Comune,2447.620,2152.930,1021.060,987.080,-,-,-,161.520,-,4.724,7.900,650.980,1009.670,2.580,8446.064,-,13578.500,22024.564,38.35
2017,058009,Lazio,Roma,ARICCIA,18851,Comune,2317.860,724.720,945.860,374.190,220.900,104.730,827.857,91.066,40.590,9.655,201.780,-,162.540,85.493,6107.241,-,2761.060,8868.301,68.87
2017,058010,Lazio,Roma,ARSOLI,1534,Vedi aggregazione: UNIONE COMUNI MEDANIENE,-,-,-,-,-,-,-,-,-,-,-,-,-,-,-,-,-,-,-
2017,058011,Lazio,Roma,ARTENA,14107,Comune,427.801,19.200,140.260,223.989,-,14.705,69.274,12.497,-,0.090,-,22.460,100.250,21.012,1051.538,-,6004.860,7056.398,14.90
2017,058012,Lazio,Roma,BELLEGRA,2841,Comune,-,-,-,-,-,-,-,0.830,2.460,-,-,-,2.250,-,5.540,-,1043.680,1049.220,0.53
2017,058013,Lazio,Roma,BRACCIANO,19219,Comune,1276.480,145.130,627.190,553.460,198.650,36.595,504.190,144.297,60.560,17.510,4.000,-,98.940,27.630,3694.632,-,3641.390,7336.022,50.36
2017,058014,Lazio,Roma,CAMERATA NUOVA,445,Vedi aggregazione: UNIONE COMUNI MEDANIENE,-,-,-,-,-,-,-,-,-,-,-,-,-,-,-,-,-,-,-
2017,058015,Lazio,Roma,CAMPAGNANO DI ROMA,11561,Comune,670.660,157.400,207.860,55.360,160.720,63.620,11.640,54.710,12.300,11.917,173.415,-,149.340,-,1728.942,-,1341.440,3070.382,56.31
2017,058016,Lazio,Roma,CANALE MONTERANO,4165,Comune,589.520,104.515,155.820,190.700,78.540,35.860,120.150,33.170,6.280,9.343,62.475,-,112.350,2.880,1501.603,-,405.470,1907.073,78.74
2017,058017,Lazio,Roma,CANTERANO,325,Comune,55.600,-,11.470,13.970,-,-,10.950,-,-,-,-,-,-,-,91.990,-,46.920,138.910,66.22
2017,058018,Lazio,Roma,CAPENA,10799,Comune,1071.140,226.130,545.740,310.850,92.230,36.440,294.060,45.810,5.640,0.890,116.230,-,224.440,-,2969.600,-,1527.920,4497.520,66.03
2017,058019,Lazio,Roma,CAPRANICA PRENESTINA,332,Comune,-,-,1.170,2.430,-,0.376,1.793,-,-,-,-,-,-,0.532,6.300,-,190.360,196.660,3.20
2017,058020,Lazio,Roma,CARPINETO ROMANO,4425,Comune,12.067,-,25.410,33.505,-,5.183,46.308,-,12.480,0.090,-,-,16.317,7.329,158.689,-,1601.622,1760.311,9.02
2017,058021,Lazio,Roma,CASAPE,699,Comune,71.828,-,24.490,-,11.010,2.617,15.522,5.470,-,0.181,6.341,-,-,0.420,137.879,5.970,91.330,235.179,58.63
2017,058022,Lazio,Roma,CASTEL GANDOLFO,8922,Comune,1254.340,188.140,363.200,237.753,-,36.782,646.678,50.925,48.275,2.210,90.130,-,176.540,52.007,3146.980,-,1202.830,4349.810,72.35
2017,058023,Lazio,Roma,CASTEL MADAMA,7328,Comune,576.210,58.720,297.710,264.510,73.240,41.590,271.640,49.525,31.864,11.660,109.300,-,132.660,7.360,1925.989,-,543.210,2469.199,78.00
2017,058025,Lazio,Roma,CASTEL SAN PIETRO ROMANO,876,Comune,84.620,9.370,25.770,32.420,3.360,1.660,20.680,3.860,-,0.690,12.060,-,6.920,-,201.410,-,108.980,310.390,64.89
2017,058024,Lazio,Roma,CASTELNUOVO DI PORTO,8564,Comune,867.440,342.660,355.950,767.356,107.020,105.359,266.554,43.470,22.920,11.160,128.460,-,107.320,112.572,3238.240,-,695.360,3933.600,82.32
2017,058026,Lazio,Roma,CAVE,11381,Comune,1103.420,39.660,376.960,447.910,96.620,50.536,84.860,60.094,23.580,3.142,170.715,-,185.980,33.094,2676.571,-,1576.900,4253.471,62.93
2017,058027,Lazio,Roma,CERRETO LAZIALE,1104,Aggregazione: UNIONE DEI COMUNI VALLE DEL GIOVENZANO,472.460,11.850,151.310,229.640,75.420,39.700,123.260,37.960,-,9.880,18.750,-,77.570,3.620,1251.420,-,585.090,1836.510,68.14
2017,058028,Lazio,Roma,CERVARA DI ROMA,438,Vedi aggregazione: UNIONE COMUNI MEDANIENE,-,-,-,-,-,-,-,-,-,-,-,-,-,-,-,-,-,-,-
2017,058029,Lazio,Roma,CERVETERI,37977,Comune,2348.470,635.060,1110.320,1132.390,2.000,-,763.380,88.300,111.290,10.450,46.590,-,932.900,-,7181.150,-,8651.800,15832.950,45.36
2017,058118,Lazio,Roma,CIAMPINO,38645,Comune,3635.260,497.400,2240.980,1515.849,533.215,216.899,329.044,206.810,101.300,40.353,579.675,-,309.380,98.239,10304.403,-,7113.530,17417.933,59.16
2017,058030,Lazio,Roma,CICILIANO,1331,Vedi aggregazione: UNIONE DEI COMUNI VALLE DEL GIOVENZANO,-,-,-,-,-,-,-,-,-,-,-,-,-,-,-,-,-,-,-
2017,058031,Lazio,Roma,CINETO ROMANO,586,Vedi aggregazione: UNIONE COMUNI MEDANIENE,-,-,-,-,-,-,-,-,-,-,-,-,-,-,-,-,-,-,-
2017,058032,Lazio,Roma,CIVITAVECCHIA,52671,Comune,121.590,232.240,936.700,77.950,-,37.680,42.280,19.660,115.340,3.530,43.500,-,-,0.100,1630.570,0.150,23589.830,25220.550,6.47
2017,058033,Lazio,Roma,CIVITELLA SAN PAOLO,2049,Comune,190.700,-,47.530,49.582,9.975,2.623,51.674,4.820,2.080,-,-,-,10.360,3.511,372.855,-,167.710,540.565,68.98
2017,058034,Lazio,Roma,COLLEFERRO,21394,Comune,1541.460,135.240,777.060,715.840,-,52.232,332.075,89.033,77.842,2.525,320.910,-,257.100,73.853,4375.170,-,4673.290,9048.460,48.35
2017,058035,Lazio,Roma,COLONNA,4312,Comune,97.659,-,101.170,35.929,-,5.559,71.353,9.485,13.944,0.240,13.720,-,58.000,7.859,414.918,-,2245.190,2660.108,15.60
2017,058036,Lazio,Roma,FIANO ROMANO,15688,Comune,1005.880,156.540,690.750,596.240,198.720,55.570,384.045,47.400,15.310,10.545,145.340,-,220.030,0.940,3527.310,-,2792.190,6319.500,55.82
2017,058037,Lazio,Roma,FILACCIANO,461,Comune,43.810,-,15.520,19.540,-,-,17.320,-,-,-,-,-,1.280,-,97.470,-,39.130,136.600,71.35
2017,058120,Lazio,Roma,FIUMICINO,79630,Comune,10485.930,750.500,3163.340,4985.028,-,273.667,867.692,316.540,0.010,29.810,555.220,-,1215.150,342.920,22985.807,-,10335.660,33321.467,68.98
2017,058122,Lazio,Roma,FONTE NUOVA,33193,Comune,3280.560,56.290,1028.800,1303.528,-,66.646,241.634,55.088,64.070,10.114,74.810,-,365.400,94.233,6641.172,-,2192.930,8834.102,75.18
2017,058038,Lazio,Roma,FORMELLO,13070,Comune,1805.000,514.045,648.090,242.535,261.500,109.332,415.490,97.190,-,14.159,195.960,-,283.010,57.453,4643.764,-,1677.070,6320.834,73.47
2017,058039,Lazio,Roma,FRASCATI,22450,Comune,2181.800,479.700,899.280,426.404,287.500,135.007,750.755,36.720,89.824,6.921,-,-,-,93.274,5387.185,283.960,4664.520,10335.665,52.12
2017,058040,Lazio,Roma,GALLICANO NEL LAZIO,6343,Comune,519.860,22.500,173.120,259.637,45.420,27.220,48.657,33.360,34.189,3.680,95.145,-,59.820,18.976,1341.584,-,1017.980,2359.564,56.86
2017,058041,Lazio,Roma,GAVIGNANO,1905,Comune,24.009,-,10.200,23.915,-,3.700,24.497,-,-,0.080,-,-,-,5.231,91.632,36.410,474.727,602.769,15.20
2017,058042,Lazio,Roma,GENAZZANO,5949,Comune,480.680,37.620,186.190,114.601,-,36.170,208.681,39.685,38.018,2.575,-,-,130.930,25.069,1300.218,-,704.260,2004.478,64.87
2017,058043,Lazio,Roma,GENZANO DI ROMA,23892,Comune,3233.020,424.410,1006.860,1109.219,248.900,131.571,216.130,155.752,139.212,25.535,358.380,-,192.860,83.141,7324.989,-,3623.950,10948.939,66.90
2017,058044,Lazio,Roma,GERANO,1250,Vedi aggregazione: UNIONE DEI COMUNI VALLE DEL GIOVENZANO,-,-,-,-,-,-,-,-,-,-,-,-,-,-,-,-,-,-,-
2017,058045,Lazio,Roma,GORGA,712,Comune,10.270,-,4.150,10.251,-,1.586,10.442,-,-,0.080,-,-,7.929,2.243,46.951,-,204.946,251.897,18.64
2017,058046,Lazio,Roma,GROTTAFERRATA,20460,Comune,1789.500,673.330,781.240,338.354,-,52.346,596.807,55.832,-,4.177,-,-,-,74.014,4365.599,-,4353.290,8718.889,50.07
2017,058047,Lazio,Roma,GUIDONIA MONTECELIO,89288,Comune,8459.620,184.580,3236.560,3943.587,-,222.064,805.124,155.445,260.426,31.274,363.080,-,437.960,355.775,18455.495,-,11236.660,29692.155,62.16
2017,058048,Lazio,Roma,JENNE,347,Comune,-,-,0.670,1.409,-,0.043,0.157,-,-,-,-,-,-,0.061,2.340,5.200,165.155,172.695,1.36
2017,058049,Lazio,Roma,LABICO,6469,Comune,470.300,-,144.390,100.767,-,15.589,183.341,-,45.344,0.130,-,-,64.730,22.042,1046.634,-,960.280,2006.914,52.15
2017,058116,Lazio,Roma,LADISPOLI,41604,Comune,4610.330,470.870,1612.290,813.829,480.200,239.765,1552.275,193.260,50.770,25.329,324.570,-,294.970,179.212,10847.669,-,5404.010,16251.679,66.75
2017,058050,Lazio,Roma,LANUVIO,13580,Comune,1578.970,227.400,433.180,579.835,130.020,64.275,136.110,58.340,2.410,9.590,203.020,-,-,52.360,3475.510,139.180,1526.940,5141.630,67.60
2017,058115,Lazio,Roma,LARIANO,13448,Comune,1472.320,515.220,429.680,607.692,117.400,60.717,147.850,60.805,45.340,3.190,-,-,157.020,72.282,3689.515,-,1669.410,5358.925,68.85
2017,058051,Lazio,Roma,LICENZA,950,Vedi aggregazione: UNIONE COMUNI VALLE USTICA,-,-,-,-,-,-,-,-,-,-,-,-,-,-,-,-,-,-,-
2017,058052,Lazio,Roma,MAGLIANO ROMANO,1397,Comune,-,-,-,-,-,-,-,-,5.670,0.040,-,-,-,-,5.710,17.060,783.900,806.670,0.71
2017,058053,Lazio,Roma,MANDELA,912,Vedi aggregazione: UNIONE COMUNI VALLE USTICA,-,-,-,-,-,-,-,-,-,-,-,-,-,-,-,-,-,-,-
2017,058054,Lazio,Roma,MANZIANA,7737,Comune,656.860,443.570,402.127,364.670,165.790,434.450,294.950,48.145,34.340,7.428,116.055,-,68.440,8.600,3045.425,-,1025.448,4070.873,74.81
2017,058055,Lazio,Roma,MARANO EQUO,783,Vedi aggregazione: UNIONE COMUNI MEDANIENE,-,-,-,-,-,-,-,-,-,-,-,-,-,-,-,-,-,-,-
2017,058056,Lazio,Roma,MARCELLINA,7325,Comune,605.820,44.820,213.000,276.940,149.930,51.920,178.320,41.883,56.840,15.471,109.875,-,99.700,6.680,1851.199,-,707.880,2559.079,72.34
2017,058057,Lazio,Roma,MARINO,44472,Comune,-,754.820,991.930,788.297,-,210.509,491.188,91.285,82.040,3.808,22.610,-,1485.840,178.926,5101.253,-,19460.080,24561.333,20.77
2017,058058,Lazio,Roma,MAZZANO ROMANO,3119,Comune,184.200,46.130,77.250,148.997,-,6.915,27.061,-,-,0.080,-,-,57.660,9.777,558.070,-,314.080,872.150,63.99
2017,058059,Lazio,Roma,MENTANA,23126,Comune,1994.560,135.500,614.820,607.727,50.320,40.140,607.930,84.720,-,2.750,212.880,240.060,334.460,134.763,5060.630,-,2421.680,7482.310,67.64
2017,058064,Lazio,Roma,MONTE PORZIO CATONE,8718,Comune,392.400,107.770,433.200,170.033,127.890,21.508,27.223,24.250,15.843,1.280,1.200,-,-,10.686,1333.283,128.880,2097.990,3560.153,37.45
2017,058060,Lazio,Roma,MONTECOMPATRI,12134,Comune,1197.520,-,407.660,446.561,-,21.640,78.461,6.772,4.800,2.060,-,-,95.240,30.598,2291.312,-,2130.200,4421.512,51.82
2017,058061,Lazio,Roma,MONTEFLAVIO,1285,Comune,127.219,-,41.175,41.843,-,-,44.295,-,3.380,0.400,-,-,-,-,258.312,-,175.409,433.721,59.56
2017,058062,Lazio,Roma,MONTELANICO,2125,Comune,81.720,-,15.750,32.827,-,5.079,39.033,0.100,5.590,-,-,-,-,7.181,187.280,19.700,240.740,447.720,41.83
2017,058063,Lazio,Roma,MONTELIBRETTI,5326,Comune,452.767,26.720,355.000,179.000,-,-,102.600,18.008,17.999,0.560,76.600,-,-,2.220,1231.474,292.120,1304.540,2828.134,43.54
2017,058065,Lazio,Roma,MONTEROTONDO,41144,Comune,1213.340,-,953.030,851.889,-,45.466,216.739,8.546,98.883,5.625,-,-,204.390,59.846,3657.754,-,15541.240,19198.994,19.05
2017,058066,Lazio,Roma,MONTORIO ROMANO,1913,Comune,177.406,-,54.825,56.685,-,-,60.225,2.330,0.810,-,-,-,25.440,-,377.721,-,254.280,632.001,59.77
2017,058067,Lazio,Roma,MORICONE,2559,Comune,295.915,-,73.980,78.031,-,-,72.315,4.278,7.763,0.188,20.780,-,3.840,-,557.090,-,228.332,785.422,70.93
2017,058068,Lazio,Roma,MORLUPO,8689,Comune,936.812,89.460,369.040,324.520,110.500,41.500,235.580,27.580,31.920,2.820,113.140,-,127.560,2.030,2412.462,-,663.900,3076.362,78.42
2017,058069,Lazio,Roma,NAZZANO,1395,Comune,133.760,-,43.170,64.800,-,-,33.020,3.430,-,0.220,-,-,4.560,-,282.960,18.660,161.800,463.420,61.06
2017,058070,Lazio,Roma,NEMI,1907,Comune,-,-,6.280,16.595,-,2.567,17.838,-,-,-,-,-,-,3.630,46.910,-,1655.320,1702.230,2.76
2017,058071,Lazio,Roma,NEROLA,1969,Comune,181.511,-,51.280,56.781,-,-,55.075,2.350,0.370,-,-,-,13.480,-,360.847,-,249.800,610.647,59.09
2017,058072,Lazio,Roma,NETTUNO,49852,Comune,3582.700,2327.440,1612.720,2126.092,301.100,155.712,486.915,149.835,-,11.840,620.200,-,167.360,193.460,11735.374,-,10980.320,22715.694,51.66
2017,058073,Lazio,Roma,OLEVANO ROMANO,6664,Comune,522.950,46.980,180.910,116.555,-,40.612,208.257,38.485,16.950,0.995,33.240,-,69.550,25.496,1300.980,-,842.000,2142.980,60.71
2017,058074,Lazio,Roma,PALESTRINA,21872,Comune,2080.925,230.744,1000.480,831.170,81.845,39.916,503.399,101.675,17.156,7.634,290.393,-,272.000,-,5457.337,-,2912.900,8370.237,65.20
2017,058075,Lazio,Roma,PALOMBARA SABINA,13200,Comune,613.600,0.220,369.490,855.886,-,15.868,175.500,15.260,26.440,0.754,-,-,356.070,22.436,2451.524,-,1741.000,4192.524,58.47
2017,058076,Lazio,Roma,PERCILE,233,Vedi aggregazione: UNIONE COMUNI VALLE USTICA,-,-,-,-,-,-,-,-,-,-,-,-,-,-,-,-,-,-,-
2017,058077,Lazio,Roma,PISONIANO,739,Vedi aggregazione: UNIONE DEI COMUNI VALLE DEL GIOVENZANO,-,-,-,-,-,-,-,-,-,-,-,-,-,-,-,-,-,-,-
2017,058078,Lazio,Roma,POLI,2399,Comune,203.209,-,63.010,72.370,13.031,4.943,49.098,12.563,-,0.590,20.079,-,16.950,-,455.843,-,288.710,744.553,61.22
2017,058079,Lazio,Roma,POMEZIA,63641,Comune,6782.910,1407.560,3010.740,3288.369,402.840,355.850,744.998,328.060,331.510,74.412,954.615,1349.400,1916.040,244.073,21191.377,-,11914.140,33105.517,64.01
2017,058080,Lazio,Roma,PONZANO ROMANO,1140,Comune,12.700,-,4.810,4.500,9.660,-,5.740,3.740,0.400,-,-,-,-,-,41.550,-,508.430,549.980,7.56
2017,058081,Lazio,Roma,RIANO,10649,Comune,745.980,199.860,262.700,376.620,-,-,256.690,19.200,32.320,1.930,-,-,133.740,-,2029.040,-,1182.260,3211.300,63.18
2017,058082,Lazio,Roma,RIGNANO FLAMINIO,10328,Comune,1069.100,152.780,266.900,390.100,-,-,220.890,45.965,56.380,5.280,62.450,-,-,-,2269.845,-,1147.550,3417.395,66.42
2017,058083,Lazio,Roma,RIOFREDDO,749,Vedi aggregazione: UNIONE COMUNI MEDANIENE,-,-,-,-,-,-,-,-,-,-,-,-,-,-,-,-,-,-,-
2017,058084,Lazio,Roma,ROCCA CANTERANO,189,Vedi aggregazione: UNIONE DEI COMUNI VALLE DEL GIOVENZANO,-,-,-,-,-,-,-,-,-,-,-,-,-,-,-,-,-,-,-
2017,058085,Lazio,Roma,ROCCA DI CAVE,371,Comune,-,-,-,3.309,-,0.512,1.856,-,-,-,-,-,-,0.724,6.400,-,178.420,184.820,3.46
2017,058086,Lazio,Roma,ROCCA DI PAPA,17201,Comune,1715.140,489.040,491.080,384.214,167.180,184.772,461.140,75.755,48.140,12.516,245.400,-,187.620,65.314,4527.311,-,2324.400,6851.711,66.08
2017,058088,Lazio,Roma,ROCCA PRIORA,12060,Comune,1093.880,278.430,386.900,459.430,127.400,21.354,80.583,-,49.060,0.778,1.790,-,106.000,30.874,2636.478,45.660,1666.200,4348.338,60.63
2017,058089,Lazio,Roma,ROCCA SANTO STEFANO,967,Comune,88.150,-,22.580,34.770,-,-,17.120,-,-,-,-,-,2.220,-,164.840,-,59.030,223.870,73.63
2017,058087,Lazio,Roma,ROCCAGIOVINE,260,Vedi aggregazione: UNIONE COMUNI VALLE USTICA,-,-,-,-,-,-,-,-,-,-,-,-,-,-,-,-,-,-,-
2017,058090,Lazio,Roma,ROIATE,710,Comune,46.550,-,14.080,26.435,-,1.342,4.866,-,3.440,2.060,-,-,8.560,1.898,109.230,-,45.150,154.380,70.75
2017,058091,Lazio,Roma,ROMA,2872800,Comune,176783.602,82018.000,244172.748,107798.616,18049.931,9236.515,27476.366,7483.321,11.120,1195.067,18942.120,-,25398.660,10484.255,729050.320,-,957966.920,1687017.240,43.22
2017,058092,Lazio,Roma,ROVIANO,1341,Aggregazione: UNIONE COMUNI MEDANIENE,350.000,-,227.090,278.160,-,-,202.050,29.300,-,-,20.115,-,115.100,3.740,1225.555,-,1297.940,2523.495,48.57
2017,058093,Lazio,Roma,SACROFANO,7799,Comune,458.740,159.160,190.220,274.460,66.900,53.510,141.680,26.750,26.930,8.546,90.230,-,98.290,4.160,1599.576,-,901.090,2500.666,63.97
2017,058094,Lazio,Roma,SAMBUCI,901,Vedi aggregazione: UNIONE DEI COMUNI VALLE DEL GIOVENZANO,-,-,-,-,-,-,-,-,-,-,-,-,-,-,-,-,-,-,-
2017,058119,Lazio,Roma,SAN CESAREO,15552,Comune,1343.920,331.830,721.760,375.686,180.760,182.021,553.310,142.866,33.391,28.248,233.280,-,166.980,65.833,4359.885,-,2624.220,6984.105,62.43
2017,058095,Lazio,Roma,SAN GREGORIO DA SASSOLA,1582,Comune,134.540,-,28.320,27.170,-,-,30.560,-,-,0.015,22.040,-,27.170,-,269.815,-,136.940,406.755,66.33
2017,058096,Lazio,Roma,SAN POLO DEI CAVALIERI,2919,Comune,318.150,-,82.600,123.760,1.560,-,72.770,-,6.520,0.220,43.785,-,7.580,-,656.945,-,221.900,878.845,74.75
2017,058100,Lazio,Roma,SAN VITO ROMANO,3313,Comune,326.440,-,112.640,55.150,-,8.532,102.154,-,17.230,0.855,49.695,-,64.500,12.114,749.310,-,420.070,1169.380,64.08
2017,058098,Lazio,Roma,SANT'ANGELO ROMANO,4987,Comune,-,-,48.500,92.500,-,-,40.740,-,-,-,53.720,-,51.860,-,287.320,-,1740.900,2028.220,14.17
2017,058099,Lazio,Roma,SANT'ORESTE,3648,Comune,292.600,28.760,153.540,137.810,9.910,1.840,113.820,-,-,0.040,-,-,8.140,-,746.460,-,286.290,1032.750,72.28
2017,058097,Lazio,Roma,SANTA MARINELLA,18921,Comune,1233.080,104.420,614.930,771.659,245.820,114.294,608.157,74.955,93.620,1.093,215.350,-,322.340,67.111,4466.828,-,6320.630,10787.458,41.41
2017,058101,Lazio,Roma,SARACINESCO,175,Vedi aggregazione: UNIONE DEI COMUNI VALLE DEL GIOVENZANO,-,-,-,-,-,-,-,-,-,-,-,-,-,-,-,-,-,-,-
2017,058102,Lazio,Roma,SEGNI,9192,Comune,39.369,-,28.930,51.924,0.180,8.033,65.493,-,13.520,0.300,-,-,45.928,25.338,279.015,-,3494.823,3773.838,7.39
2017,058103,Lazio,Roma,SUBIACO,8916,Comune,548.050,-,290.940,332.980,63.560,30.570,193.500,15.540,19.040,0.720,35.700,-,239.580,-,1770.180,-,1750.520,3520.700,50.28
2017,058104,Lazio,Roma,TIVOLI,56542,Comune,4404.790,364.530,2163.860,2261.021,938.410,235.168,655.454,275.189,310.460,28.185,699.310,-,634.230,160.486,13131.094,-,11335.500,24466.594,53.67
2017,058105,Lazio,Roma,TOLFA,5006,Comune,385.200,31.140,172.870,178.360,45.950,19.850,128.230,36.530,13.160,1.130,-,-,76.820,-,1089.240,-,442.790,1532.030,71.10
2017,058106,Lazio,Roma,TORRITA TIBERINA,1056,Comune,127.270,-,37.800,45.565,7.580,1.708,40.444,3.540,1.050,-,-,-,7.660,2.302,274.920,-,152.440,427.360,64.33
2017,058107,Lazio,Roma,TREVIGNANO ROMANO,5711,Comune,662.180,238.440,327.740,307.050,101.250,74.940,195.370,54.065,15.940,3.600,85.665,-,168.540,-,2234.780,-,786.620,3021.400,73.97
2017,058108,Lazio,Roma,VALLEPIETRA,268,Comune,14.300,-,12.820,16.620,-,1.020,6.880,-,-,-,-,-,1.930,-,53.570,-,66.680,120.250,44.55
2017,058109,Lazio,Roma,VALLINFREDA,291,Comune,-,-,-,79.948,-,11.255,40.805,-,1.434,0.100,-,-,-,15.913,149.454,-,89.160,238.614,62.63
2017,058110,Lazio,Roma,VALMONTONE,16073,Comune,340.520,44.240,263.180,231.610,9.725,-,108.260,41.255,-,0.030,-,-,209.800,-,1248.620,-,8451.590,9700.210,12.87
2017,058111,Lazio,Roma,VELLETRI,53188,Comune,6001.946,1163.480,1826.940,973.726,508.940,251.122,2107.913,268.070,228.400,22.347,125.260,-,1166.720,273.179,14918.043,-,6165.540,21083.583,70.76
2017,058112,Lazio,Roma,VICOVARO,3968,Aggregazione: UNIONE COMUNI VALLE USTICA,382.760,10.500,186.280,302.270,-,19.440,46.082,27.700,-,5.880,2.400,-,123.420,16.528,1123.260,-,874.560,1997.820,56.22
2017,058113,Lazio,Roma,VIVARO ROMANO,158,Vedi aggregazione: UNIONE COMUNI MEDANIENE,-,-,-,-,-,-,-,-,-,-,-,-,-,-,-,-,-,-,-
2017,058114,Lazio,Roma,ZAGAROLO,17933,Comune,1628.140,149.510,498.750,787.439,94.660,70.129,111.665,65.425,40.092,18.165,149.600,-,171.560,43.548,3828.682,-,2767.440,6596.122,58.04
2017,056001,Lazio,Viterbo,ACQUAPENDENTE,5439,Comune,437.200,19.880,237.840,26.391,45.820,12.643,14.803,59.930,-,2.530,-,-,51.160,5.773,913.970,-,919.320,1833.290,49.85
2017,056002,Lazio,Viterbo,ARLENA DI CASTRO,870,Comune,-,-,1.490,-,-,-,-,-,-,-,-,-,-,-,1.490,-,277.690,279.180,0.53
2017,056003,Lazio,Viterbo,BAGNOREGIO,3609,Comune,-,171.400,161.460,308.280,52.380,65.980,195.300,23.510,5.700,3.950,-,-,-,38.520,1026.480,65.340,849.210,1941.030,52.88
2017,056004,Lazio,Viterbo,BARBARANO ROMANO,1066,Comune,35.340,9.020,32.160,39.130,19.470,3.100,31.070,9.930,5.650,1.080,-,-,6.240,-,192.190,-,214.310,406.500,47.28
2017,056006,Lazio,Viterbo,BASSANO IN TEVERINA,1280,Comune,84.940,-,39.840,23.491,-,7.254,42.536,-,-,0.350,-,-,36.680,5.559,240.650,12.160,140.570,393.380,61.18
2017,056005,Lazio,Viterbo,BASSANO ROMANO,4854,Comune,332.060,21.480,155.740,131.570,-,18.160,151.730,38.035,-,1.450,72.810,-,148.360,-,1071.395,-,671.910,1743.305,61.46
2017,056007,Lazio,Viterbo,BLERA,3289,Comune,220.890,4.300,100.910,84.400,47.580,4.700,90.135,18.555,-,1.025,11.930,-,23.080,-,607.505,-,362.590,970.095,62.62
2017,056008,Lazio,Viterbo,BOLSENA,3941,Comune,487.180,70.680,144.460,274.881,56.410,54.187,65.397,42.175,11.430,1.790,59.115,-,43.840,25.504,1337.050,-,1136.760,2473.810,54.05
2017,056009,Lazio,Viterbo,BOMARZO,1810,Comune,155.520,-,57.720,33.987,-,21.817,44.720,-,-,-,-,-,45.900,6.866,366.530,-,161.600,528.130,69.40
2017,056010,Lazio,Viterbo,CALCATA,927,Comune,64.520,-,25.820,47.351,-,0.028,18.332,3.310,-,0.380,-,-,34.600,0.040,194.380,-,83.390,277.770,69.98
2017,056011,Lazio,Viterbo,CANEPINA,3025,Comune,310.220,-,117.500,53.284,-,31.203,98.067,-,5.600,1.890,-,-,47.640,11.656,677.060,-,304.590,981.650,68.97
2017,056012,Lazio,Viterbo,CANINO,5284,Comune,346.420,31.760,154.060,154.042,52.380,4.375,114.972,21.030,8.890,0.270,-,-,16.160,3.881,908.240,9.640,918.340,1836.220,49.46
2017,056013,Lazio,Viterbo,CAPODIMONTE,1718,Comune,-,30.600,40.590,18.068,-,7.595,46.545,10.420,7.700,1.209,-,-,46.610,3.952,213.289,-,1092.920,1306.209,16.33
2017,056014,Lazio,Viterbo,CAPRANICA,6430,Comune,675.385,294.265,306.093,366.379,23.968,24.200,76.127,25.820,1.900,0.700,-,-,38.020,29.663,1862.520,-,453.840,2316.360,80.41
2017,056015,Lazio,Viterbo,CAPRAROLA,5395,Comune,354.110,70.520,190.450,148.200,85.480,68.960,135.300,55.135,9.780,22.387,-,-,125.380,-,1265.702,-,921.329,2187.031,57.87
2017,056016,Lazio,Viterbo,CARBOGNANO,1976,Comune,115.540,3.940,67.440,71.940,-,-,49.030,-,8.660,0.375,-,-,17.230,-,334.155,-,261.680,595.835,56.08
2017,056017,Lazio,Viterbo,CASTEL SANT'ELIA,2626,Comune,181.520,36.200,68.820,127.803,36.820,0.155,74.803,10.094,-,1.570,-,-,-,0.219,538.004,13.980,287.990,839.974,64.05
2017,056018,Lazio,Viterbo,CASTIGLIONE IN TEVERINA,2321,Comune,180.970,1.600,97.560,81.748,-,29.737,45.853,24.580,-,2.100,11.700,-,-,17.882,493.730,35.480,183.020,712.230,69.32
2017,056019,Lazio,Viterbo,CELLENO,1336,Comune,126.140,-,61.060,25.280,-,2.878,10.433,-,-,-,-,-,-,4.069,229.860,-,181.810,411.670,55.84
2017,056020,Lazio,Viterbo,CELLERE,1168,Comune,-,-,9.180,-,-,1.220,1.280,3.450,-,0.197,-,-,-,-,15.327,29.240,355.960,400.527,3.83
2017,056021,Lazio,Viterbo,CIVITA CASTELLANA,16262,Comune,1375.800,346.000,767.610,491.500,-,46.201,545.270,-,-,0.060,-,-,-,-,3572.441,-,1384.910,4957.351,72.06
2017,056022,Lazio,Viterbo,CIVITELLA D'AGLIANO,1557,Comune,164.510,-,60.120,27.601,-,18.870,21.132,22.450,4.200,1.230,-,0.300,8.980,6.038,335.430,-,153.700,489.130,68.58
2017,056023,Lazio,Viterbo,CORCHIANO,3793,Comune,256.380,5.140,125.700,-,33.380,6.900,123.930,20.335,0.450,2.869,6.290,-,-,-,581.374,44.580,178.200,804.154,72.30
2017,056024,Lazio,Viterbo,FABRICA DI ROMA,8256,Comune,678.240,31.840,327.420,-,63.680,26.200,271.270,44.750,-,5.241,-,-,-,3.460,1452.101,87.940,540.270,2080.311,69.80
2017,056025,Lazio,Viterbo,FALERIA,2135,Comune,188.380,8.360,55.350,92.805,26.840,4.975,18.036,14.330,-,0.150,-,-,-,7.034,416.260,16.200,177.670,610.130,68.23
2017,056026,Lazio,Viterbo,FARNESE,1483,Comune,-,-,38.700,49.205,-,19.212,27.600,11.255,4.320,0.240,22.245,-,-,10.763,183.540,-,451.000,634.540,28.93
2017,056027,Lazio,Viterbo,GALLESE,2821,Comune,183.990,28.900,81.420,105.210,24.660,10.630,76.010,16.780,8.970,4.035,42.315,-,27.080,-,610.000,-,238.950,848.950,71.85
2017,056028,Lazio,Viterbo,GRADOLI,1348,Comune,130.230,-,53.760,58.157,0.180,17.565,33.477,11.040,4.320,0.217,20.220,-,24.370,5.182,358.717,-,143.660,502.377,71.40
2017,056029,Lazio,Viterbo,GRAFFIGNANO,2226,Comune,174.380,-,63.703,19.741,17.738,7.795,59.995,-,-,-,-,-,9.560,6.407,359.320,-,217.640,576.960,62.28
2017,056030,Lazio,Viterbo,GROTTE DI CASTRO,2652,Comune,273.110,21.720,92.980,86.708,-,36.970,58.831,15.975,5.880,1.025,39.780,-,-,9.021,642.000,49.020,335.020,1026.040,62.57
2017,056031,Lazio,Viterbo,ISCHIA DI CASTRO,2285,Comune,-,12.860,60.340,-,39.990,23.400,2.010,20.810,-,3.412,34.275,-,-,-,197.097,13.000,453.080,663.177,29.72
2017,056032,Lazio,Viterbo,LATERA,828,Comune,49.470,-,26.620,19.231,2.880,3.235,10.787,3.490,-,0.120,-,-,-,4.207,120.040,11.100,99.780,230.920,51.98
2017,056033,Lazio,Viterbo,LUBRIANO,893,Comune,41.180,-,44.240,6.989,-,1.836,27.628,-,3.080,0.320,-,-,-,4.658,129.930,19.200,176.430,325.560,39.91
2017,056034,Lazio,Viterbo,MARTA,3416,Comune,146.920,28.720,111.457,193.707,52.698,36.359,45.220,27.810,7.760,0.460,-,-,21.680,13.709,686.500,9.860,782.990,1479.350,46.41
2017,056035,Lazio,Viterbo,MONTALTO DI CASTRO,8978,Comune,363.140,497.572,263.945,275.070,130.180,22.820,152.550,88.050,23.460,0.940,134.670,-,84.590,18.620,2055.607,-,4884.280,6939.887,29.62
2017,056037,Lazio,Viterbo,MONTE ROMANO,1962,Comune,-,-,8.684,2.368,14.680,12.548,3.074,5.510,2.860,-,-,-,-,0.450,50.174,16.780,531.900,598.854,8.38
2017,056036,Lazio,Viterbo,MONTEFIASCONE,13498,Comune,1703.060,271.420,659.860,756.458,173.850,71.348,163.135,133.890,34.480,15.060,202.470,-,92.260,65.771,4343.062,-,1698.260,6041.322,71.89
2017,056038,Lazio,Viterbo,MONTEROSI,4558,Comune,190.320,345.400,123.440,139.580,89.800,31.450,83.890,35.985,-,-,-,-,74.440,-,1114.305,-,682.530,1796.835,62.02
2017,056039,Lazio,Viterbo,NEPI,9549,Comune,650.000,627.000,854.000,760.000,162.000,185.000,325.000,84.660,160.000,182.000,-,-,-,-,3989.660,-,1543.490,5533.150,72.11
2017,056040,Lazio,Viterbo,ONANO,990,Comune,108.640,-,41.840,40.701,0.400,0.220,28.266,0.150,-,0.120,-,-,-,4.133,224.470,1.920,111.550,337.940,66.42
2017,056041,Lazio,Viterbo,ORIOLO ROMANO,3781,Comune,413.280,79.020,135.990,118.330,46.630,32.940,151.840,21.590,11.680,4.450,8.360,-,36.050,1.860,1062.020,-,311.420,1373.440,77.33
2017,056042,Lazio,Viterbo,ORTE,8795,Comune,41.220,-,-,-,-,-,-,63.590,-,-,-,-,-,9.040,113.850,27.520,2179.330,2320.700,4.91
2017,056043,Lazio,Viterbo,PIANSANO,1975,Comune,160.080,2.600,77.100,49.567,34.160,28.098,27.803,23.510,-,-,-,-,-,10.843,413.760,42.440,180.160,636.360,65.02
2017,056044,Lazio,Viterbo,PROCENO,602,Comune,-,-,18.900,-,0.220,-,-,5.420,-,0.060,-,-,-,-,24.600,1.060,121.930,147.590,16.67
2017,056045,Lazio,Viterbo,RONCIGLIONE,8537,Comune,645.500,138.100,341.196,541.189,97.790,36.180,254.242,34.990,17.500,4.260,-,-,69.080,11.806,2191.833,-,1335.450,3527.283,62.14
2017,056047,Lazio,Viterbo,SAN LORENZO NUOVO,2131,Comune,95.960,25.900,84.440,-,0.720,20.080,-,9.240,-,1.364,-,-,33.820,-,271.524,-,305.210,576.734,47.08
2017,056048,Lazio,Viterbo,SORIANO NEL CIMINO,8290,Comune,681.670,80.890,224.370,129.841,-,38.497,246.049,99.210,3.200,9.729,-,-,134.244,34.542,1682.243,64.480,972.790,2719.513,61.86
2017,056049,Lazio,Viterbo,SUTRI,6643,Comune,-,78.550,38.570,-,78.060,17.480,30.300,18.640,-,0.600,-,-,-,-,262.200,252.600,3026.290,3541.090,7.40
2017,056050,Lazio,Viterbo,TARQUINIA,16269,Comune,852.870,503.120,623.510,528.721,348.430,78.326,378.385,113.500,44.750,14.830,244.035,-,178.100,111.088,4019.665,-,6694.180,10713.845,37.52
2017,056051,Lazio,Viterbo,TESSENNANO,327,Comune,-,-,0.650,-,-,-,-,-,-,-,-,-,-,-,0.650,-,118.110,118.760,0.55
2017,056052,Lazio,Viterbo,TUSCANIA,8369,Comune,-,18.000,79.420,107.859,115.940,35.420,14.405,37.620,13.980,0.290,50.360,-,60.840,1.896,536.030,41.060,3482.560,4059.650,13.20
2017,056053,Lazio,Viterbo,VALENTANO,2879,Comune,96.120,23.600,125.758,48.060,0.800,10.799,33.019,15.660,6.930,0.370,-,-,25.800,4.204,391.120,14.380,964.120,1369.620,28.56
2017,056054,Lazio,Viterbo,VALLERANO,2590,Comune,-,-,48.025,-,-,-,43.890,0.085,-,0.040,-,-,5.320,0.270,97.630,-,342.560,440.190,22.18
2017,056055,Lazio,Viterbo,VASANELLO,4037,Comune,325.850,16.420,129.852,143.630,29.190,17.200,98.261,22.255,10.460,2.072,22.080,-,31.860,3.337,852.467,-,457.810,1310.277,65.06
2017,056056,Lazio,Viterbo,VEJANO,2239,Comune,110.030,14.460,56.200,99.848,-,5.082,18.425,9.415,-,0.770,-,-,39.640,7.185,361.055,-,255.910,616.965,58.52
2017,056057,Lazio,Viterbo,VETRALLA,14020,Comune,-,32.500,425.419,234.000,70.380,51.600,178.190,58.640,19.100,6.200,69.200,-,77.300,-,1222.529,-,5640.330,6862.859,17.81
2017,056058,Lazio,Viterbo,VIGNANELLO,4523,Comune,333.740,17.820,134.970,156.800,31.570,18.792,102.783,24.180,9.950,3.418,23.920,-,34.590,3.600,896.133,-,593.440,1489.573,60.16
2017,056046,Lazio,Viterbo,VILLA SAN GIOVANNI IN TUSCIA,1311,Comune,-,1.220,34.280,42.670,13.380,-,25.430,14.280,-,0.614,-,-,-,2.360,134.234,8.920,142.440,285.594,47.00
2017,056059,Lazio,Viterbo,VITERBO,67798,Comune,5241.250,179.000,3369.160,3177.242,222.290,195.117,626.369,167.120,184.300,9.630,-,-,525.560,271.132,14168.170,-,12840.120,27008.290,52.46
2017,056060,Lazio,Viterbo,VITORCHIANO,5235,Comune,394.140,-,159.800,135.380,-,33.845,127.770,-,-,0.120,-,-,109.540,23.195,983.790,-,660.200,1643.990,59.84
2018,060001,Lazio,Frosinone,ACQUAFONDATA,255,Aggregazione: UNIONE COMUNI ACQUAFONDATA PICINISCO,-,-,14.600,28.310,0.510,1.100,4.000,0.750,-,0.110,-,-,0.660,1.760,51.800,-,457.880,509.680,10.16
2018,060002,Lazio,Frosinone,ACUTO,1871,Comune,161.740,-,38.480,35.487,-,5.491,69.862,-,6.164,0.750,-,-,25.780,7.756,351.510,-,263.500,615.010,57.16
2018,060003,Lazio,Frosinone,ALATRI,27852,Comune,3218.361,278.210,927.405,1617.751,-,89.591,410.888,120.007,60.232,19.655,46.720,-,471.260,134.080,7394.160,-,3076.230,10470.390,70.62
2018,060004,Lazio,Frosinone,ALVITO,2606,Vedi aggregazione: Unione Comuni 'Val Comino',-,-,-,-,-,-,-,-,-,-,-,-,-,-,-,-,-,-,-
2018,060005,Lazio,Frosinone,AMASENO,4278,Comune,-,-,4.810,2.766,-,0.428,1.552,1.200,3.190,-,-,-,5.150,0.604,19.700,-,1713.560,1733.260,1.14
2018,060006,Lazio,Frosinone,ANAGNI,21187,Comune,1974.170,28.670,818.324,1178.564,-,73.570,267.130,30.740,30.980,1.200,3.600,-,166.540,107.016,4680.504,-,2537.340,7217.844,64.85
2018,060007,Lazio,Frosinone,AQUINO,5124,Comune,573.400,-,171.940,190.071,-,16.005,58.017,-,11.610,-,-,-,39.740,22.607,1083.390,-,493.980,1577.370,68.68
2018,060008,Lazio,Frosinone,ARCE,5570,Comune,302.500,28.420,163.970,307.918,-,12.651,45.861,27.617,9.369,0.379,-,-,23.430,17.870,939.985,80.900,967.600,1988.485,47.27
2018,060009,Lazio,Frosinone,ARNARA,2240,Comune,42.260,-,29.050,26.885,-,4.160,15.080,1.050,0.650,-,-,-,10.330,5.875,135.340,-,322.260,457.600,29.58
2018,060010,Lazio,Frosinone,ARPINO,7006,Comune,416.150,-,194.050,363.123,-,21.073,76.389,8.100,24.410,-,-,-,-,29.765,1133.060,17.680,834.410,1985.150,57.08
2018,060011,Lazio,Frosinone,ATINA,4218,Comune,137.300,-,242.360,297.069,1.180,13.385,48.640,-,-,0.495,-,-,-,19.026,759.455,17.120,832.100,1608.675,47.21
2018,060012,Lazio,Frosinone,AUSONIA,2518,Comune,150.960,-,80.320,122.120,0.480,6.728,24.389,3.715,4.280,0.300,17.780,-,20.480,9.503,441.055,-,221.000,662.055,66.62
2018,060013,Lazio,Frosinone,BELMONTE CASTELLO,692,Comune,-,-,-,-,-,-,-,-,-,-,-,-,-,-,-,-,207.480,207.480,-
2018,060014,Lazio,Frosinone,BOVILLE ERNICA,8482,Comune,387.360,-,143.410,433.065,-,30.401,110.203,23.210,0.400,0.050,-,-,-,43.391,1171.490,36.610,1081.420,2289.520,51.17
2018,060015,Lazio,Frosinone,BROCCOSTELLA,2710,Comune,94.520,-,62.010,138.065,1.740,6.604,22.877,3.690,5.880,0.080,-,-,5.320,8.804,349.590,-,548.100,897.690,38.94
2018,060016,Lazio,Frosinone,CAMPOLI APPENNINO,1666,Comune,-,-,25.970,75.386,1.980,3.204,11.615,3.350,4.480,-,-,-,-,4.525,130.510,-,251.240,381.750,34.19
2018,060017,Lazio,Frosinone,CASALATTICO,518,Comune,-,-,10.390,31.171,0.930,1.385,4.032,1.590,-,0.370,-,-,3.040,2.772,55.680,-,48.320,104.000,53.54
2018,060018,Lazio,Frosinone,CASALVIERI,2580,Comune,-,-,54.120,128.106,3.500,5.228,18.952,5.010,0.720,0.140,-,-,4.300,8.274,228.350,-,499.040,727.390,31.39
2018,060019,Lazio,Frosinone,CASSINO,36349,Comune,2967.880,76.820,3727.938,2659.330,130.040,16.690,-,65.528,75.780,1.070,549.180,-,316.512,480.000,11066.768,-,7488.820,18555.588,59.64
2018,060020,Lazio,Frosinone,CASTELLIRI,3358,Comune,305.320,-,134.650,203.845,-,12.210,44.260,7.291,-,0.080,-,-,8.280,17.245,733.181,-,255.540,988.721,74.15
2018,060021,Lazio,Frosinone,CASTELNUOVO PARANO,867,Comune,-,-,11.080,16.760,-,-,-,-,-,-,-,-,-,-,27.840,-,391.500,419.340,6.64
2018,060023,Lazio,Frosinone,CASTRO DEI VOLSCI,4673,Comune,276.280,-,144.600,264.833,-,13.498,48.932,6.538,8.860,0.394,-,-,14.790,19.067,797.792,-,414.520,1212.312,65.81
2018,060022,Lazio,Frosinone,CASTROCIELO,3917,Comune,-,-,161.505,232.658,-,19.821,55.104,5.572,9.610,0.707,-,-,19.530,21.472,525.979,-,756.600,1282.579,41.01
2018,060024,Lazio,Frosinone,CECCANO,22584,Comune,1749.570,-,807.310,717.370,333.420,125.883,-,79.695,48.610,2.240,168.340,-,148.580,109.347,4290.365,-,2343.740,6634.105,64.67
2018,060025,Lazio,Frosinone,CEPRANO,8496,Comune,879.310,-,350.450,505.471,22.260,30.742,109.596,37.112,30.200,0.770,-,-,72.300,42.151,2080.362,-,805.480,2885.842,72.09
2018,060026,Lazio,Frosinone,CERVARO,7873,Comune,166.820,-,88.810,-,-,-,-,-,7.660,0.077,-,-,66.860,-,330.227,-,1518.420,1848.647,17.86
2018,060027,Lazio,Frosinone,COLFELICE,1834,Comune,73.280,-,46.400,97.774,1.100,5.647,20.621,0.820,9.710,0.150,-,-,15.800,7.638,278.940,-,244.260,523.200,53.31
2018,060029,Lazio,Frosinone,COLLE SAN MAGNO,657,Comune,71.320,-,15.120,28.736,-,1.438,5.214,-,4.655,-,-,-,-,2.032,128.515,-,36.220,164.735,78.01
2018,060028,Lazio,Frosinone,COLLEPARDO,921,Comune,47.310,-,39.570,40.791,-,2.776,28.688,1.747,-,0.020,-,-,5.320,1.335,167.557,-,113.180,280.737,59.69
2018,060030,Lazio,Frosinone,CORENO AUSONIO,1586,Comune,-,-,15.130,19.860,-,-,14.390,3.780,0.700,0.070,-,-,5.560,-,59.490,-,419.880,479.370,12.41
2018,060031,Lazio,Frosinone,ESPERIA,3811,Comune,102.700,-,80.850,178.196,0.210,10.614,38.477,7.410,3.220,-,-,-,32.170,14.993,468.840,-,294.020,762.860,61.46
2018,060032,Lazio,Frosinone,FALVATERRA,535,Comune,41.340,-,12.585,16.740,-,-,-,-,-,-,-,-,-,-,70.665,4.680,85.260,160.605,44.00
2018,060033,Lazio,Frosinone,FERENTINO,20136,Comune,1044.580,-,624.470,893.674,-,43.030,155.985,68.230,22.640,0.307,0.540,-,83.740,62.501,2999.697,26.320,5482.380,8508.397,35.26
2018,060034,Lazio,Frosinone,FILETTINO,515,Comune,-,-,15.820,-,-,-,0.180,-,-,-,-,-,12.340,-,28.340,-,320.000,348.340,8.14
2018,060035,Lazio,Frosinone,FIUGGI,10446,Comune,840.320,5.380,307.810,630.400,-,25.788,97.682,24.574,16.294,-,-,-,158.460,36.425,2143.133,-,3032.940,5176.073,41.41
2018,060036,Lazio,Frosinone,FONTANA LIRI,2842,Comune,242.230,-,77.780,134.614,-,7.287,26.416,1.940,67.013,-,-,-,17.930,10.293,585.503,-,370.860,956.363,61.22
2018,060037,Lazio,Frosinone,FONTECHIARI,1284,Comune,29.340,-,19.890,59.278,5.280,3.516,10.208,3.820,-,0.040,-,-,5.390,4.428,141.190,-,138.840,280.030,50.42
2018,060038,Lazio,Frosinone,FROSINONE,45073,Comune,3819.980,313.480,2701.452,2368.209,135.420,157.679,522.937,134.320,161.050,9.980,22.960,-,270.550,201.985,10820.002,-,12018.820,22838.822,47.38
2018,060039,Lazio,Frosinone,FUMONE,2079,Comune,85.960,-,34.460,86.020,2.660,11.760,25.120,4.972,4.274,0.330,-,-,8.575,-,264.131,8.575,246.820,519.526,50.84
2018,060040,Lazio,Frosinone,GALLINARO,1249,Vedi aggregazione: Unione Comuni 'Val Comino',-,-,-,-,-,-,-,-,-,-,-,-,-,-,-,-,-,-,-
2018,060041,Lazio,Frosinone,GIULIANO DI ROMA,2391,Comune,90.990,-,51.680,112.955,-,5.246,19.018,6.920,-,-,-,-,22.970,7.411,317.190,-,381.610,698.800,45.39
2018,060042,Lazio,Frosinone,GUARCINO,1535,Comune,-,-,26.020,8.076,-,1.250,4.530,-,1.710,-,-,-,10.180,1.764,53.530,-,410.400,463.930,11.54
2018,060043,Lazio,Frosinone,ISOLA DEL LIRI,11191,Comune,1018.260,66.590,478.580,652.588,-,30.745,111.450,37.380,37.480,2.110,26.560,-,83.380,43.427,2588.550,-,1690.840,4279.390,60.49
2018,060044,Lazio,Frosinone,MONTE SAN GIOVANNI CAMPANO,12492,Comune,805.940,-,348.320,638.481,-,40.136,145.494,32.950,27.010,0.306,-,-,-,57.913,2096.550,58.120,1443.380,3598.050,58.27
2018,060045,Lazio,Frosinone,MOROLO,3227,Comune,257.920,-,125.100,90.609,-,4.088,20.719,4.288,3.200,-,-,-,47.940,5.774,559.638,-,471.480,1031.118,54.28
2018,060046,Lazio,Frosinone,PALIANO,8058,Comune,653.580,-,324.936,243.198,29.680,-,1.840,18.710,4.860,1.690,24.200,-,71.810,36.042,1410.546,-,704.200,2114.746,66.70
2018,060047,Lazio,Frosinone,PASTENA,1373,Comune,-,-,10.840,29.718,-,-,-,-,-,-,-,-,-,24.550,65.108,0.850,371.820,437.778,14.87
2018,060048,Lazio,Frosinone,PATRICA,3135,Comune,293.940,-,137.980,191.334,-,9.571,33.681,15.830,-,-,-,-,36.250,13.124,731.710,-,556.840,1288.550,56.79
2018,060049,Lazio,Frosinone,PESCOSOLIDO,1482,Comune,4.140,-,21.620,64.472,-,3.490,13.510,2.330,3.846,0.570,-,-,3.600,4.928,122.506,-,144.140,266.646,45.94
2018,060050,Lazio,Frosinone,PICINISCO,1144,Vedi aggregazione: UNIONE COMUNI ACQUAFONDATA PICINISCO,-,-,-,-,-,-,-,-,-,-,-,-,-,-,-,-,-,-,-
2018,060051,Lazio,Frosinone,PICO,2809,Comune,106.000,-,52.100,93.201,-,6.948,25.187,2.740,-,-,-,-,5.100,9.814,301.090,-,297.280,598.370,50.32
2018,060052,Lazio,Frosinone,PIEDIMONTE SAN GERMANO,6364,Comune,770.350,-,353.290,445.360,2.500,25.272,91.611,-,14.770,-,-,-,167.920,35.697,1906.770,-,997.560,2904.330,65.65
2018,060053,Lazio,Frosinone,PIGLIO,4533,Comune,679.980,-,122.013,121.281,-,-,-,7.670,4.400,6.320,1.480,-,-,25.061,968.205,28.280,331.100,1327.585,72.93
2018,060054,Lazio,Frosinone,PIGNATARO INTERAMNA,2461,Comune,108.740,-,76.740,357.151,0.350,19.997,71.848,2.670,-,-,-,-,13.895,28.019,679.410,-,341.920,1021.330,66.52
2018,060055,Lazio,Frosinone,POFI,4047,Comune,-,-,95.780,195.352,-,9.984,36.192,6.410,-,0.210,-,-,33.680,17.912,395.520,-,710.280,1105.800,35.77
2018,060056,Lazio,Frosinone,PONTECORVO,12798,Comune,-,-,-,11.640,-,-,-,12.680,40.370,-,-,-,26.980,-,91.670,-,5571.240,5662.910,1.62
2018,060057,Lazio,Frosinone,POSTA FIBRENO,1102,Comune,40.580,-,23.248,56.949,3.080,0.180,0.080,3.130,3.400,0.150,-,-,2.340,3.533,136.670,-,226.700,363.370,37.61
2018,060058,Lazio,Frosinone,RIPI,5131,Comune,223.100,-,154.270,155.900,-,-,-,-,11.570,0.164,-,-,23.930,-,568.934,-,791.820,1360.754,41.81
2018,060059,Lazio,Frosinone,ROCCA D'ARCE,919,Comune,83.180,-,22.890,46.282,-,2.575,9.335,3.620,0.980,0.073,-,-,-,3.638,172.573,13.830,63.840,250.243,68.96
2018,060060,Lazio,Frosinone,ROCCASECCA,7314,Comune,548.860,-,238.450,26.068,-,4.034,14.622,0.160,5.410,0.165,-,-,44.230,5.696,887.695,-,1090.020,1977.715,44.89
2018,060061,Lazio,Frosinone,SAN BIAGIO SARACINISCO,309,Comune,-,-,7.282,11.892,0.086,0.435,1.578,-,-,-,-,-,-,0.713,21.986,0.130,86.320,108.436,20.28
2018,060062,Lazio,Frosinone,SAN DONATO VAL DI COMINO,1981,Aggregazione: Unione Comuni 'Val Comino',479.120,-,174.330,322.880,28.480,54.792,107.060,34.740,8.266,0.110,-,-,34.440,21.408,1265.626,-,1169.850,2435.476,51.97
2018,060063,Lazio,Frosinone,SAN GIORGIO A LIRI,3113,Comune,282.660,-,207.410,118.636,-,-,-,-,3.670,0.465,-,-,17.700,61.824,692.365,-,557.750,1250.115,55.38
2018,060064,Lazio,Frosinone,SAN GIOVANNI INCARICO,3256,Comune,180.440,-,70.210,126.310,8.690,8.906,25.158,1.780,6.170,-,-,-,5.970,8.906,442.540,-,486.400,928.940,47.64
2018,060070,Lazio,Frosinone,SAN VITTORE DEL LAZIO,2497,Comune,-,-,25.560,44.630,-,1.035,3.753,-,0.290,0.012,34.920,-,-,1.462,111.662,17.860,1105.020,1234.542,9.05
2018,060065,Lazio,Frosinone,SANT'AMBROGIO SUL GARIGLIANO,954,Comune,42.280,-,20.110,33.880,-,2.971,26.752,2.795,-,-,-,-,5.275,3.787,137.850,-,65.040,202.890,67.94
2018,060066,Lazio,Frosinone,SANT'ANDREA DEL GARIGLIANO,1418,Comune,45.300,-,27.920,29.640,-,-,41.510,2.305,-,-,-,-,5.250,-,151.925,-,93.820,245.745,61.82
2018,060067,Lazio,Frosinone,SANT'APOLLINARE,1846,Comune,87.680,-,50.296,64.651,5.227,4.196,17.190,6.080,15.860,0.098,-,-,22.200,5.480,278.958,-,268.320,547.278,50.97
2018,060068,Lazio,Frosinone,SANT'ELIA FIUMERAPIDO,5923,Comune,322.720,6.500,212.400,98.535,-,3.880,14.065,-,-,1.970,-,-,37.670,5.480,703.220,-,901.400,1604.620,43.83
2018,060069,Lazio,Frosinone,SANTOPADRE,1293,Comune,-,-,-,-,-,-,-,-,1.170,-,-,-,-,-,1.170,1.110,292.440,294.720,0.40
2018,060071,Lazio,Frosinone,SERRONE,2981,Comune,221.860,-,91.548,155.630,-,5.880,76.300,17.607,9.349,0.705,45.480,-,75.540,-,699.899,-,318.480,1018.379,68.73
2018,060072,Lazio,Frosinone,SETTEFRATI,718,Vedi aggregazione: Unione Comuni 'Val Comino',-,-,-,-,-,-,-,-,-,-,-,-,-,-,-,-,-,-,-
2018,060073,Lazio,Frosinone,SGURGOLA,2505,Comune,94.780,-,33.380,69.537,-,0.221,41.930,1.812,4.054,0.995,-,-,10.620,0.312,257.641,-,383.720,641.361,40.17
2018,060074,Lazio,Frosinone,SORA,25792,Comune,2658.240,542.100,1451.323,937.400,216.420,23.980,875.540,165.926,148.860,9.300,68.780,-,-,-,7097.869,-,4052.640,11150.509,63.66
2018,060075,Lazio,Frosinone,STRANGOLAGALLI,2355,Comune,109.740,-,94.380,71.800,-,31.453,73.390,5.540,5.200,0.166,-,-,10.740,13.357,415.766,-,191.700,607.466,68.44
2018,060076,Lazio,Frosinone,SUPINO,4736,Comune,216.140,-,-,-,-,-,-,10.024,-,0.180,-,-,-,-,226.344,40.390,589.340,856.074,26.44
2018,060077,Lazio,Frosinone,TERELLE,348,Comune,-,-,7.282,11.892,0.086,0.435,1.578,0.209,-,-,-,-,0.132,0.713,22.327,-,115.280,137.607,16.23
2018,060078,Lazio,Frosinone,TORRE CAJETANI,1337,Comune,140.000,-,11.780,52.707,-,2.294,8.316,0.500,6.090,0.040,-,-,5.500,3.243,230.470,-,196.000,426.470,54.04
2018,060079,Lazio,Frosinone,TORRICE,4718,Comune,-,-,79.740,106.493,-,3.426,12.421,2.680,-,-,-,-,-,4.840,209.600,56.700,1975.740,2242.040,9.35
2018,060080,Lazio,Frosinone,TREVI NEL LAZIO,1801,Comune,-,-,4.640,4.511,-,0.195,2.748,1.780,-,-,-,-,17.140,0.276,31.290,-,1155.740,1187.030,2.64
2018,060081,Lazio,Frosinone,TRIVIGLIANO,1641,Comune,62.000,-,23.080,-,-,-,-,-,7.100,-,-,-,-,-,92.180,-,250.000,342.180,26.94
2018,060082,Lazio,Frosinone,VALLECORSA,2533,Comune,-,-,12.500,13.031,-,0.409,1.481,-,-,-,-,-,-,0.577,27.998,-,852.360,880.358,3.18
2018,060083,Lazio,Frosinone,VALLEMAIO,922,Comune,-,-,4.604,26.000,-,1.535,24.552,2.440,-,-,-,-,7.750,3.909,70.790,-,121.300,192.090,36.85
2018,060084,Lazio,Frosinone,VALLEROTONDA,1507,Comune,-,-,-,-,3.790,-,-,0.600,1.090,-,-,-,-,0.400,5.880,10.580,641.460,657.920,0.89
2018,060085,Lazio,Frosinone,VEROLI,19879,Comune,1643.690,-,527.110,1117.484,-,49.619,179.870,42.172,-,0.735,-,-,-,70.087,3630.767,106.780,3057.620,6795.167,53.43
2018,060086,Lazio,Frosinone,VICALVI,744,Vedi aggregazione: Unione Comuni 'Val Comino',-,-,-,-,-,-,-,-,-,-,-,-,-,-,-,-,-,-,-
2018,060087,Lazio,Frosinone,VICO NEL LAZIO,2150,Comune,110.780,-,40.440,84.180,-,5.645,20.462,3.510,5.850,-,-,-,-,7.973,278.840,3.580,224.300,506.720,55.03
2018,060088,Lazio,Frosinone,VILLA LATINA,1171,Comune,-,-,25.730,41.407,0.346,1.538,5.574,0.835,-,-,-,-,-,2.565,77.995,0.528,427.800,506.323,15.40
2018,060089,Lazio,Frosinone,VILLA SANTA LUCIA,2571,Comune,188.730,-,62.330,153.658,-,11.098,40.229,-,10.300,-,-,-,17.480,15.675,499.500,-,211.760,711.260,70.23
2018,060090,Lazio,Frosinone,VILLA SANTO STEFANO,1698,Comune,35.040,-,29.170,73.720,-,-,56.540,0.439,4.910,-,-,-,3.970,-,203.789,-,205.000,408.789,49.85
2018,060091,Lazio,Frosinone,VITICUSO,307,Comune,-,-,4.490,8.720,0.160,0.340,1.230,0.230,-,0.030,-,-,0.200,0.540,15.940,-,108.260,124.200,12.83
2018,059001,Lazio,Latina,APRILIA,72528,Comune,10023.460,1223.980,3237.320,3424.983,938.405,465.627,1069.202,363.463,110.880,86.423,1119.900,-,1339.720,547.232,23950.596,-,10681.960,34632.556,69.16
2018,059002,Lazio,Latina,BASSIANO,1480,Comune,67.940,-,24.580,56.089,-,2.588,9.383,-,-,-,-,-,-,3.659,164.240,-,209.320,373.560,43.97
2018,059003,Lazio,Latina,CAMPODIMELE,581,Comune,63.580,-,17.240,63.728,-,8.273,42.316,1.696,-,0.250,-,-,-,8.445,205.528,-,74.682,280.210,73.35
2018,059004,Lazio,Latina,CASTELFORTE,4267,Comune,470.080,51.590,132.936,149.930,-,14.160,132.760,11.010,10.710,2.509,0.480,-,-,1.020,977.185,60.040,590.720,1627.945,60.03
2018,059005,Lazio,Latina,CISTERNA DI LATINA,35659,Comune,1906.270,2307.710,900.220,697.532,179.040,126.993,508.933,53.495,95.085,11.435,-,-,906.500,155.992,7849.205,-,11529.060,19378.265,40.51
2018,059006,Lazio,Latina,CORI,10688,Comune,1310.030,95.640,347.580,310.380,53.480,59.040,274.440,48.277,28.920,2.413,13.480,-,264.220,-,2807.900,-,906.910,3714.810,75.59
2018,059007,Lazio,Latina,FONDI,38925,Comune,6761.120,763.340,2226.000,2646.232,331.740,228.149,663.749,282.336,206.810,23.634,210.960,-,551.440,235.130,15130.640,-,3377.420,18508.060,81.75
2018,059008,Lazio,Latina,FORMIA,37727,Comune,4457.860,1108.850,1882.460,2033.658,387.500,137.419,385.546,113.854,167.150,23.494,264.730,-,578.560,150.357,11691.438,-,5886.680,17578.118,66.51
2018,059009,Lazio,Latina,GAETA,20214,Comune,2416.530,330.830,1078.160,1280.919,251.380,93.697,234.639,64.237,77.838,7.633,223.560,-,356.440,93.385,6509.248,-,5927.160,12436.408,52.34
2018,059010,Lazio,Latina,ITRI,10496,Comune,1200.680,153.380,488.140,610.593,188.812,65.089,117.430,40.598,47.550,7.374,162.090,-,187.807,45.781,3315.324,-,825.500,4140.824,80.06
2018,059011,Lazio,Latina,LATINA,126952,Comune,4071.970,1380.780,3380.560,2543.980,1015.050,454.060,1210.662,316.190,-,50.321,1193.160,-,-,501.708,16118.441,390.540,52189.380,68698.361,23.46
2018,059012,Lazio,Latina,LENOLA,4114,Comune,431.680,-,79.720,152.500,21.960,25.560,99.500,18.750,13.650,-,-,-,26.100,5.140,874.560,-,460.240,1334.800,65.52
2018,059013,Lazio,Latina,MAENZA,3058,Comune,241.080,-,59.140,162.689,-,9.565,34.681,5.680,6.190,-,-,-,26.020,13.525,558.570,-,236.780,795.350,70.23
2018,059014,Lazio,Latina,MINTURNO,19638,Comune,1627.360,233.840,780.640,740.564,158.100,184.810,415.390,87.825,11.160,8.010,159.430,104.860,321.960,172.135,5006.085,-,6169.640,11175.725,44.79
2018,059015,Lazio,Latina,MONTE SAN BIAGIO,6203,Comune,686.498,43.530,224.242,140.124,51.890,38.978,214.387,28.240,6.170,-,-,-,57.990,30.651,1522.700,-,846.260,2368.960,64.28
2018,059016,Lazio,Latina,NORMA,3839,Comune,478.080,-,-,316.238,-,48.924,177.382,-,-,0.298,6.500,-,97.920,69.176,1194.518,-,233.060,1427.578,83.67
2018,059017,Lazio,Latina,PONTINIA,14683,Comune,743.560,429.590,694.530,558.344,61.140,125.559,327.081,49.560,48.525,4.670,39.420,-,42.120,132.355,3256.455,-,4104.060,7360.515,44.24
2018,059018,Lazio,Latina,PONZA,3278,Comune,-,-,65.672,5.511,10.720,2.263,3.091,-,-,-,-,-,-,1.205,88.462,84.160,2352.040,2524.662,3.50
2018,059019,Lazio,Latina,PRIVERNO,13917,Comune,310.600,6.940,731.506,122.380,72.860,6.920,442.710,49.755,16.990,2.900,-,-,-,14.360,1777.921,66.320,4190.360,6034.601,29.46
2018,059020,Lazio,Latina,PROSSEDI,1199,Comune,102.900,-,56.680,94.398,-,14.604,52.949,3.180,3.550,0.120,-,-,6.980,20.649,356.010,-,250.160,606.170,58.73
2018,059022,Lazio,Latina,ROCCA MASSIMA,1104,Comune,103.770,-,53.420,29.990,-,14.450,67.000,4.450,0.265,0.470,-,-,19.000,-,292.815,-,125.460,418.275,70.01
2018,059021,Lazio,Latina,ROCCAGORGA,4309,Comune,409.880,-,79.360,113.033,12.740,27.186,173.279,0.014,6.000,0.840,25.030,-,-,24.725,872.087,0.023,250.160,1122.270,77.71
2018,059023,Lazio,Latina,ROCCASECCA DEI VOLSCI,1142,Comune,65.940,-,17.120,49.770,-,2.028,7.354,1.805,0.970,-,-,-,24.200,2.868,172.055,-,125.540,297.595,57.82
2018,059024,Lazio,Latina,SABAUDIA,19542,Comune,2394.940,1044.300,1126.776,1509.842,-,88.505,320.887,44.305,-,3.730,24.200,-,-,126.301,6683.786,426.800,3734.260,10844.846,61.63
2018,059025,Lazio,Latina,SAN FELICE CIRCEO,9472,Comune,1171.650,893.656,628.780,932.321,-,59.732,216.568,43.383,32.900,2.920,152.010,-,400.080,91.838,4625.839,-,3294.280,7920.119,58.41
2018,059026,Lazio,Latina,SANTI COSMA E DAMIANO,6832,Comune,617.150,51.270,254.360,234.960,-,22.110,215.740,18.520,9.600,3.250,-,-,93.370,-,1520.330,-,1025.840,2546.170,59.71
2018,059027,Lazio,Latina,SERMONETA,9959,Comune,948.988,210.174,460.804,975.078,90.718,70.625,248.665,44.420,23.120,6.290,-,-,61.900,103.975,3244.758,-,1309.858,4554.616,71.24
2018,059028,Lazio,Latina,SEZZE,23613,Comune,593.760,80.620,331.520,437.241,0.260,29.750,167.400,27.485,27.975,-,58.640,-,149.520,1.210,1905.380,-,8620.780,10526.160,18.10
2018,059029,Lazio,Latina,SONNINO,7465,Comune,472.780,10.180,146.520,353.631,35.980,18.718,69.505,8.175,8.085,0.240,-,-,85.800,26.466,1236.080,-,1335.560,2571.640,48.07
2018,059030,Lazio,Latina,SPERLONGA,3250,Comune,814.740,23.000,302.960,521.509,-,25.921,97.980,-,-,-,-,-,34.160,36.651,1856.920,-,760.310,2617.230,70.95
2018,059031,Lazio,Latina,SPIGNO SATURNIA,2888,Comune,235.000,-,132.690,111.020,-,-,125.460,-,-,-,-,-,-,-,604.170,-,170.440,774.610,78.00
2018,059032,Lazio,Latina,TERRACINA,43508,Comune,7484.740,166.165,2573.600,3409.243,554.780,291.577,863.705,244.340,124.290,24.625,293.280,-,1034.500,308.005,17372.850,-,6720.780,24093.630,72.11
2018,059033,Lazio,Latina,VENTOTENE,741,Comune,15.960,-,17.680,37.097,-,20.354,9.711,-,-,0.300,-,-,8.700,2.847,112.650,-,287.160,399.810,28.18
2018,057001,Lazio,Rieti,ACCUMOLI,593,Comune,-,-,18.750,-,-,-,-,1.945,0.530,0.380,-,-,-,-,21.605,-,364.440,386.045,5.60
2018,057002,Lazio,Rieti,AMATRICE,2423,Comune,-,-,-,-,-,-,-,-,-,0.992,-,-,-,-,0.992,-,993.360,994.352,0.10
2018,057003,Lazio,Rieti,ANTRODOCO,2452,Comune,100.484,-,40.795,49.608,-,2.377,11.677,2.882,5.280,0.040,-,-,-,3.358,216.501,5.445,448.585,670.531,32.29
2018,057004,Lazio,Rieti,ASCREA,236,Comune,22.480,-,8.027,11.837,-,-,12.451,3.030,-,-,-,-,8.420,-,66.245,-,41.070,107.315,61.73
2018,057005,Lazio,Rieti,BELMONTE IN SABINA,648,Comune,31.160,-,20.602,30.382,-,-,31.958,1.670,-,-,-,-,6.140,-,121.912,-,61.500,183.412,66.47
2018,057006,Lazio,Rieti,BORBONA,605,Comune,7.227,-,-,-,-,-,-,4.600,1.170,0.017,-,-,-,0.200,13.214,13.000,344.320,370.534,3.57
2018,057008,Lazio,Rieti,BORGO VELINO,941,Comune,49.835,-,36.050,39.965,-,3.242,13.631,4.300,2.960,-,-,-,14.830,2.289,167.101,-,300.740,467.841,35.72
2018,057007,Lazio,Rieti,BORGOROSE,4382,Comune,352.360,-,167.764,262.820,43.580,13.260,96.890,26.290,47.520,2.360,44.360,-,19.720,-,1076.924,-,586.420,1663.344,64.75
2018,057009,Lazio,Rieti,CANTALICE,2580,Comune,192.777,-,62.840,117.266,-,12.269,44.471,7.580,-,0.025,-,-,13.815,8.664,459.707,-,224.380,684.087,67.20
2018,057010,Lazio,Rieti,CANTALUPO IN SABINA,1640,Vedi aggregazione: Unione 'Bassa Sabina',-,-,-,-,-,-,-,-,-,-,-,-,-,-,-,-,-,-,-
2018,057011,Lazio,Rieti,CASAPROTA,717,Comune,68.214,1.654,23.895,38.181,-,4.162,15.085,5.754,1.800,0.130,-,-,18.804,2.939,180.617,-,59.650,240.267,75.17
2018,057012,Lazio,Rieti,CASPERIA,1234,Vedi aggregazione: Unione 'Nova Sabina',-,-,-,-,-,-,-,-,-,-,-,-,-,-,-,-,-,-,-
2018,057013,Lazio,Rieti,CASTEL DI TORA,269,Comune,38.580,-,9.097,13.415,-,-,14.112,3.510,-,-,4.080,-,-,-,82.794,7.160,56.440,146.394,56.56
2018,057015,Lazio,Rieti,CASTEL SANT'ANGELO,1164,Comune,98.721,-,33.995,63.221,-,6.334,22.959,7.898,-,-,-,-,8.030,4.473,245.631,-,110.715,356.346,68.93
2018,057014,Lazio,Rieti,CASTELNUOVO DI FARFA,1016,Vedi aggregazione: Unione dei Comuni della Valle dell'Olio,-,-,-,-,-,-,-,-,-,-,-,-,-,-,-,-,-,-,-
2018,057016,Lazio,Rieti,CITTADUCALE,6716,Comune,755.110,-,301.520,344.971,-,42.917,155.553,16.960,8.700,2.243,-,-,-,30.304,1658.278,75.860,849.940,2584.078,64.17
2018,057017,Lazio,Rieti,CITTAREALE,443,Comune,-,-,-,-,-,-,-,4.520,-,-,-,-,10.320,-,14.840,-,215.020,229.860,6.46
2018,057018,Lazio,Rieti,COLLALTO SABINO,398,Comune,6.170,-,1.620,3.770,-,-,2.260,0.140,-,-,-,-,6.260,-,20.220,-,208.810,229.030,8.83
2018,057019,Lazio,Rieti,COLLE DI TORA,357,Comune,21.660,-,12.007,17.706,-,-,18.625,0.960,-,-,-,-,-,-,70.958,9.720,45.000,125.678,56.46
2018,057020,Lazio,Rieti,COLLEGIOVE,153,Comune,7.940,-,5.084,7.497,-,-,7.886,0.860,-,-,2.280,-,1.820,-,33.366,-,27.880,61.246,54.48
2018,057021,Lazio,Rieti,COLLEVECCHIO,1509,Comune,61.900,-,49.130,62.490,-,-,40.420,12.377,1.260,-,0.050,-,43.350,-,270.977,-,265.180,536.157,50.54
2018,057022,Lazio,Rieti,COLLI SUL VELINO,487,Comune,36.585,-,15.900,26.319,-,3.192,11.571,2.855,1.240,0.070,-,-,16.525,2.254,116.512,-,40.330,156.842,74.29
2018,057023,Lazio,Rieti,CONCERVIANO,270,Comune,-,-,-,-,-,-,-,0.520,-,-,-,-,-,-,0.520,9.500,142.000,152.020,0.34
2018,057024,Lazio,Rieti,CONFIGNI,586,Vedi aggregazione: Unione 'Nova Sabina',-,-,-,-,-,-,-,-,-,-,-,-,-,-,-,-,-,-,-
2018,057025,Lazio,Rieti,CONTIGLIANO,3765,Comune,224.458,66.280,142.465,207.050,1.460,17.100,-,24.180,-,1.811,-,-,64.020,-,748.824,-,353.590,1102.414,67.93
2018,057026,Lazio,Rieti,COTTANELLO,532,Vedi aggregazione: Unione 'Nova Sabina',-,-,-,-,-,-,-,-,-,-,-,-,-,-,-,-,-,-,-
2018,057027,Lazio,Rieti,FARA IN SABINA,13527,Comune,1106.130,28.200,500.570,632.574,-,76.019,275.535,69.937,41.880,0.700,-,-,141.980,53.679,2927.204,-,1772.360,4699.564,62.29
2018,057028,Lazio,Rieti,FIAMIGNANO,1277,Comune,109.485,-,31.445,87.759,-,7.733,28.028,5.572,0.450,0.015,-,-,6.515,5.460,282.462,-,97.235,379.697,74.39
2018,057029,Lazio,Rieti,FORANO,3031,Vedi aggregazione: Unione 'Bassa Sabina',-,-,-,-,-,-,-,-,-,-,-,-,-,-,-,-,-,-,-
2018,057030,Lazio,Rieti,FRASSO SABINO,719,Aggregazione: Unione dei Comuni della Valle dell'Olio,271.880,3.940,96.560,139.700,-,31.620,139.130,4.030,6.810,1.400,-,-,136.820,-,831.890,-,505.040,1336.930,62.22
2018,057031,Lazio,Rieti,GRECCIO,1516,Comune,160.250,-,84.515,101.542,-,12.481,45.239,10.358,-,0.020,-,-,8.720,8.813,431.938,-,147.435,579.373,74.55
2018,057032,Lazio,Rieti,LABRO,358,Comune,33.905,-,12.490,32.340,-,3.154,11.432,1.340,-,-,-,-,5.425,2.227,102.313,-,39.260,141.573,72.27
2018,057033,Lazio,Rieti,LEONESSA,2277,Comune,-,-,16.320,39.950,15.990,1.223,5.651,3.480,2.990,0.200,-,-,8.900,2.343,97.047,-,1188.770,1285.817,7.55
2018,057034,Lazio,Rieti,LONGONE SABINO,558,Comune,-,-,2.020,-,-,-,-,0.380,1.010,0.040,-,-,-,-,3.450,2.120,294.080,299.650,1.15
2018,057035,Lazio,Rieti,MAGLIANO SABINA,3645,Comune,396.340,-,207.555,156.219,57.160,22.620,89.900,29.600,17.170,2.930,55.380,-,113.540,1.640,1150.054,-,468.500,1618.554,71.05
2018,057036,Lazio,Rieti,MARCETELLI,72,Comune,-,-,-,-,-,-,-,-,-,-,-,-,-,-,-,-,18.860,18.860,-
2018,057037,Lazio,Rieti,MICIGLIANO,122,Comune,-,-,-,-,-,-,-,0.990,-,0.260,-,-,-,-,1.250,15.620,96.230,113.100,1.11
2018,057038,Lazio,Rieti,MOMPEO,483,Comune,48.053,1.165,16.833,26.897,-,2.932,10.627,4.055,0.980,0.093,-,-,-,2.070,113.704,13.247,29.500,156.451,72.68
2018,057039,Lazio,Rieti,MONTASOLA,378,Vedi aggregazione: Unione 'Nova Sabina',-,-,-,-,-,-,-,-,-,-,-,-,-,-,-,-,-,-,-
2018,057043,Lazio,Rieti,MONTE SAN GIOVANNI IN SABINA,676,Comune,-,-,4.780,1.913,-,0.592,6.866,3.740,-,-,10.080,-,48.520,1.668,78.159,-,279.040,357.199,21.88
2018,057040,Lazio,Rieti,MONTEBUONO,862,Aggregazione: Unione 'Nova Sabina',329.420,-,154.080,220.610,35.640,28.430,91.570,27.330,-,0.300,-,-,94.150,7.370,988.900,1.480,631.470,1621.850,60.97
2018,057041,Lazio,Rieti,MONTELEONE SABINO,1196,Vedi aggregazione: Unione dei Comuni della Valle dell'Olio,-,-,-,-,-,-,-,-,-,-,-,-,-,-,-,-,-,-,-
2018,057042,Lazio,Rieti,MONTENERO SABINO,280,Comune,26.735,0.648,9.370,14.960,-,1.631,5.912,2.256,0.940,0.050,-,-,7.370,1.152,71.025,-,23.195,94.220,75.38
2018,057044,Lazio,Rieti,MONTOPOLI DI SABINA,4092,Vedi aggregazione: Unione 'Bassa Sabina',-,-,-,-,-,-,-,-,-,-,-,-,-,-,-,-,-,-,-
2018,057045,Lazio,Rieti,MORRO REATINO,339,Comune,15.715,-,9.070,16.528,-,2.101,7.615,5.018,-,-,-,-,4.615,1.484,62.146,-,20.385,82.531,75.30
2018,057046,Lazio,Rieti,NESPOLO,205,Comune,-,-,-,-,-,1.520,-,1.000,2.160,-,-,-,-,-,4.680,4.640,45.350,54.670,8.56
2018,057047,Lazio,Rieti,ORVINIO,377,Comune,39.879,0.967,13.970,22.322,-,2.433,8.819,15.471,1.140,0.075,-,-,-,1.718,106.794,-,70.080,176.874,60.38
2018,057048,Lazio,Rieti,PAGANICO,166,Comune,12.700,-,5.552,8.187,-,-,8.612,1.200,-,-,-,-,5.520,-,41.771,-,42.550,84.321,49.54
2018,057049,Lazio,Rieti,PESCOROCCHIANO,1988,Comune,167.514,-,40.240,133.458,-,6.296,24.180,4.941,4.880,0.075,-,-,-,8.891,390.475,6.530,163.355,560.360,69.68
2018,057050,Lazio,Rieti,PETRELLA SALTO,1106,Comune,103.336,-,33.110,84.651,-,6.970,25.264,4.659,-,0.015,-,-,8.430,4.922,271.357,-,148.910,420.267,64.57
2018,057051,Lazio,Rieti,POGGIO BUSTONE,2020,Comune,-,-,9.500,10.672,-,0.579,2.100,3.760,2.020,-,-,-,13.420,0.409,42.459,-,982.020,1024.479,4.14
2018,057052,Lazio,Rieti,POGGIO CATINO,1264,Comune,52.418,-,19.795,34.317,-,4.942,12.348,0.620,-,-,19.080,-,5.280,2.406,151.205,-,72.314,223.519,67.65
2018,057053,Lazio,Rieti,POGGIO MIRTETO,6220,Aggregazione: Unione 'Bassa Sabina',1890.660,-,751.720,797.670,345.480,41.340,820.770,129.900,7.130,9.100,-,-,-,-,4793.770,1042.150,2012.680,7848.600,61.08
2018,057054,Lazio,Rieti,POGGIO MOIANO,2789,Comune,267.173,6.479,93.592,96.876,-,-,101.871,22.546,16.330,0.513,-,-,73.652,-,679.032,-,428.811,1107.843,61.29
2018,057055,Lazio,Rieti,POGGIO NATIVO,2508,Comune,188.740,-,85.840,86.140,-,4.800,89.660,-,1.850,2.000,-,-,56.000,-,515.030,-,345.540,860.570,59.85
2018,057056,Lazio,Rieti,POGGIO SAN LORENZO,521,Vedi aggregazione: Unione dei Comuni della Valle dell'Olio,-,-,-,-,-,-,-,-,-,-,-,-,-,-,-,-,-,-,-
2018,057057,Lazio,Rieti,POSTA,616,Comune,22.280,-,18.370,58.413,-,3.511,12.725,3.340,-,-,-,-,9.550,2.479,130.668,-,123.740,254.408,51.36
2018,057058,Lazio,Rieti,POZZAGLIA SABINA,322,Comune,33.130,0.080,11.606,18.544,-,2.021,7.327,2.796,-,0.064,-,-,-,1.427,76.996,9.133,57.230,143.359,53.71
2018,057059,Lazio,Rieti,RIETI,46951,Comune,3703.440,987.100,1645.340,19.694,559.000,139.906,0.748,382.920,-,13.060,139.100,-,-,8.772,7599.080,379.160,14101.720,22079.960,34.42
2018,057060,Lazio,Rieti,RIVODUTRI,1180,Comune,90.960,-,35.865,70.044,-,6.999,25.369,4.095,-,0.020,-,-,8.055,4.942,246.349,-,89.955,336.304,73.25
2018,057062,Lazio,Rieti,ROCCA SINIBALDA,772,Comune,45.530,-,26.020,38.372,-,-,40.363,4.790,-,-,11.670,-,-,-,166.745,7.240,138.990,312.975,53.28
2018,057061,Lazio,Rieti,ROCCANTICA,539,Comune,18.830,-,8.015,16.254,-,0.760,2.756,0.250,0.480,-,-,-,-,1.074,48.420,1.935,31.100,81.455,59.44
2018,057063,Lazio,Rieti,SALISANO,525,Vedi aggregazione: Unione 'Bassa Sabina',-,-,-,-,-,-,-,-,-,-,-,-,-,-,-,-,-,-,-
2018,057064,Lazio,Rieti,SCANDRIGLIA,3052,Comune,-,-,-,-,-,-,-,-,0.100,0.700,-,-,-,-,0.800,-,286.965,287.765,0.28
2018,057065,Lazio,Rieti,SELCI,1086,Comune,44.040,-,91.680,29.655,-,3.966,14.376,-,-,-,-,-,3.640,2.801,190.159,-,47.890,238.049,79.88
2018,057066,Lazio,Rieti,STIMIGLIANO,2242,Vedi aggregazione: Unione 'Bassa Sabina',-,-,-,-,-,-,-,-,-,-,-,-,-,-,-,-,-,-,-
2018,057067,Lazio,Rieti,TARANO,1396,Vedi aggregazione: Unione 'Bassa Sabina',-,-,-,-,-,-,-,-,-,-,-,-,-,-,-,-,-,-,-
2018,057068,Lazio,Rieti,TOFFIA,1028,Vedi aggregazione: Unione dei Comuni della Valle dell'Olio,-,-,-,-,-,-,-,-,-,-,-,-,-,-,-,-,-,-,-
2018,057070,Lazio,Rieti,TORRI IN SABINA,1202,Vedi aggregazione: Unione 'Bassa Sabina',-,-,-,-,-,-,-,-,-,-,-,-,-,-,-,-,-,-,-
2018,057069,Lazio,Rieti,TORRICELLA IN SABINA,1318,Comune,228.272,2.938,42.441,67.813,-,7.392,26.793,10.227,2.160,0.761,-,-,33.398,5.220,427.414,-,170.790,598.204,71.45
2018,057071,Lazio,Rieti,TURANIA,216,Comune,20.950,-,7.692,11.344,-,-,11.933,0.800,-,-,-,-,-,-,52.719,3.420,52.400,108.539,48.57
2018,057072,Lazio,Rieti,VACONE,229,Vedi aggregazione: Unione 'Nova Sabina',-,-,-,-,-,-,-,-,-,-,-,-,-,-,-,-,-,-,-
2018,057073,Lazio,Rieti,VARCO SABINO,172,Comune,-,-,-,8.680,-,-,-,0.580,-,-,-,-,7.280,-,16.540,-,118.060,134.600,12.29
2018,058001,Lazio,Roma,AFFILE,1473,Comune,-,-,19.920,27.097,-,0.787,2.853,-,6.190,0.050,-,-,6.420,1.113,64.430,-,506.430,570.860,11.29
2018,058002,Lazio,Roma,AGOSTA,1713,Comune,211.000,-,45.770,56.260,-,-,-,-,5.018,0.800,-,-,9.060,-,327.908,-,206.920,534.828,61.31
2018,058003,Lazio,Roma,ALBANO LAZIALE,39774,Comune,4174.900,723.460,1758.690,754.708,-,187.778,1640.454,205.601,231.780,21.776,33.520,-,1032.430,185.214,10950.312,-,5601.000,16551.312,66.16
2018,058004,Lazio,Roma,ALLUMIERE,3969,Comune,263.170,42.530,128.220,69.351,56.310,42.129,127.090,32.980,8.960,8.905,60.780,-,51.380,16.660,908.465,-,311.630,1220.095,74.46
2018,058005,Lazio,Roma,ANGUILLARA SABAZIA,19095,Comune,1443.420,1232.260,807.250,757.379,335.030,129.843,481.692,-,91.400,1.600,291.885,-,391.160,34.366,5997.285,-,2910.950,8908.235,67.32
2018,058006,Lazio,Roma,ANTICOLI CORRADO,844,Vedi aggregazione: UNIONE COMUNI MEDANIENE,-,-,-,-,-,-,-,-,-,-,-,-,-,-,-,-,-,-,-
2018,058007,Lazio,Roma,ANZIO,51666,Comune,3477.510,4229.840,1580.220,1880.390,706.560,904.000,1123.450,266.900,71.500,23.377,814.665,-,384.660,6.260,15469.332,-,19129.290,34598.622,44.71
2018,058008,Lazio,Roma,ARCINAZZO ROMANO,1307,Comune,-,27.420,21.580,29.625,19.530,1.110,8.605,24.004,-,0.452,20.130,-,20.500,1.570,174.526,-,677.450,851.976,20.49
2018,058117,Lazio,Roma,ARDEA,48450,Comune,2744.890,2179.065,953.960,1384.489,-,60.309,218.659,89.880,131.910,4.780,-,-,902.780,87.753,8758.475,-,15201.178,23959.653,36.56
2018,058009,Lazio,Roma,ARICCIA,18328,Comune,2581.036,586.130,1001.620,408.610,234.540,92.355,997.564,79.411,75.680,16.947,154.920,-,214.200,92.162,6535.174,-,2300.400,8835.574,73.96
2018,058010,Lazio,Roma,ARSOLI,1475,Vedi aggregazione: UNIONE COMUNI MEDANIENE,-,-,-,-,-,-,-,-,-,-,-,-,-,-,-,-,-,-,-
2018,058011,Lazio,Roma,ARTENA,13842,Comune,1255.620,157.730,73.450,787.490,-,49.003,177.669,32.837,15.600,0.894,2.410,-,106.820,69.288,2728.811,-,1375.500,4104.311,66.49
2018,058012,Lazio,Roma,BELLEGRA,2788,Comune,151.360,-,90.020,-,-,-,75.380,3.200,-,-,-,-,6.040,23.310,349.310,-,519.170,868.480,40.22
2018,058013,Lazio,Roma,BRACCIANO,19022,Comune,1372.740,180.910,656.510,634.310,171.210,22.670,464.190,87.520,-,3.837,87.960,-,-,-,3681.857,70.540,3387.260,7139.657,51.57
2018,058014,Lazio,Roma,CAMERATA NUOVA,439,Vedi aggregazione: UNIONE COMUNI MEDANIENE,-,-,-,-,-,-,-,-,-,-,-,-,-,-,-,-,-,-,-
2018,058015,Lazio,Roma,CAMPAGNANO DI ROMA,11254,Comune,759.170,126.180,390.490,236.088,149.810,104.684,500.314,68.007,9.320,12.536,172.995,-,107.000,52.663,2689.258,-,1334.760,4024.018,66.83
2018,058016,Lazio,Roma,CANALE MONTERANO,4136,Comune,590.860,130.500,162.700,189.800,72.500,42.780,139.300,33.250,6.140,10.224,61.395,-,119.770,2.550,1561.769,-,391.340,1953.109,79.96
2018,058017,Lazio,Roma,CANTERANO,332,Comune,55.060,-,11.480,11.627,-,0.130,12.670,-,-,-,-,-,-,0.183,91.150,-,42.210,133.360,68.35
2018,058018,Lazio,Roma,CAPENA,10650,Comune,1025.530,330.730,639.170,485.380,208.200,65.630,339.638,43.120,4.860,5.530,132.190,-,216.610,2.160,3498.748,-,1587.000,5085.748,68.80
2018,058019,Lazio,Roma,CAPRANICA PRENESTINA,332,Comune,-,-,-,1.055,-,0.163,1.092,-,-,-,-,-,-,0.231,2.540,-,168.820,171.360,1.48
2018,058020,Lazio,Roma,CARPINETO ROMANO,4273,Comune,14.615,-,23.950,29.595,-,4.579,32.610,-,10.610,0.020,-,-,-,6.474,122.453,2.820,1538.058,1663.331,7.36
2018,058021,Lazio,Roma,CASAPE,682,Comune,58.627,-,22.590,23.090,8.990,2.939,19.092,3.628,-,0.395,10.185,-,7.444,-,156.980,-,102.790,259.770,60.43
2018,058022,Lazio,Roma,CASTEL GANDOLFO,8775,Comune,1299.140,259.070,386.860,244.570,-,37.837,421.116,51.897,48.398,7.971,115.250,-,236.620,54.859,3163.587,-,1261.570,4425.157,71.49
2018,058023,Lazio,Roma,CASTEL MADAMA,7213,Comune,798.130,43.180,325.700,302.508,138.120,78.500,213.270,55.695,43.369,14.753,10.710,-,147.160,12.077,2183.172,-,621.260,2804.432,77.85
2018,058025,Lazio,Roma,CASTEL SAN PIETRO ROMANO,852,Comune,91.810,12.368,28.690,33.456,4.661,1.970,22.019,5.354,-,0.512,12.285,-,17.180,-,230.305,-,111.930,342.235,67.29
2018,058024,Lazio,Roma,CASTELNUOVO DI PORTO,8332,Comune,889.960,408.000,358.140,532.318,123.680,74.723,131.114,54.391,20.540,7.860,120.360,-,72.300,53.612,2846.998,-,687.970,3534.968,80.54
2018,058026,Lazio,Roma,CAVE,10745,Comune,1036.360,82.970,418.910,545.312,98.460,58.881,105.402,49.599,29.500,1.383,171.420,-,-,41.105,2639.302,-,1287.400,3926.702,67.21
2018,058027,Lazio,Roma,CERRETO LAZIALE,1087,Vedi aggregazione: UNIONE DEI COMUNI VALLE DEL GIOVENZANO,-,-,-,-,-,-,-,-,-,-,-,-,-,-,-,-,-,-,-
2018,058028,Lazio,Roma,CERVARA DI ROMA,437,Vedi aggregazione: UNIONE COMUNI MEDANIENE,-,-,-,-,-,-,-,-,-,-,-,-,-,-,-,-,-,-,-
2018,058029,Lazio,Roma,CERVETERI,37115,Comune,3069.940,904.900,1451.030,1407.552,-,69.107,1048.113,155.260,220.390,16.200,435.690,15.380,809.080,330.137,9932.780,-,5548.810,15481.590,64.16
2018,058118,Lazio,Roma,CIAMPINO,37883,Comune,3009.020,699.316,2136.600,1527.800,484.920,195.249,300.902,179.345,83.860,44.749,584.445,-,339.720,97.079,9683.005,-,8250.020,17933.025,54.00
2018,058030,Lazio,Roma,CICILIANO,1283,Vedi aggregazione: UNIONE DEI COMUNI VALLE DEL GIOVENZANO,-,-,-,-,-,-,-,-,-,-,-,-,-,-,-,-,-,-,-
2018,058031,Lazio,Roma,CINETO ROMANO,586,Vedi aggregazione: UNIONE COMUNI MEDANIENE,-,-,-,-,-,-,-,-,-,-,-,-,-,-,-,-,-,-,-
2018,058032,Lazio,Roma,CIVITAVECCHIA,51761,Comune,106.840,119.750,933.760,553.861,462.580,59.158,413.221,118.185,81.220,4.230,89.360,-,-,5.370,2947.535,427.860,24935.130,28310.525,10.41
2018,058033,Lazio,Roma,CIVITELLA SAN PAOLO,1959,Comune,115.630,-,57.590,73.440,1.320,0.080,68.990,4.400,0.340,-,-,-,-,-,321.790,6.780,240.857,569.427,56.51
2018,058034,Lazio,Roma,COLLEFERRO,21011,Comune,2110.920,154.660,943.775,1106.536,-,80.674,216.074,133.519,100.210,9.088,319.650,-,327.640,88.986,5591.732,-,3497.760,9089.492,61.52
2018,058035,Lazio,Roma,COLONNA,4202,Comune,371.980,43.940,147.620,123.333,-,1.475,100.487,13.475,20.848,2.427,11.860,-,123.500,2.085,963.030,-,661.080,1624.110,59.30
2018,058036,Lazio,Roma,FIANO ROMANO,15347,Comune,1186.075,36.250,864.350,674.140,257.690,114.684,443.617,64.932,79.630,17.430,188.760,-,311.770,2.730,4242.057,-,3101.050,7343.107,57.77
2018,058037,Lazio,Roma,FILACCIANO,433,Comune,35.305,-,11.060,17.330,-,-,9.950,-,-,-,-,-,1.450,-,75.095,-,29.280,104.375,71.95
2018,058120,Lazio,Roma,FIUMICINO,75455,Comune,11381.980,848.930,3410.014,5059.024,-,293.969,963.200,334.549,-,43.261,762.150,-,1627.780,387.286,25112.143,-,8385.130,33497.273,74.97
2018,058122,Lazio,Roma,FONTE NUOVA,31192,Comune,3676.410,83.120,1167.160,1388.010,-,72.146,282.625,53.672,65.070,13.524,85.770,-,291.400,102.010,7280.917,-,2248.910,9529.827,76.40
2018,058038,Lazio,Roma,FORMELLO,12947,Comune,982.540,567.390,750.792,243.345,307.010,116.117,436.915,89.431,-,8.210,191.450,300.140,241.560,57.451,4292.350,-,1576.160,5868.510,73.14
2018,058039,Lazio,Roma,FRASCATI,22091,Comune,2234.460,566.260,955.190,462.871,207.915,129.219,819.115,87.251,94.274,4.240,-,-,193.410,101.251,5855.456,-,4884.620,10740.076,54.52
2018,058040,Lazio,Roma,GALLICANO NEL LAZIO,6205,Comune,460.640,43.840,193.840,305.703,51.820,20.268,137.422,38.430,30.050,2.125,67.810,-,105.120,4.618,1461.687,-,975.580,2437.267,59.97
2018,058041,Lazio,Roma,GAVIGNANO,1876,Comune,29.126,-,9.434,23.322,-,3.608,29.262,-,-,0.030,-,-,-,5.102,99.884,6.640,356.258,462.782,21.58
2018,058042,Lazio,Roma,GENAZZANO,5779,Comune,445.220,12.610,220.850,122.180,-,37.902,212.492,33.819,24.200,2.570,-,-,109.440,26.726,1248.009,-,884.940,2132.949,58.51
2018,058043,Lazio,Roma,GENZANO DI ROMA,23160,Comune,2957.820,465.010,1066.360,1150.517,346.440,143.984,227.144,144.902,148.035,22.881,355.710,-,243.900,86.695,7359.398,-,3644.720,11004.118,66.88
2018,058044,Lazio,Roma,GERANO,1233,Aggregazione: UNIONE DEI COMUNI VALLE DEL GIOVENZANO,501.380,16.220,173.620,247.114,101.890,33.333,147.601,38.850,-,7.770,18.885,-,98.440,4.742,1389.845,-,597.860,1987.705,69.92
2018,058045,Lazio,Roma,GORGA,710,Comune,12.526,-,3.303,10.006,-,1.548,8.303,-,-,0.020,-,-,1.080,2.189,38.975,-,157.435,196.410,19.84
2018,058046,Lazio,Roma,GROTTAFERRATA,20073,Comune,1918.400,751.700,767.980,350.425,-,54.213,705.257,58.550,59.200,2.310,-,-,306.200,76.654,5050.890,-,3161.200,8212.090,61.51
2018,058047,Lazio,Roma,GUIDONIA MONTECELIO,87073,Comune,8742.700,239.990,3547.810,4045.756,-,229.079,830.560,174.249,172.000,21.567,295.400,-,708.560,330.055,19337.726,-,11946.630,31284.356,61.81
2018,058048,Lazio,Roma,JENNE,343,Comune,-,-,-,0.250,-,-,-,-,-,0.009,-,-,-,-,0.259,5.170,175.100,180.529,0.14
2018,058049,Lazio,Roma,LABICO,6418,Comune,463.680,-,296.570,114.539,-,17.720,211.806,-,50.730,0.150,-,-,119.300,25.055,1299.550,-,853.240,2152.790,60.37
2018,058116,Lazio,Roma,LADISPOLI,39553,Comune,4970.530,1476.470,1727.370,903.202,543.230,275.631,1762.035,197.480,55.250,31.206,369.800,532.130,371.780,197.572,13413.686,-,5302.060,18715.746,71.67
2018,058050,Lazio,Roma,LANUVIO,13268,Comune,1833.421,260.880,501.040,663.665,143.700,77.149,135.301,45.521,1.760,2.529,172.180,-,-,56.291,3893.437,198.510,1603.120,5695.067,68.37
2018,058115,Lazio,Roma,LARIANO,13337,Comune,1612.740,680.520,492.220,667.941,180.000,70.430,181.955,71.650,52.100,3.870,-,-,216.900,65.593,4295.920,-,1623.623,5919.543,72.57
2018,058051,Lazio,Roma,LICENZA,928,Vedi aggregazione: UNIONE COMUNI VALLE USTICA,-,-,-,-,-,-,-,-,-,-,-,-,-,-,-,-,-,-,-
2018,058052,Lazio,Roma,MAGLIANO ROMANO,1445,Comune,87.591,-,40.423,60.790,-,5.130,29.239,-,4.630,-,-,-,27.080,0.040,254.923,-,117.520,372.443,68.45
2018,058053,Lazio,Roma,MANDELA,897,Vedi aggregazione: UNIONE COMUNI VALLE USTICA,-,-,-,-,-,-,-,-,-,-,-,-,-,-,-,-,-,-,-
2018,058054,Lazio,Roma,MANZIANA,7693,Comune,587.570,482.380,390.780,341.350,316.400,324.850,341.100,46.614,20.110,7.347,116.295,-,72.810,-,3047.606,-,955.730,4003.336,76.13
2018,058055,Lazio,Roma,MARANO EQUO,777,Vedi aggregazione: UNIONE COMUNI MEDANIENE,-,-,-,-,-,-,-,-,-,-,-,-,-,-,-,-,-,-,-
2018,058056,Lazio,Roma,MARCELLINA,6963,Comune,659.580,55.920,373.660,396.777,176.860,40.806,206.013,28.470,65.410,7.022,107.325,-,-,6.505,2124.347,158.620,730.830,3013.797,70.49
2018,058057,Lazio,Roma,MARINO,44210,Comune,1067.450,840.960,1042.070,986.356,-,131.613,348.761,86.956,71.520,4.385,13.040,-,1203.380,136.011,5932.501,-,17179.200,23111.701,25.67
2018,058058,Lazio,Roma,MAZZANO ROMANO,3023,Comune,171.589,8.680,85.177,121.050,-,-,73.396,-,-,-,-,-,73.760,0.110,533.762,-,271.400,805.162,66.29
2018,058059,Lazio,Roma,MENTANA,23308,Comune,2296.940,176.390,662.690,961.248,-,85.226,200.956,96.102,-,13.135,154.860,-,389.290,79.060,5115.897,-,1917.880,7033.777,72.73
2018,058064,Lazio,Roma,MONTE PORZIO CATONE,8608,Comune,510.930,173.100,206.580,250.730,72.210,39.000,129.370,20.360,-,2.590,-,-,-,77.520,1482.390,-,1770.840,3253.230,45.57
2018,058060,Lazio,Roma,MONTECOMPATRI,11886,Comune,1212.400,-,426.400,487.865,-,25.144,91.162,2.457,16.790,1.981,14.730,-,126.370,35.822,2441.120,-,2142.500,4583.620,53.26
2018,058061,Lazio,Roma,MONTEFLAVIO,1252,Comune,162.433,1.237,41.150,44.256,10.390,1.788,42.070,6.766,3.290,0.898,10.657,-,9.816,0.260,335.011,-,127.955,462.966,72.36
2018,058062,Lazio,Roma,MONTELANICO,2087,Comune,59.120,-,37.720,-,-,-,-,4.490,2.770,0.070,-,-,17.730,-,121.900,-,287.500,409.400,29.78
2018,058063,Lazio,Roma,MONTELIBRETTI,5226,Comune,379.700,11.620,219.920,170.050,-,-,134.720,-,-,2.611,18.400,-,148.300,2.470,1087.791,-,765.630,1853.421,58.69
2018,058065,Lazio,Roma,MONTEROTONDO,40649,Comune,1477.800,95.130,1100.800,908.914,328.440,82.579,250.191,123.361,112.948,10.701,33.860,-,359.380,58.676,4942.780,-,15777.245,20720.025,23.86
2018,058066,Lazio,Roma,MONTORIO ROMANO,1929,Comune,208.272,0.775,58.410,63.129,15.075,2.030,60.260,9.887,3.330,0.372,15.469,-,13.685,0.380,451.074,-,185.583,636.657,70.85
2018,058067,Lazio,Roma,MORICONE,2490,Comune,353.155,4.424,76.940,89.328,19.095,2.742,79.770,13.470,7.507,0.345,17.372,-,23.976,0.790,688.914,-,256.849,945.763,72.84
2018,058068,Lazio,Roma,MORLUPO,8261,Comune,738.500,131.080,386.170,322.589,123.420,39.339,267.734,45.840,35.340,6.945,130.200,-,-,2.657,2229.815,155.960,647.100,3032.875,73.52
2018,058069,Lazio,Roma,NAZZANO,1373,Comune,85.780,-,52.535,80.130,1.810,0.500,9.780,4.200,-,0.400,-,-,-,0.270,235.405,10.120,240.780,486.305,48.41
2018,058070,Lazio,Roma,NEMI,1888,Comune,-,-,5.930,14.920,-,2.308,12.689,-,-,-,-,-,-,3.264,39.110,-,1652.400,1691.510,2.31
2018,058071,Lazio,Roma,NEROLA,1929,Comune,179.559,1.724,55.790,63.600,14.482,1.961,59.080,11.707,2.850,0.235,19.312,-,13.567,0.935,424.802,-,161.532,586.334,72.45
2018,058072,Lazio,Roma,NETTUNO,47895,Comune,3385.000,2579.300,1591.837,2176.053,375.830,164.706,523.892,104.712,-,5.166,459.004,-,197.280,192.678,11755.459,-,11993.660,23749.119,49.50
2018,058073,Lazio,Roma,OLEVANO ROMANO,6589,Comune,478.320,-,177.726,121.859,-,35.382,249.352,50.471,18.740,2.324,54.260,-,111.560,26.656,1326.651,-,1050.240,2376.891,55.82
2018,058074,Lazio,Roma,PALESTRINA,22070,Comune,2129.069,304.733,1057.800,824.403,121.749,46.538,537.623,101.236,12.970,16.774,295.000,-,292.280,-,5740.175,-,2944.185,8684.360,66.10
2018,058075,Lazio,Roma,PALOMBARA SABINA,12770,Comune,877.860,-,422.050,437.190,-,3.725,386.257,17.560,22.240,0.710,-,-,59.380,5.267,2232.240,-,1444.660,3676.900,60.71
2018,058076,Lazio,Roma,PERCILE,214,Vedi aggregazione: UNIONE COMUNI VALLE USTICA,-,-,-,-,-,-,-,-,-,-,-,-,-,-,-,-,-,-,-
2018,058077,Lazio,Roma,PISONIANO,748,Vedi aggregazione: UNIONE DEI COMUNI VALLE DEL GIOVENZANO,-,-,-,-,-,-,-,-,-,-,-,-,-,-,-,-,-,-,-
2018,058078,Lazio,Roma,POLI,2273,Comune,176.352,-,69.730,72.548,-,4.931,60.588,11.828,5.780,0.200,36.089,-,22.020,-,460.066,-,325.895,785.961,58.54
2018,058079,Lazio,Roma,POMEZIA,61227,Comune,6840.690,1566.480,3198.600,3568.772,443.800,419.092,679.415,339.783,287.685,80.724,956.880,-,2182.100,281.261,20845.282,-,12961.360,33806.642,61.66
2018,058080,Lazio,Roma,PONZANO ROMANO,1124,Comune,76.180,-,33.590,47.380,0.600,-,42.100,1.940,0.120,-,-,-,5.040,-,206.950,14.500,76.586,298.036,69.44
2018,058081,Lazio,Roma,RIANO,10374,Comune,726.820,271.740,267.260,330.931,-,6.699,267.898,16.250,25.050,1.320,1.500,-,140.860,9.572,2065.900,-,1293.790,3359.690,61.49
2018,058082,Lazio,Roma,RIGNANO FLAMINIO,10112,Comune,833.050,200.126,237.100,383.960,-,-,219.230,56.829,49.360,6.370,66.280,-,194.630,1.280,2248.215,-,1322.330,3570.545,62.97
2018,058083,Lazio,Roma,RIOFREDDO,737,Vedi aggregazione: UNIONE COMUNI MEDANIENE,-,-,-,-,-,-,-,-,-,-,-,-,-,-,-,-,-,-,-
2018,058084,Lazio,Roma,ROCCA CANTERANO,178,Vedi aggregazione: UNIONE DEI COMUNI VALLE DEL GIOVENZANO,-,-,-,-,-,-,-,-,-,-,-,-,-,-,-,-,-,-,-
2018,058085,Lazio,Roma,ROCCA DI CAVE,358,Comune,-,-,-,-,-,-,-,-,-,-,-,-,-,-,-,-,188.220,188.220,-
2018,058086,Lazio,Roma,ROCCA DI PAPA,16871,Comune,1378.390,601.700,590.720,323.404,211.920,120.133,709.341,74.238,29.610,17.942,259.275,-,194.380,77.783,4588.835,-,2493.700,7082.535,64.79
2018,058088,Lazio,Roma,ROCCA PRIORA,11816,Comune,1071.840,303.230,402.300,504.038,31.100,24.552,92.176,8.684,62.820,1.310,113.090,-,232.290,35.515,2882.944,-,1405.460,4288.404,67.23
2018,058089,Lazio,Roma,ROCCA SANTO STEFANO,940,Comune,87.510,-,25.920,35.625,-,0.449,24.310,-,-,-,-,-,8.230,0.636,182.680,-,60.950,243.630,74.98
2018,058087,Lazio,Roma,ROCCAGIOVINE,253,Vedi aggregazione: UNIONE COMUNI VALLE USTICA,-,-,-,-,-,-,-,-,-,-,-,-,-,-,-,-,-,-,-
2018,058090,Lazio,Roma,ROIATE,684,Comune,31.190,-,20.680,33.476,-,1.726,6.258,-,0.340,0.067,-,-,16.020,2.440,112.197,-,41.950,154.147,72.79
2018,058091,Lazio,Roma,ROMA,2820219,Comune,179771.640,78713.830,245542.211,110267.894,20496.590,9108.346,27584.323,7753.249,4772.200,1212.587,19197.068,13201.510,27370.000,10189.309,755180.757,163.240,973084.927,1728428.924,43.69
2018,058092,Lazio,Roma,ROVIANO,1325,Aggregazione: UNIONE COMUNI MEDANIENE,301.720,-,157.970,255.940,-,-,127.840,46.910,-,0.040,34.610,-,-,1.640,926.670,123.220,1197.620,2247.510,41.23
2018,058093,Lazio,Roma,SACROFANO,7386,Comune,588.962,134.560,204.870,284.070,61.870,70.570,162.624,23.852,48.290,6.762,51.780,-,61.230,2.150,1701.590,-,723.548,2425.138,70.17
2018,058094,Lazio,Roma,SAMBUCI,859,Vedi aggregazione: UNIONE DEI COMUNI VALLE DEL GIOVENZANO,-,-,-,-,-,-,-,-,-,-,-,-,-,-,-,-,-,-,-
2018,058119,Lazio,Roma,SAN CESAREO,15628,Comune,1387.020,393.740,820.780,780.263,216.460,255.479,763.330,160.910,39.810,45.272,237.015,-,229.520,77.229,5406.828,-,2924.490,8331.318,64.90
2018,058095,Lazio,Roma,SAN GREGORIO DA SASSOLA,1466,Comune,130.740,-,29.340,31.000,-,-,32.980,1.480,-,-,-,-,13.170,-,238.710,-,178.685,417.395,57.19
2018,058096,Lazio,Roma,SAN POLO DEI CAVALIERI,2794,Comune,372.090,-,94.060,130.500,-,-,84.657,-,6.700,-,-,-,6.040,-,694.047,-,267.680,961.727,72.17
2018,058100,Lazio,Roma,SAN VITO ROMANO,3231,Comune,326.840,-,118.530,37.930,-,5.868,95.995,5.205,16.560,0.674,50.085,-,73.090,8.297,739.074,-,458.160,1197.234,61.73
2018,058098,Lazio,Roma,SANT'ANGELO ROMANO,4843,Comune,-,-,66.890,131.167,-,6.680,24.218,-,6.120,-,-,-,-,9.445,244.520,49.480,1086.260,1380.260,17.72
2018,058099,Lazio,Roma,SANT'ORESTE,3601,Comune,292.790,35.080,132.000,159.720,-,-,137.110,13.185,4.975,0.030,-,-,-,-,774.890,51.170,339.560,1165.620,66.48
2018,058097,Lazio,Roma,SANTA MARINELLA,18139,Comune,1204.120,282.280,596.770,375.100,262.350,188.950,447.650,94.040,106.750,0.625,195.780,-,176.320,-,3930.735,-,7235.940,11166.675,35.20
2018,058101,Lazio,Roma,SARACINESCO,177,Vedi aggregazione: UNIONE DEI COMUNI VALLE DEL GIOVENZANO,-,-,-,-,-,-,-,-,-,-,-,-,-,-,-,-,-,-,-
2018,058102,Lazio,Roma,SEGNI,9143,Comune,48.033,-,34.559,51.170,-,7.916,68.422,-,24.510,0.051,-,-,-,11.193,245.855,18.380,3972.975,4237.210,5.80
2018,058103,Lazio,Roma,SUBIACO,8753,Comune,1109.960,18.620,350.850,325.336,75.730,49.495,265.078,41.730,24.790,0.859,16.320,-,133.350,11.679,2423.797,-,1236.680,3660.477,66.22
2018,058104,Lazio,Roma,TIVOLI,54326,Comune,5971.760,537.440,2611.610,2810.760,1089.140,289.761,700.319,304.084,363.386,37.625,682.400,-,588.980,217.000,16204.265,-,8137.960,24342.225,66.57
2018,058105,Lazio,Roma,TOLFA,4998,Comune,544.920,55.650,187.290,187.800,56.240,16.160,139.830,30.300,10.620,4.100,74.730,-,63.830,-,1371.470,-,471.160,1842.630,74.43
2018,058106,Lazio,Roma,TORRITA TIBERINA,1057,Comune,63.680,-,28.640,48.790,0.900,0.060,35.400,2.980,0.300,-,-,-,-,-,180.750,5.480,185.917,372.147,48.57
2018,058107,Lazio,Roma,TREVIGNANO ROMANO,5653,Comune,683.560,269.560,350.650,310.610,99.690,92.610,210.250,53.756,7.980,4.655,85.470,-,-,1.040,2169.831,-,950.100,3119.931,69.55
2018,058108,Lazio,Roma,VALLEPIETRA,256,Comune,7.220,-,10.080,18.970,-,-,8.120,-,-,-,-,-,0.760,-,45.150,-,85.920,131.070,34.45
2018,058109,Lazio,Roma,VALLINFREDA,296,Comune,-,-,-,88.238,-,10.925,39.610,1.860,1.143,-,-,-,-,15.447,157.223,-,30.140,187.363,83.91
2018,058110,Lazio,Roma,VALMONTONE,15209,Comune,1599.740,298.930,717.060,337.965,96.485,80.545,675.518,78.519,-,10.105,142.260,-,219.240,73.928,4330.296,-,2551.780,6882.076,62.92
2018,058111,Lazio,Roma,VELLETRI,52866,Comune,6114.220,1554.060,1851.900,985.616,740.380,262.681,2296.963,318.318,-,24.332,314.000,-,1626.060,229.120,16317.650,-,5906.190,22223.840,73.42
2018,058112,Lazio,Roma,VICOVARO,3815,Aggregazione: UNIONE COMUNI VALLE USTICA,399.510,5.060,183.320,290.007,12.180,21.421,72.888,37.790,13.700,1.680,-,-,111.480,17.134,1166.170,-,868.000,2034.170,57.33
2018,058113,Lazio,Roma,VIVARO ROMANO,156,Vedi aggregazione: UNIONE COMUNI MEDANIENE,-,-,-,-,-,-,-,-,-,-,-,-,-,-,-,-,-,-,-
2018,058114,Lazio,Roma,ZAGAROLO,17713,Comune,1347.620,280.780,505.960,575.604,144.810,46.627,329.394,74.404,50.100,23.156,139.960,-,232.970,10.855,3762.240,-,2610.760,6373.000,59.03
2018,056001,Lazio,Viterbo,ACQUAPENDENTE,5397,Comune,216.780,17.880,315.380,-,63.800,42.780,-,22.830,-,1.144,-,-,90.150,-,770.744,-,641.440,1412.184,54.58
2018,056002,Lazio,Viterbo,ARLENA DI CASTRO,854,Comune,-,-,-,-,-,-,-,-,-,-,-,-,-,-,-,-,305.560,305.560,-
2018,056003,Lazio,Viterbo,BAGNOREGIO,3535,Comune,227.830,199.830,407.644,378.543,166.753,45.210,239.650,19.096,8.160,1.220,-,-,74.680,48.450,1817.066,-,561.460,2378.526,76.40
2018,056004,Lazio,Viterbo,BARBARANO ROMANO,1048,Comune,35.340,11.170,40.290,44.050,19.120,4.740,30.360,23.210,5.470,0.580,-,-,7.080,-,221.410,-,252.160,473.570,46.75
2018,056006,Lazio,Viterbo,BASSANO IN TEVERINA,1244,Comune,85.510,0.560,38.020,48.270,-,2.639,30.590,-,-,-,-,-,-,0.619,206.208,19.330,127.080,352.618,58.48
2018,056005,Lazio,Viterbo,BASSANO ROMANO,4667,Comune,387.980,-,158.440,115.380,-,18.580,151.610,29.215,-,0.912,71.865,-,152.040,-,1086.022,-,712.740,1798.762,60.38
2018,056007,Lazio,Viterbo,BLERA,3095,Comune,235.170,7.900,101.745,93.610,32.690,14.300,94.695,21.150,-,0.735,10.970,-,50.660,4.940,668.565,-,368.800,1037.365,64.45
2018,056008,Lazio,Viterbo,BOLSENA,3882,Comune,202.340,78.320,209.220,208.500,77.980,24.970,155.900,42.465,9.980,1.053,58.755,-,50.360,-,1119.843,-,1507.960,2627.803,42.62
2018,056009,Lazio,Viterbo,BOMARZO,1738,Comune,149.700,0.770,57.890,67.690,-,2.497,49.340,-,4.300,-,-,-,27.300,0.793,360.280,-,175.030,535.310,67.30
2018,056010,Lazio,Viterbo,CALCATA,899,Comune,63.680,-,39.310,60.750,-,-,28.654,-,-,0.050,-,-,26.070,-,218.514,-,79.320,297.834,73.37
2018,056011,Lazio,Viterbo,CANEPINA,2971,Comune,305.728,-,122.410,37.660,-,8.800,24.870,-,-,2.720,-,-,21.420,-,523.608,-,306.640,830.248,63.07
2018,056012,Lazio,Viterbo,CANINO,5265,Comune,433.900,2.480,187.360,162.740,41.860,6.770,130.660,21.405,8.320,0.658,-,-,17.020,11.060,1024.233,-,874.480,1898.713,53.94
2018,056013,Lazio,Viterbo,CAPODIMONTE,1674,Comune,-,56.170,36.867,28.984,-,10.638,15.939,8.265,5.860,0.141,-,-,70.600,0.759,234.223,-,1202.280,1436.503,16.31
2018,056014,Lazio,Viterbo,CAPRANICA,6532,Comune,710.221,223.710,327.727,383.778,6.230,25.461,78.305,-,11.399,1.589,-,-,11.910,30.512,1810.842,-,470.770,2281.612,79.37
2018,056015,Lazio,Viterbo,CAPRAROLA,5296,Comune,323.066,166.154,199.905,129.788,98.670,63.730,149.344,58.755,11.965,23.435,-,-,128.900,-,1353.712,-,1002.910,2356.622,57.44
2018,056016,Lazio,Viterbo,CARBOGNANO,1940,Comune,164.620,1.140,74.330,80.930,-,1.270,60.980,-,6.380,0.352,-,-,28.230,-,418.232,-,175.620,593.852,70.43
2018,056017,Lazio,Viterbo,CASTEL SANT'ELIA,2521,Comune,176.000,46.520,83.360,117.680,19.480,-,88.340,11.180,-,-,-,-,23.650,-,566.210,53.150,345.160,964.520,58.70
2018,056018,Lazio,Viterbo,CASTIGLIONE IN TEVERINA,2302,Comune,134.260,-,100.260,141.037,-,21.690,86.528,13.700,-,2.760,17.960,-,-,51.565,569.760,17.040,134.460,721.260,79.00
2018,056019,Lazio,Viterbo,CELLENO,1299,Comune,138.840,1.400,43.871,51.535,0.340,0.200,38.088,-,-,0.300,-,-,11.040,17.006,302.620,-,130.280,432.900,69.91
2018,056020,Lazio,Viterbo,CELLERE,1139,Comune,-,-,9.410,-,-,3.020,-,4.780,-,0.164,-,-,-,-,17.374,33.740,353.080,404.194,4.30
2018,056021,Lazio,Viterbo,CIVITA CASTELLANA,15735,Comune,923.800,32.880,1120.426,533.670,162.140,-,602.140,-,-,-,18.200,-,117.060,3.360,3513.676,-,1551.020,5064.696,69.38
2018,056022,Lazio,Viterbo,CIVITELLA D'AGLIANO,1557,Comune,164.510,-,60.120,27.601,-,18.870,21.132,20.045,4.200,1.915,-,-,8.980,-,327.372,-,216.140,543.512,60.23
2018,056023,Lazio,Viterbo,CORCHIANO,3631,Comune,268.150,9.060,143.740,74.887,45.240,24.118,182.027,27.555,0.600,2.437,10.640,-,43.810,16.368,848.632,-,219.260,1067.892,79.47
2018,056024,Lazio,Viterbo,FABRICA DI ROMA,8179,Comune,586.660,176.640,319.570,328.150,73.000,17.190,284.920,-,-,0.210,-,-,89.980,-,1876.320,-,588.300,2464.620,76.13
2018,056025,Lazio,Viterbo,FALERIA,2098,Comune,217.760,9.720,58.640,104.545,28.840,26.373,16.977,9.380,-,0.580,-,-,22.660,6.615,502.090,-,203.800,705.890,71.13
2018,056026,Lazio,Viterbo,FARNESE,1454,Comune,81.750,-,51.191,67.208,-,17.292,17.371,3.275,4.460,0.473,21.990,-,-,6.769,271.779,32.810,312.440,617.029,44.05
2018,056027,Lazio,Viterbo,GALLESE,2760,Comune,159.490,25.780,92.570,84.407,22.160,10.940,73.650,14.005,11.340,3.230,42.240,-,34.870,10.753,585.435,-,267.950,853.385,68.60
2018,056028,Lazio,Viterbo,GRADOLI,1311,Comune,122.840,3.400,61.740,73.800,-,0.260,43.130,21.900,3.860,0.173,19.845,-,46.460,-,397.408,-,159.360,556.768,71.38
2018,056029,Lazio,Viterbo,GRAFFIGNANO,2226,Comune,179.360,0.900,67.714,67.873,0.280,0.780,55.996,-,-,0.127,-,-,-,24.407,397.437,11.320,188.140,596.897,66.58
2018,056030,Lazio,Viterbo,GROTTE DI CASTRO,2572,Comune,121.860,10.940,199.650,45.470,-,28.410,35.700,14.650,5.880,1.070,-,-,57.590,-,521.220,-,331.170,852.390,61.15
2018,056031,Lazio,Viterbo,ISCHIA DI CASTRO,2235,Comune,-,4.440,57.880,-,40.460,14.540,8.160,21.330,-,4.394,-,-,-,-,151.204,11.880,484.280,647.364,23.36
2018,056032,Lazio,Viterbo,LATERA,809,Comune,36.040,-,27.280,-,-,-,-,4.210,-,0.077,-,-,-,-,67.607,28.760,106.420,202.787,33.34
2018,056033,Lazio,Viterbo,LUBRIANO,891,Comune,62.410,-,43.590,49.460,-,-,26.260,-,3.560,0.950,-,-,-,1.200,187.430,25.460,134.540,347.430,53.95
2018,056034,Lazio,Viterbo,MARTA,3358,Comune,208.470,40.320,131.870,208.220,48.640,45.651,50.115,19.963,6.580,1.370,-,-,42.640,14.818,818.657,-,749.130,1567.787,52.22
2018,056035,Lazio,Viterbo,MONTALTO DI CASTRO,8788,Comune,378.890,537.160,262.330,276.520,131.540,19.690,158.940,81.910,12.700,1.592,134.475,-,89.790,100.800,2186.337,-,5026.470,7212.807,30.31
2018,056037,Lazio,Viterbo,MONTE ROMANO,1972,Comune,-,-,20.018,4.870,25.720,-,-,6.660,-,-,29.490,-,-,10.118,96.876,3.320,785.880,886.076,10.93
2018,056036,Lazio,Viterbo,MONTEFIASCONE,13186,Comune,1719.350,347.200,744.589,801.639,179.890,104.475,191.280,116.990,38.940,13.698,200.805,-,126.760,71.251,4656.867,-,1661.420,6318.287,73.71
2018,056038,Lazio,Viterbo,MONTEROSI,4485,Comune,292.520,235.100,123.060,185.330,125.720,13.500,106.790,30.510,-,-,-,-,146.170,-,1258.700,-,496.880,1755.580,71.70
2018,056039,Lazio,Viterbo,NEPI,8959,Comune,880.000,750.000,436.000,365.000,173.000,176.000,355.000,77.270,185.000,31.700,-,-,-,-,3428.970,-,1681.920,5110.890,67.09
2018,056040,Lazio,Viterbo,ONANO,980,Comune,86.440,-,29.460,65.530,0.300,0.060,26.700,-,-,0.105,-,-,12.970,-,221.565,-,107.620,329.185,67.31
2018,056041,Lazio,Viterbo,ORIOLO ROMANO,3707,Comune,353.222,105.800,147.680,129.870,70.000,39.010,170.030,27.380,7.320,1.996,50.040,-,51.900,-,1154.248,-,316.840,1471.088,78.46
2018,056042,Lazio,Viterbo,ORTE,9232,Comune,507.380,-,412.460,275.527,85.540,18.297,6.769,58.973,-,2.000,-,-,49.340,2.637,1418.923,-,2410.160,3829.083,37.06
2018,056043,Lazio,Viterbo,PIANSANO,1974,Comune,188.420,4.160,87.670,48.040,39.320,20.804,43.490,22.380,-,0.806,-,-,26.620,9.486,491.196,-,157.760,648.956,75.69
2018,056044,Lazio,Viterbo,PROCENO,559,Comune,24.840,-,36.570,43.439,-,0.260,31.739,-,-,0.107,-,-,2.590,6.692,146.237,-,49.140,195.377,74.85
2018,056045,Lazio,Viterbo,RONCIGLIONE,8364,Comune,717.635,118.770,605.161,1001.091,102.800,26.670,475.392,39.675,14.620,1.861,-,-,42.080,124.656,3270.411,-,1213.870,4484.281,72.93
2018,056047,Lazio,Viterbo,SAN LORENZO NUOVO,2065,Comune,186.330,39.270,95.430,90.410,0.520,10.650,63.890,-,-,0.770,-,-,24.590,-,511.860,-,273.960,785.820,65.14
2018,056048,Lazio,Viterbo,SORIANO NEL CIMINO,8092,Comune,-,405.792,336.140,-,-,18.810,253.150,106.160,12.460,23.154,-,-,263.140,12.300,1431.106,-,1248.120,2679.226,53.42
2018,056049,Lazio,Viterbo,SUTRI,6545,Comune,-,-,30.570,40.742,79.680,9.652,31.571,23.780,-,0.440,-,-,136.750,3.605,356.790,-,3132.920,3489.710,10.22
2018,056050,Lazio,Viterbo,TARQUINIA,16169,Comune,769.770,556.200,573.580,333.920,298.350,146.520,303.360,102.530,50.690,10.110,274.400,-,142.080,6.320,3567.830,-,6810.240,10378.070,34.38
2018,056051,Lazio,Viterbo,TESSENNANO,313,Comune,-,-,-,-,-,-,-,-,-,-,-,-,-,-,-,-,124.920,124.920,-
2018,056052,Lazio,Viterbo,TUSCANIA,8270,Comune,-,22.400,99.360,128.640,138.260,32.459,50.210,30.705,11.600,0.180,52.800,-,38.100,2.521,607.235,-,3718.550,4325.785,14.04
2018,056053,Lazio,Viterbo,VALENTANO,2822,Comune,252.500,84.400,156.740,116.830,0.060,8.740,65.940,20.830,4.780,0.150,-,-,73.690,-,784.660,-,338.510,1123.170,69.86
2018,056054,Lazio,Viterbo,VALLERANO,2509,Comune,254.490,28.270,86.440,104.750,22.980,7.890,72.870,14.242,-,1.605,15.800,-,11.650,0.495,621.482,-,273.570,895.052,69.44
2018,056055,Lazio,Viterbo,VASANELLO,3946,Comune,334.080,40.550,130.090,150.650,29.850,5.460,100.030,10.835,9.000,2.745,22.710,-,16.770,0.705,853.475,-,349.850,1203.325,70.93
2018,056056,Lazio,Viterbo,VEJANO,2201,Comune,149.720,11.670,47.920,77.380,17.350,11.240,2.010,12.470,8.080,3.200,-,-,-,3.430,344.470,17.970,217.280,579.720,59.42
2018,056057,Lazio,Viterbo,VETRALLA,13609,Comune,-,52.780,453.988,239.650,75.721,46.540,180.790,58.895,16.080,11.080,78.440,-,69.480,-,1283.444,-,5872.010,7155.454,17.94
2018,056058,Lazio,Viterbo,VIGNANELLO,4462,Comune,350.860,43.960,134.350,163.220,35.840,12.250,112.250,22.135,8.470,2.470,24.590,-,18.160,31.070,959.625,-,614.730,1574.355,60.95
2018,056046,Lazio,Viterbo,VILLA SAN GIOVANNI IN TUSCIA,1256,Comune,-,-,28.020,24.780,24.840,2.500,20.380,6.472,-,0.980,-,-,-,-,107.972,10.400,152.220,270.592,39.90
2018,056059,Lazio,Viterbo,VITERBO,65985,Comune,5369.569,156.380,3665.788,3398.013,278.420,237.392,653.881,219.315,223.600,6.624,-,-,402.350,307.574,14918.906,-,12581.370,27500.276,54.25
2018,056060,Lazio,Viterbo,VITORCHIANO,5197,Comune,375.320,19.930,169.130,141.335,12.680,-,160.510,-,-,0.600,-,-,68.620,18.005,966.130,-,660.830,1626.960,59.38
2019,060001,Lazio,Frosinone,ACQUAFONDATA,264,Aggregazione: Unione Comuni 'Val Comino',-,-,178.990,89.010,21.880,4.910,76.500,4.570,6.510,0.070,-,-,0.710,3.790,386.940,38.160,1789.920,2215.020,17.47
2019,060002,Lazio,Frosinone,ACUTO,1871,Comune,176.860,-,62.076,48.134,-,6.984,77.244,15.070,3.500,0.711,-,-,9.290,9.864,409.733,-,210.780,620.513,66.03
2019,060003,Lazio,Frosinone,ALATRI,27651,Comune,3299.660,280.150,1285.983,1727.340,-,96.465,422.605,151.178,61.448,14.590,65.700,70.200,642.520,140.510,8258.349,-,3142.460,11400.809,72.44
2019,060004,Lazio,Frosinone,ALVITO,2558,Comune,-,-,63.960,154.378,8.250,8.765,24.891,3.880,-,0.030,-,-,-,9.807,273.960,9.452,316.960,600.372,45.63
2019,060005,Lazio,Frosinone,AMASENO,4252,Comune,177.240,-,297.771,198.260,-,14.717,38.060,10.720,-,-,-,-,11.460,19.323,767.551,-,861.380,1628.931,47.12
2019,060006,Lazio,Frosinone,ANAGNI,21071,Comune,2027.860,17.490,857.977,1280.372,-,78.925,286.743,44.940,28.260,0.420,-,92.110,202.600,111.720,5029.417,-,2352.440,7381.857,68.13
2019,060007,Lazio,Frosinone,AQUINO,5062,Comune,490.260,52.060,161.180,147.320,-,-,-,-,4.460,0.360,-,-,79.020,-,934.660,-,636.300,1570.960,59.50
2019,060008,Lazio,Frosinone,ARCE,5492,Comune,297.920,2.300,179.620,319.316,-,13.629,49.405,37.449,16.867,0.627,23.740,2.400,95.350,19.251,1057.873,-,973.180,2031.053,52.09
2019,060009,Lazio,Frosinone,ARNARA,2254,Comune,7.580,-,6.220,18.385,-,0.917,3.323,6.480,-,-,-,-,-,3.995,46.900,13.210,447.980,508.090,9.23
2019,060010,Lazio,Frosinone,ARPINO,6943,Comune,509.220,-,178.700,383.869,-,21.831,79.135,16.396,12.950,-,-,-,-,30.835,1232.936,29.280,718.040,1980.256,62.26
2019,060011,Lazio,Frosinone,ATINA,4191,Comune,160.560,-,242.460,320.149,1.870,13.606,49.750,5.280,0.020,0.240,-,-,-,19.165,813.100,7.470,791.680,1612.250,50.43
2019,060012,Lazio,Frosinone,AUSONIA,2503,Comune,149.800,-,86.180,128.150,1.320,7.011,25.416,4.740,4.410,0.830,-,-,29.380,9.903,447.140,-,232.760,679.900,65.77
2019,060013,Lazio,Frosinone,BELMONTE CASTELLO,694,Vedi aggregazione: Unione Comuni 'Val Comino',-,-,-,-,-,-,-,-,-,-,-,-,-,-,-,-,-,-,-
2019,060014,Lazio,Frosinone,BOVILLE ERNICA,8457,Comune,341.940,-,156.250,379.317,-,20.597,74.663,22.080,-,0.491,35.200,-,-,31.233,1061.771,43.820,1265.400,2370.991,44.78
2019,060015,Lazio,Frosinone,BROCCOSTELLA,2725,Comune,25.620,-,67.050,161.342,1.370,8.280,29.360,1.390,5.830,-,-,-,4.890,11.439,316.570,-,765.640,1082.210,29.25
2019,060016,Lazio,Frosinone,CAMPOLI APPENNINO,1649,Comune,-,-,21.480,75.386,1.980,3.204,11.615,3.350,4.480,-,15.280,-,10.990,4.525,152.290,-,259.080,411.370,37.02
2019,060017,Lazio,Frosinone,CASALATTICO,504,Comune,-,-,10.510,32.678,-,1.213,4.396,2.050,-,-,-,-,3.080,1.923,55.850,-,52.640,108.490,51.48
2019,060018,Lazio,Frosinone,CASALVIERI,2523,Comune,-,-,76.200,149.105,4.590,8.546,28.591,10.740,-,0.350,-,-,1.000,12.288,291.410,10.820,400.760,702.990,41.45
2019,060019,Lazio,Frosinone,CASSINO,36201,Comune,2772.610,214.750,3077.114,2143.546,95.090,22.700,1.600,68.212,55.120,4.420,544.245,463.310,541.098,0.220,10004.035,-,6855.960,16859.995,59.34
2019,060020,Lazio,Frosinone,CASTELLIRI,3306,Comune,287.680,0.590,136.240,211.732,-,12.643,45.829,8.395,-,0.426,-,-,9.380,17.856,730.771,-,268.810,999.581,73.11
2019,060021,Lazio,Frosinone,CASTELNUOVO PARANO,865,Comune,-,-,7.880,8.340,-,-,-,-,-,-,-,-,-,-,16.220,-,389.600,405.820,4.00
2019,060023,Lazio,Frosinone,CASTRO DEI VOLSCI,4606,Comune,274.620,-,146.780,267.372,-,13.896,50.373,64.520,6.160,14.138,-,-,14.860,19.649,872.368,-,426.160,1298.528,67.18
2019,060022,Lazio,Frosinone,CASTROCIELO,3874,Comune,-,-,152.385,241.727,-,17.857,54.363,7.290,-,-,-,-,20.610,21.183,515.415,-,799.510,1314.925,39.20
2019,060024,Lazio,Frosinone,CECCANO,22494,Comune,1916.320,96.950,954.380,1731.215,75.120,153.184,-,92.012,47.280,1.320,111.000,12.900,167.150,127.141,5485.972,-,2189.060,7675.032,71.48
2019,060025,Lazio,Frosinone,CEPRANO,8453,Comune,941.420,7.750,354.630,535.942,9.260,30.809,111.682,40.085,34.160,0.100,0.760,83.180,187.100,69.937,2406.815,-,785.080,3191.895,75.40
2019,060026,Lazio,Frosinone,CERVARO,7897,Comune,151.441,-,125.486,305.505,-,15.694,56.893,4.120,-,0.390,-,-,-,22.167,681.697,9.608,1135.180,1826.485,37.32
2019,060027,Lazio,Frosinone,COLFELICE,1830,Comune,-,-,45.930,98.993,-,5.286,19.163,-,3.550,0.080,-,-,14.810,7.467,195.280,-,349.920,545.200,35.82
2019,060029,Lazio,Frosinone,COLLE SAN MAGNO,656,Comune,94.420,-,14.340,29.647,-,1.443,5.231,-,2.290,-,-,-,3.240,2.039,152.650,-,41.700,194.350,78.54
2019,060028,Lazio,Frosinone,COLLEPARDO,912,Comune,136.720,-,12.170,63.497,-,2.317,11.636,2.295,-,0.800,-,-,11.450,3.270,244.154,-,97.160,341.314,71.53
2019,060030,Lazio,Frosinone,CORENO AUSONIO,1568,Comune,-,-,14.930,24.000,-,-,16.620,8.860,1.270,0.500,-,-,-,-,66.180,6.580,420.220,492.980,13.42
2019,060031,Lazio,Frosinone,ESPERIA,3801,Comune,76.860,-,79.440,192.102,-,11.491,41.655,7.380,12.140,0.080,-,-,37.840,16.231,475.220,-,353.900,829.120,57.32
2019,060032,Lazio,Frosinone,FALVATERRA,536,Comune,-,-,10.380,-,-,-,-,-,-,-,-,-,-,-,10.380,4.080,132.780,147.240,7.05
2019,060033,Lazio,Frosinone,FERENTINO,20037,Comune,1323.455,19.900,652.340,922.217,-,43.677,158.331,65.320,13.380,2.079,-,40.460,117.100,62.395,3420.654,-,5375.230,8795.884,38.89
2019,060034,Lazio,Frosinone,FILETTINO,505,Comune,-,-,13.030,18.453,-,0.437,1.583,4.770,-,-,3.500,-,22.530,0.617,64.920,-,173.300,238.220,27.25
2019,060035,Lazio,Frosinone,FIUGGI,10342,Comune,1621.740,110.530,438.060,515.888,-,19.937,72.271,13.185,-,-,8.700,-,-,36.680,2836.991,164.890,2430.600,5432.481,52.22
2019,060036,Lazio,Frosinone,FONTANA LIRI,2793,Comune,215.990,-,66.310,121.126,-,6.687,24.241,4.870,65.500,-,-,0.980,25.210,9.446,540.360,-,370.080,910.440,59.35
2019,060037,Lazio,Frosinone,FONTECHIARI,1276,Comune,-,-,21.980,62.191,4.910,3.160,11.085,3.970,-,0.200,-,-,4.660,4.995,117.150,-,130.880,248.030,47.23
2019,060038,Lazio,Frosinone,FROSINONE,44831,Comune,5867.070,635.040,3170.047,3107.079,240.840,215.701,723.300,156.955,219.430,19.085,35.200,605.640,287.070,280.050,15562.507,-,6862.300,22424.807,69.40
2019,060039,Lazio,Frosinone,FUMONE,2043,Comune,94.420,-,41.620,90.480,-,13.570,40.080,10.450,4.990,0.810,-,-,25.490,-,321.910,-,177.120,499.030,64.51
2019,060040,Lazio,Frosinone,GALLINARO,1230,Vedi aggregazione: Unione Comuni 'Val Comino',-,-,-,-,-,-,-,-,-,-,-,-,-,-,-,-,-,-,-
2019,060041,Lazio,Frosinone,GIULIANO DI ROMA,2411,Comune,82.330,-,55.350,134.394,-,6.394,23.179,11.770,-,0.147,-,-,22.350,9.413,345.327,-,389.030,734.357,47.02
2019,060042,Lazio,Frosinone,GUARCINO,1517,Comune,-,-,10.300,6.060,-,0.938,3.399,-,-,-,-,-,-,1.324,22.020,3.420,369.600,395.040,5.57
2019,060043,Lazio,Frosinone,ISOLA DEL LIRI,11116,Comune,1027.610,59.640,484.665,703.665,-,31.766,115.150,38.479,42.800,1.670,49.320,-,103.620,44.869,2703.254,-,1764.000,4467.254,60.51
2019,060044,Lazio,Frosinone,MONTE SAN GIOVANNI CAMPANO,12388,Comune,738.800,-,375.300,711.199,-,42.020,152.325,33.460,42.020,0.350,-,-,-,59.355,2154.830,74.820,1394.740,3624.390,59.45
2019,060045,Lazio,Frosinone,MOROLO,3214,Comune,205.300,-,103.720,217.243,-,9.563,34.667,7.160,-,0.040,-,-,-,13.507,591.200,18.760,362.220,972.180,60.81
2019,060046,Lazio,Frosinone,PALIANO,8021,Comune,707.490,-,340.836,296.230,2.760,-,1.780,33.860,6.380,1.665,28.380,-,-,0.500,1419.881,70.060,668.010,2157.951,65.80
2019,060047,Lazio,Frosinone,PASTENA,1333,Comune,-,-,13.880,29.718,-,-,-,-,-,-,-,-,1.740,-,45.338,-,361.380,406.718,11.15
2019,060048,Lazio,Frosinone,PATRICA,3112,Comune,449.480,15.220,308.620,392.297,-,12.908,47.132,0.640,-,2.460,-,-,26.220,18.233,1273.210,-,249.800,1523.010,83.60
2019,060049,Lazio,Frosinone,PESCOSOLIDO,1475,Comune,73.220,-,21.420,47.269,-,3.664,13.282,2.560,-,-,-,-,4.430,5.174,171.020,-,133.340,304.360,56.19
2019,060050,Lazio,Frosinone,PICINISCO,1122,Vedi aggregazione: Unione Comuni 'Val Comino',-,-,-,-,-,-,-,-,-,-,-,-,-,-,-,-,-,-,-
2019,060051,Lazio,Frosinone,PICO,2766,Comune,-,-,73.060,120.080,-,6.731,24.401,4.500,-,-,-,-,8.150,9.508,246.430,-,431.640,678.070,36.34
2019,060052,Lazio,Frosinone,PIEDIMONTE SAN GERMANO,6305,Comune,589.290,62.170,305.400,397.523,-,25.709,93.194,-,5.440,0.720,-,-,82.140,36.314,1597.900,-,916.640,2514.540,63.55
2019,060053,Lazio,Frosinone,PIGLIO,4468,Comune,483.845,-,138.402,140.224,-,32.550,130.190,11.140,5.020,1.237,-,-,-,-,942.608,33.140,314.740,1290.488,73.04
2019,060054,Lazio,Frosinone,PIGNATARO INTERAMNA,2465,Comune,108.740,-,9.300,357.150,-,19.820,71.850,-,-,-,-,-,24.540,-,591.400,-,475.820,1067.220,55.42
2019,060055,Lazio,Frosinone,POFI,4002,Comune,-,-,103.090,198.772,-,10.410,37.735,5.505,-,-,-,-,18.230,60.245,433.987,-,728.720,1162.707,37.33
2019,060056,Lazio,Frosinone,PONTECORVO,12588,Comune,2.320,-,24.270,67.598,-,2.554,13.607,19.430,47.170,0.460,-,-,55.970,3.312,236.690,-,5336.470,5573.160,4.25
2019,060057,Lazio,Frosinone,POSTA FIBRENO,1088,Comune,13.020,-,28.270,58.310,2.020,0.910,0.240,4.600,3.130,0.050,-,-,-,-,110.550,6.880,108.540,225.970,48.92
2019,060058,Lazio,Frosinone,RIPI,5082,Comune,223.100,-,156.460,-,-,-,-,0.970,10.420,0.348,-,-,21.110,-,412.408,-,811.500,1223.908,33.70
2019,060059,Lazio,Frosinone,ROCCA D'ARCE,931,Comune,83.180,-,22.190,29.640,-,2.575,9.335,2.820,1.900,0.073,-,-,-,3.638,155.351,6.900,69.180,231.431,67.13
2019,060060,Lazio,Frosinone,ROCCASECCA,7213,Comune,510.660,7.800,239.690,375.945,-,18.900,68.508,7.330,-,0.548,-,-,-,26.687,1256.068,42.170,1090.520,2388.758,52.58
2019,060061,Lazio,Frosinone,SAN BIAGIO SARACINISCO,309,Comune,-,-,9.040,16.782,0.070,0.891,2.869,0.150,-,-,-,-,-,1.518,31.320,0.900,94.600,126.820,24.70
2019,060062,Lazio,Frosinone,SAN DONATO VAL DI COMINO,1964,Vedi aggregazione: Unione Comuni 'Val Comino',-,-,-,-,-,-,-,-,-,-,-,-,-,-,-,-,-,-,-
2019,060063,Lazio,Frosinone,SAN GIORGIO A LIRI,3057,Comune,311.840,14.450,208.000,252.601,-,-,-,4.490,0.300,1.134,-,-,-,70.299,863.114,18.060,472.180,1353.354,63.78
2019,060064,Lazio,Frosinone,SAN GIOVANNI INCARICO,3199,Comune,-,-,72.300,121.852,-,6.456,23.403,8.360,5.660,-,-,-,21.280,9.118,268.430,-,704.660,973.090,27.59
2019,060070,Lazio,Frosinone,SAN VITTORE DEL LAZIO,2476,Comune,96.580,-,59.330,87.158,-,13.436,16.593,0.500,12.030,0.012,-,-,-,6.464,292.102,26.540,750.160,1068.802,27.33
2019,060065,Lazio,Frosinone,SANT'AMBROGIO SUL GARIGLIANO,921,Comune,-,-,24.780,29.840,-,3.040,35.000,1.566,-,-,-,-,5.034,-,99.260,-,46.620,145.880,68.04
2019,060066,Lazio,Frosinone,SANT'ANDREA DEL GARIGLIANO,1387,Comune,-,-,32.340,40.860,-,-,2.040,3.330,-,-,-,-,8.680,-,87.250,-,153.000,240.250,36.32
2019,060067,Lazio,Frosinone,SANT'APOLLINARE,1850,Comune,-,-,46.933,74.411,2.696,4.604,18.863,3.340,-,-,-,-,17.540,6.013,174.400,-,323.660,498.060,35.02
2019,060068,Lazio,Frosinone,SANT'ELIA FIUMERAPIDO,5847,Comune,63.180,3.400,181.670,57.180,-,3.717,13.473,-,-,0.140,47.340,-,55.220,5.250,430.570,-,1196.520,1627.090,26.46
2019,060069,Lazio,Frosinone,SANTOPADRE,1269,Comune,-,-,-,-,-,-,-,-,-,-,-,-,27.000,-,27.000,-,315.600,342.600,7.88
2019,060071,Lazio,Frosinone,SERRONE,2969,Comune,218.020,-,92.288,86.999,-,15.195,108.643,17.502,11.830,1.451,90.450,-,87.500,11.223,741.101,-,290.760,1031.861,71.82
2019,060072,Lazio,Frosinone,SETTEFRATI,709,Vedi aggregazione: Unione Comuni 'Val Comino',-,-,-,-,-,-,-,-,-,-,-,-,-,-,-,-,-,-,-
2019,060073,Lazio,Frosinone,SGURGOLA,2454,Comune,84.180,-,40.450,67.411,-,1.352,50.754,2.090,-,-,-,-,-,1.909,248.146,3.120,364.520,615.786,40.30
2019,060074,Lazio,Frosinone,SORA,25618,Comune,2761.700,639.580,1485.460,973.989,263.080,32.281,841.886,203.007,164.370,13.333,104.470,-,-,3.914,7487.070,-,4175.600,11662.670,64.20
2019,060075,Lazio,Frosinone,STRANGOLAGALLI,2344,Comune,104.720,-,89.140,79.680,-,29.548,88.642,10.360,4.790,-,-,-,8.510,-,415.390,-,218.766,634.156,65.50
2019,060076,Lazio,Frosinone,SUPINO,4760,Comune,-,8.880,1.490,-,-,-,-,8.810,-,-,-,-,-,-,19.180,60.580,770.000,849.760,2.26
2019,060077,Lazio,Frosinone,TERELLE,325,Vedi aggregazione: Unione Comuni 'Val Comino',-,-,-,-,-,-,-,-,-,-,-,-,-,-,-,-,-,-,-
2019,060078,Lazio,Frosinone,TORRE CAJETANI,1349,Comune,100.000,-,2.220,52.707,-,2.294,8.316,0.500,4.350,0.040,-,-,1.700,-,172.127,-,138.440,310.567,55.42
2019,060079,Lazio,Frosinone,TORRICE,4745,Comune,-,-,101.640,50.013,-,1.733,6.284,8.400,-,-,-,-,-,2.449,170.520,53.500,2235.720,2459.740,6.93
2019,060080,Lazio,Frosinone,TREVI NEL LAZIO,1783,Comune,-,-,8.660,3.118,-,0.157,3.482,-,0.220,0.040,-,-,10.400,0.223,26.300,-,1194.760,1221.060,2.15
2019,060081,Lazio,Frosinone,TRIVIGLIANO,1621,Comune,12.780,-,25.080,69.848,2.440,3.695,12.828,3.250,5.420,-,-,-,-,4.570,139.910,-,303.900,443.810,31.53
2019,060082,Lazio,Frosinone,VALLECORSA,2521,Comune,121.820,-,51.660,112.622,-,6.286,22.763,4.660,5.835,0.150,-,-,10.030,8.868,344.695,-,285.840,630.535,54.67
2019,060083,Lazio,Frosinone,VALLEMAIO,906,Comune,-,-,0.520,28.040,-,4.180,37.300,2.270,0.440,-,-,-,8.040,-,80.790,-,98.940,179.730,44.95
2019,060084,Lazio,Frosinone,VALLEROTONDA,1457,Comune,-,-,-,-,-,-,-,-,-,-,-,-,-,-,-,29.025,634.300,663.325,-
2019,060085,Lazio,Frosinone,VEROLI,19743,Comune,1321.340,46.720,589.040,1221.303,-,57.099,206.985,53.587,-,2.369,-,75.880,-,80.652,3654.976,119.880,3013.440,6788.296,53.84
2019,060086,Lazio,Frosinone,VICALVI,733,Vedi aggregazione: Unione Comuni 'Val Comino',-,-,-,-,-,-,-,-,-,-,-,-,-,-,-,-,-,-,-
2019,060087,Lazio,Frosinone,VICO NEL LAZIO,2131,Comune,70.000,-,1.100,84.180,-,5.645,20.462,3.510,5.850,0.020,-,-,-,7.973,198.740,-,168.980,367.720,54.05
2019,060088,Lazio,Frosinone,VILLA LATINA,1184,Comune,-,-,18.082,33.574,0.141,1.791,5.737,0.313,-,-,-,-,0.186,3.026,62.850,-,447.360,510.210,12.32
2019,060089,Lazio,Frosinone,VILLA SANTA LUCIA,2538,Comune,189.180,-,74.460,172.688,-,11.991,43.465,-,4.420,0.180,-,-,45.760,16.936,559.080,-,190.200,749.280,74.62
2019,060090,Lazio,Frosinone,VILLA SANTO STEFANO,1691,Comune,-,-,39.010,85.580,-,-,69.940,10.560,3.220,-,-,-,10.350,-,218.660,-,252.500,471.160,46.41
2019,060091,Lazio,Frosinone,VITICUSO,305,Vedi aggregazione: Unione Comuni 'Val Comino',-,-,-,-,-,-,-,-,-,-,-,-,-,-,-,-,-,-,-
2019,059001,Lazio,Latina,APRILIA,72859,Comune,9598.880,1622.270,3361.640,3657.198,1111.860,558.234,1184.725,454.445,127.470,101.606,2278.365,399.410,1637.380,479.033,26572.516,-,8655.600,35228.116,75.43
2019,059002,Lazio,Latina,BASSIANO,1459,Comune,68.260,10.400,19.500,31.638,-,5.435,17.746,11.440,0.110,3.356,-,-,-,6.921,174.806,-,241.500,416.306,41.99
2019,059003,Lazio,Latina,CAMPODIMELE,576,Comune,61.000,-,16.280,26.620,15.220,2.300,19.700,3.126,0.950,0.200,-,-,4.900,-,150.296,-,84.020,234.316,64.14
2019,059004,Lazio,Latina,CASTELFORTE,4275,Comune,472.920,44.880,151.460,145.950,-,14.010,140.180,11.020,-,2.740,0.180,-,-,-,983.340,-,608.580,1591.920,61.77
2019,059005,Lazio,Latina,CISTERNA DI LATINA,35700,Comune,1919.000,2367.320,926.160,729.760,354.540,146.919,532.110,101.833,129.370,9.912,-,286.400,1333.100,170.372,9006.795,-,11311.100,20317.895,44.33
2019,059006,Lazio,Latina,CORI,10575,Comune,1234.710,58.990,356.540,331.230,21.730,70.420,298.920,45.799,31.800,18.236,7.540,-,215.820,4.540,2696.275,-,851.440,3547.715,76.00
2019,059007,Lazio,Latina,FONDI,38840,Comune,6317.260,919.800,2091.560,2727.647,352.960,218.583,664.392,286.659,210.140,19.575,263.820,357.100,850.300,224.198,15503.994,-,2865.580,18369.574,84.40
2019,059008,Lazio,Latina,FORMIA,37549,Comune,5084.310,1462.345,2082.745,2130.096,491.400,148.393,396.641,122.018,213.070,29.426,321.360,-,733.660,152.710,13368.174,-,6237.330,19605.504,68.19
2019,059009,Lazio,Latina,GAETA,20071,Comune,2453.330,359.860,1044.820,1297.163,279.780,84.631,227.877,69.552,89.730,8.911,293.300,273.880,376.380,93.388,6952.603,-,5601.080,12553.683,55.38
2019,059010,Lazio,Latina,ITRI,10388,Comune,1158.390,136.940,486.400,634.777,175.780,73.375,148.475,42.990,57.730,5.582,160.080,-,196.560,48.972,3326.052,-,864.660,4190.712,79.37
2019,059011,Lazio,Latina,LATINA,127037,Comune,5939.710,1592.780,3698.700,2860.473,1194.600,520.713,1372.240,391.714,-,62.868,1218.160,-,423.700,535.434,19811.092,-,49431.060,69242.152,28.61
2019,059012,Lazio,Latina,LENOLA,4118,Comune,435.080,-,103.940,180.200,37.700,22.520,110.920,19.960,14.990,-,-,-,29.640,5.240,960.190,-,461.160,1421.350,67.56
2019,059013,Lazio,Latina,MAENZA,3028,Comune,269.600,-,53.070,151.132,-,32.161,35.243,4.940,5.560,0.015,-,-,18.920,13.744,584.385,-,226.360,810.745,72.08
2019,059014,Lazio,Latina,MINTURNO,19592,Comune,2659.110,525.150,993.960,991.923,248.420,191.117,556.380,81.316,44.530,14.468,231.580,180.108,446.780,222.519,7387.362,-,2932.660,10320.022,71.58
2019,059015,Lazio,Latina,MONTE SAN BIAGIO,6238,Comune,716.950,73.340,217.390,150.065,54.040,34.356,245.563,34.410,24.620,-,-,-,43.560,35.486,1629.780,-,780.860,2410.640,67.61
2019,059016,Lazio,Latina,NORMA,3797,Comune,402.290,35.680,-,339.176,-,52.473,190.248,10.220,8.023,1.126,13.920,-,102.480,75.173,1230.809,-,223.160,1453.969,84.65
2019,059017,Lazio,Latina,PONTINIA,14763,Comune,993.140,196.160,747.760,712.328,196.920,133.792,416.912,51.115,51.570,4.470,54.660,147.140,95.680,155.819,3957.465,-,2940.720,6898.185,57.37
2019,059018,Lazio,Latina,PONZA,3309,Comune,-,-,102.340,67.381,-,10.424,37.795,6.280,-,-,-,-,-,14.739,238.960,96.840,2346.160,2681.960,8.91
2019,059019,Lazio,Latina,PRIVERNO,13839,Comune,1415.140,54.440,587.810,465.168,-,71.234,253.047,8.160,24.060,3.300,6.220,-,487.960,103.064,3479.602,-,2103.080,5582.682,62.33
2019,059020,Lazio,Latina,PROSSEDI,1187,Comune,166.740,-,59.700,106.412,-,16.463,59.688,5.975,11.930,0.200,-,-,12.020,23.277,462.405,-,188.380,650.785,71.05
2019,059022,Lazio,Latina,ROCCA MASSIMA,1101,Comune,104.780,-,47.840,65.376,-,10.114,36.670,10.730,2.530,1.580,-,-,18.140,14.301,312.060,-,118.040,430.100,72.56
2019,059021,Lazio,Latina,ROCCAGORGA,4271,Comune,402.530,17.620,69.920,21.350,24.920,7.960,117.840,13.643,6.190,0.620,-,-,-,-,682.593,107.080,257.860,1047.533,65.16
2019,059023,Lazio,Latina,ROCCASECCA DEI VOLSCI,1111,Comune,93.160,-,21.880,87.716,-,5.875,21.301,1.435,0.470,-,16.785,-,35.760,8.307,292.690,-,140.220,432.910,67.61
2019,059024,Lazio,Latina,SABAUDIA,19339,Comune,2378.080,1002.400,1160.565,583.939,-,90.339,327.538,50.900,-,1.560,63.700,246.570,550.600,127.734,6583.925,-,3378.520,9962.445,66.09
2019,059025,Lazio,Latina,SAN FELICE CIRCEO,9606,Comune,1291.140,1628.580,679.380,990.259,-,67.452,244.556,67.349,27.850,2.130,154.575,222.820,832.280,96.213,6304.584,-,2739.380,9043.964,69.71
2019,059026,Lazio,Latina,SANTI COSMA E DAMIANO,6781,Comune,671.300,39.970,277.890,265.890,-,25.675,267.560,25.090,11.820,2.711,-,-,94.370,-,1682.276,-,970.480,2652.756,63.42
2019,059027,Lazio,Latina,SERMONETA,9969,Comune,905.780,336.420,503.980,494.184,131.340,37.826,137.145,9.350,27.130,14.490,-,-,86.770,72.684,2757.100,-,1264.680,4021.780,68.55
2019,059028,Lazio,Latina,SEZZE,23548,Comune,555.240,70.040,349.760,515.148,-,32.840,233.152,34.801,35.480,0.880,99.340,-,193.340,7.020,2127.041,-,7806.080,9933.121,21.41
2019,059029,Lazio,Latina,SONNINO,7473,Comune,475.740,14.480,165.080,376.219,66.220,18.664,67.668,23.775,-,0.160,-,-,95.850,26.389,1330.245,-,909.440,2239.685,59.39
2019,059030,Lazio,Latina,SPERLONGA,3199,Comune,906.000,33.220,264.770,548.577,10.760,19.807,85.232,4.210,-,0.620,27.240,-,16.320,28.785,1945.540,-,614.340,2559.880,76.00
2019,059031,Lazio,Latina,SPIGNO SATURNIA,2891,Comune,256.540,1.080,122.230,120.140,-,12.995,127.460,7.320,7.670,1.547,-,-,35.070,0.240,692.292,-,167.420,859.712,80.53
2019,059032,Lazio,Latina,TERRACINA,43378,Comune,6946.560,1284.390,2443.340,3511.395,527.400,282.225,834.537,269.200,116.000,35.409,681.270,687.700,1498.760,305.062,19423.249,-,6215.020,25638.269,75.76
2019,059033,Lazio,Latina,VENTOTENE,725,Comune,0.540,-,10.710,27.992,-,0.314,1.140,-,-,-,-,-,46.540,0.444,87.680,-,406.620,494.300,17.74
2019,057001,Lazio,Rieti,ACCUMOLI,576,Comune,-,-,20.760,-,-,-,2.080,0.050,0.150,0.500,-,-,-,-,23.540,-,345.380,368.920,6.38
2019,057002,Lazio,Rieti,AMATRICE,2358,Comune,-,-,-,-,-,-,-,-,-,0.500,12.820,-,8.960,-,22.280,-,1032.920,1055.200,2.11
2019,057003,Lazio,Rieti,ANTRODOCO,2421,Comune,218.045,-,82.760,114.867,-,6.913,20.491,12.375,-,0.400,-,-,25.640,7.984,489.475,-,238.080,727.555,67.28
2019,057004,Lazio,Rieti,ASCREA,216,Aggregazione: Comunita   Montana del Turano,149.665,-,94.540,151.880,-,-,153.820,24.240,-,6.870,22.270,-,12.900,-,616.185,52.000,476.110,1144.295,53.85
2019,057005,Lazio,Rieti,BELMONTE IN SABINA,638,Vedi aggregazione: Comunita   Montana del Turano,-,-,-,-,-,-,-,-,-,-,-,-,-,-,-,-,-,-,-
2019,057006,Lazio,Rieti,BORBONA,602,Comune,7.884,-,-,-,-,-,-,4.400,1.760,-,-,-,-,1.140,15.184,14.500,342.080,371.764,4.08
2019,057008,Lazio,Rieti,BORGO VELINO,940,Comune,103.113,-,37.130,52.032,-,5.160,18.703,2.985,4.860,-,-,-,6.300,3.650,233.933,-,92.565,326.498,71.65
2019,057007,Lazio,Rieti,BORGOROSE,4340,Comune,366.800,3.880,173.324,268.910,41.070,24.100,131.010,22.580,43.350,0.970,65.610,-,6.040,-,1147.644,-,528.700,1676.344,68.46
2019,057009,Lazio,Rieti,CANTALICE,2543,Comune,193.225,-,58.860,114.371,-,9.564,34.665,10.180,4.720,0.090,-,-,16.510,6.753,448.939,-,220.980,669.919,67.01
2019,057010,Lazio,Rieti,CANTALUPO IN SABINA,1639,Vedi aggregazione: Unione 'Bassa Sabina',-,-,-,-,-,-,-,-,-,-,-,-,-,-,-,-,-,-,-
2019,057011,Lazio,Rieti,CASAPROTA,698,Vedi aggregazione: Unione 'Alta Sabina',-,-,-,-,-,-,-,-,-,-,-,-,-,-,-,-,-,-,-
2019,057012,Lazio,Rieti,CASPERIA,1208,Comune,79.730,-,40.070,55.819,-,7.955,16.871,3.520,-,-,-,-,11.750,3.287,219.002,-,109.450,328.452,66.68
2019,057013,Lazio,Rieti,CASTEL DI TORA,267,Vedi aggregazione: Comunita   Montana del Turano,-,-,-,-,-,-,-,-,-,-,-,-,-,-,-,-,-,-,-
2019,057015,Lazio,Rieti,CASTEL SANT'ANGELO,1247,Comune,109.103,-,37.120,63.180,-,5.775,20.933,6.740,2.990,-,-,-,22.540,4.078,272.460,-,113.885,386.345,70.52
2019,057014,Lazio,Rieti,CASTELNUOVO DI FARFA,1032,Vedi aggregazione: Unione dei Comuni della Valle dell'Olio,-,-,-,-,-,-,-,-,-,-,-,-,-,-,-,-,-,-,-
2019,057016,Lazio,Rieti,CITTADUCALE,6595,Comune,709.230,2.850,325.780,312.687,-,32.052,116.172,18.980,4.140,2.670,-,49.900,81.850,22.620,1678.931,-,818.900,2497.831,67.22
2019,057017,Lazio,Rieti,CITTAREALE,423,Comune,-,-,-,-,-,-,-,0.300,-,-,-,-,-,0.500,0.800,14.500,217.020,232.320,0.34
2019,057018,Lazio,Rieti,COLLALTO SABINO,390,Comune,51.770,-,27.140,46.180,-,-,42.160,2.460,-,0.070,-,-,-,-,169.780,8.030,40.375,218.185,77.82
2019,057019,Lazio,Rieti,COLLE DI TORA,354,Vedi aggregazione: Comunita   Montana del Turano,-,-,-,-,-,-,-,-,-,-,-,-,-,-,-,-,-,-,-
2019,057020,Lazio,Rieti,COLLEGIOVE,143,Vedi aggregazione: Comunita   Montana del Turano,-,-,-,-,-,-,-,-,-,-,-,-,-,-,-,-,-,-,-
2019,057021,Lazio,Rieti,COLLEVECCHIO,1495,Comune,54.780,-,50.670,62.560,-,-,43.120,7.355,-,-,-,-,37.870,-,256.355,-,268.320,524.675,48.86
2019,057022,Lazio,Rieti,COLLI SUL VELINO,474,Comune,37.324,-,16.990,16.910,-,21.000,20.430,1.090,2.040,0.150,-,-,6.010,-,121.944,-,43.780,165.724,73.58
2019,057023,Lazio,Rieti,CONCERVIANO,270,Comune,-,-,-,-,-,-,-,1.040,-,-,-,-,-,-,1.040,7.740,140.380,149.160,0.70
2019,057024,Lazio,Rieti,CONFIGNI,561,Comune,35.155,-,19.270,25.249,-,4.025,11.509,3.200,-,-,-,-,4.970,2.242,105.621,-,46.855,152.476,69.27
2019,057025,Lazio,Rieti,CONTIGLIANO,3807,Comune,224.335,59.040,137.680,159.739,-,34.137,53.234,44.775,-,1.715,-,-,88.960,10.370,813.985,-,363.065,1177.050,69.16
2019,057026,Lazio,Rieti,COTTANELLO,527,Comune,21.739,-,14.205,18.988,-,5.000,7.631,3.370,-,-,-,-,12.470,1.487,84.890,-,36.692,121.582,69.82
2019,057027,Lazio,Rieti,FARA IN SABINA,13530,Comune,1057.460,71.320,507.560,644.796,-,58.613,212.446,43.780,57.650,1.370,-,173.610,-,41.360,2869.965,129.400,1620.860,4620.225,62.12
2019,057028,Lazio,Rieti,FIAMIGNANO,1241,Comune,106.995,-,30.825,85.949,-,5.945,21.549,7.130,3.310,0.050,-,-,-,4.198,265.951,12.665,116.370,394.986,67.33
2019,057029,Lazio,Rieti,FORANO,3067,Vedi aggregazione: Unione 'Bassa Sabina',-,-,-,-,-,-,-,-,-,-,-,-,-,-,-,-,-,-,-
2019,057030,Lazio,Rieti,FRASSO SABINO,715,Comune,42.400,-,14.900,21.363,-,1.232,14.348,1.320,0.150,0.300,-,-,18.790,0.206,115.010,-,74.160,189.170,60.80
2019,057031,Lazio,Rieti,GRECCIO,1507,Comune,156.445,-,95.050,109.020,-,10.463,37.923,7.980,0.400,0.045,-,-,13.570,7.388,438.284,-,151.840,590.124,74.27
2019,057032,Lazio,Rieti,LABRO,361,Comune,35.828,-,11.975,27.609,-,2.211,8.014,4.285,1.800,-,-,-,11.620,1.561,104.904,-,43.625,148.529,70.63
2019,057033,Lazio,Rieti,LEONESSA,2209,Comune,-,5.740,34.500,43.304,29.460,2.855,10.347,16.470,2.950,2.050,-,-,8.690,5.606,161.971,-,1137.500,1299.471,12.46
2019,057034,Lazio,Rieti,LONGONE SABINO,552,Comune,-,-,4.920,-,-,-,-,0.600,1.090,-,-,-,-,-,6.610,4.780,246.280,257.670,2.57
2019,057035,Lazio,Rieti,MAGLIANO SABINA,3610,Comune,436.519,14.550,221.860,141.376,62.120,26.880,95.380,31.780,18.760,4.805,54.510,-,135.340,0.380,1244.260,-,372.720,1616.980,76.95
2019,057036,Lazio,Rieti,MARCETELLI,69,Comune,-,-,-,-,-,-,-,-,-,-,-,-,-,-,-,-,20.140,20.140,-
2019,057037,Lazio,Rieti,MICIGLIANO,113,Comune,-,-,-,-,-,-,-,0.270,-,-,-,-,-,-,0.270,14.810,93.200,108.280,0.25
2019,057038,Lazio,Rieti,MOMPEO,478,Comune,47.230,0.987,17.735,25.161,-,2.102,7.617,4.527,1.330,0.040,-,-,14.752,1.484,122.965,-,36.325,159.290,77.20
2019,057039,Lazio,Rieti,MONTASOLA,383,Comune,19.510,-,-,14.146,-,2.329,4.746,4.280,-,-,-,-,-,0.925,45.936,13.880,23.610,83.426,55.06
2019,057043,Lazio,Rieti,MONTE SAN GIOVANNI IN SABINA,656,Comune,-,-,3.680,3.640,-,-,2.760,-,-,-,-,-,-,-,10.080,-,295.020,305.100,3.30
2019,057040,Lazio,Rieti,MONTEBUONO,859,Comune,63.280,-,29.335,48.456,-,6.845,12.414,3.690,2.080,-,-,-,12.390,4.836,183.325,-,88.585,271.910,67.42
2019,057041,Lazio,Rieti,MONTELEONE SABINO,1187,Vedi aggregazione: Unione dei Comuni della Valle dell'Olio,-,-,-,-,-,-,-,-,-,-,-,-,-,-,-,-,-,-,-
2019,057042,Lazio,Rieti,MONTENERO SABINO,277,Vedi aggregazione: Unione 'Alta Sabina',-,-,-,-,-,-,-,-,-,-,-,-,-,-,-,-,-,-,-
2019,057044,Lazio,Rieti,MONTOPOLI DI SABINA,4108,Vedi aggregazione: Unione 'Bassa Sabina',-,-,-,-,-,-,-,-,-,-,-,-,-,-,-,-,-,-,-
2019,057045,Lazio,Rieti,MORRO REATINO,351,Comune,17.465,-,8.850,13.501,-,1.381,5.004,2.825,1.290,-,-,-,4.280,0.975,55.571,-,21.015,76.586,72.56
2019,057046,Lazio,Rieti,NESPOLO,196,Vedi aggregazione: Comunita   Montana del Turano,-,-,-,-,-,-,-,-,-,-,-,-,-,-,-,-,-,-,-
2019,057047,Lazio,Rieti,ORVINIO,391,Vedi aggregazione: Unione 'Alta Sabina',-,-,-,-,-,-,-,-,-,-,-,-,-,-,-,-,-,-,-
2019,057048,Lazio,Rieti,PAGANICO,154,Comune,12.700,-,-,-,-,-,-,2.680,-,-,0.940,-,9.680,-,26.000,-,37.640,63.640,40.86
2019,057049,Lazio,Rieti,PESCOROCCHIANO,1951,Comune,176.130,-,43.040,144.141,-,5.746,20.827,8.905,6.370,-,-,-,-,8.115,413.275,16.825,190.000,620.100,66.65
2019,057050,Lazio,Rieti,PETRELLA SALTO,1082,Comune,102.115,-,28.375,90.411,-,4.946,17.928,7.125,6.300,-,-,-,12.490,3.493,273.182,-,150.937,424.119,64.41
2019,057051,Lazio,Rieti,POGGIO BUSTONE,1959,Comune,-,-,6.740,11.840,-,0.390,1.414,3.740,2.220,-,-,0.860,-,0.275,27.480,11.540,919.580,958.600,2.87
2019,057052,Lazio,Rieti,POGGIO CATINO,1261,Comune,105.700,-,34.750,69.022,-,7.678,17.138,4.445,2.230,-,-,-,9.415,3.339,253.717,-,162.143,415.860,61.01
2019,057053,Lazio,Rieti,POGGIO MIRTETO,6195,Aggregazione: Unione 'Bassa Sabina',1709.480,-,809.200,831.680,270.030,49.900,639.240,100.575,8.290,16.220,-,-,234.370,-,4668.985,-,2057.820,6726.805,69.41
2019,057054,Lazio,Rieti,POGGIO MOIANO,2774,Aggregazione: Unione 'Alta Sabina',825.780,17.510,310.085,439.903,-,36.740,133.159,79.152,36.740,0.700,-,144.730,257.928,25.980,2308.407,-,994.910,3303.317,69.88
2019,057055,Lazio,Rieti,POGGIO NATIVO,2510,Comune,174.000,-,57.000,121.521,-,54.611,136.324,-,0.190,1.820,-,-,41.000,26.540,613.007,-,371.000,984.007,62.30
2019,057056,Lazio,Rieti,POGGIO SAN LORENZO,509,Comune,35.440,-,11.310,21.063,-,0.906,12.093,1.280,2.190,-,-,-,17.550,0.287,102.120,-,65.920,168.040,60.77
2019,057057,Lazio,Rieti,POSTA,602,Comune,6.510,-,13.295,35.087,-,1.113,4.035,-,-,-,-,-,3.400,0.786,64.225,-,163.460,227.685,28.21
2019,057058,Lazio,Rieti,POZZAGLIA SABINA,314,Vedi aggregazione: Unione 'Alta Sabina',-,-,-,-,-,-,-,-,-,-,-,-,-,-,-,-,-,-,-
2019,057059,Lazio,Rieti,RIETI,46604,Comune,3722.100,1058.560,2264.360,4052.880,689.220,597.502,1491.767,389.490,-,13.620,140.360,-,-,589.710,15009.570,303.940,10087.670,25401.180,59.09
2019,057060,Lazio,Rieti,RIVODUTRI,1165,Comune,95.165,-,39.520,67.836,-,5.517,19.998,4.780,-,0.030,-,-,13.790,4.036,250.672,-,99.435,350.107,71.60
2019,057062,Lazio,Rieti,ROCCA SINIBALDA,772,Vedi aggregazione: Comunita   Montana del Turano,-,-,-,-,-,-,-,-,-,-,-,-,-,-,-,-,-,-,-
2019,057061,Lazio,Rieti,ROCCANTICA,536,Comune,37.446,-,15.555,31.681,-,3.463,6.028,1.618,-,-,-,-,-,2.349,98.139,4.605,57.200,159.944,61.36
2019,057063,Lazio,Rieti,SALISANO,510,Vedi aggregazione: Unione 'Bassa Sabina',-,-,-,-,-,-,-,-,-,-,-,-,-,-,-,-,-,-,-
2019,057064,Lazio,Rieti,SCANDRIGLIA,3047,Vedi aggregazione: Unione 'Alta Sabina',-,-,-,-,-,-,-,-,-,-,-,-,-,-,-,-,-,-,-
2019,057065,Lazio,Rieti,SELCI,1069,Comune,77.460,-,30.800,46.999,-,7.270,18.122,3.234,3.070,-,-,-,8.290,3.531,198.776,-,77.635,276.411,71.91
2019,057066,Lazio,Rieti,STIMIGLIANO,2277,Vedi aggregazione: Unione 'Bassa Sabina',-,-,-,-,-,-,-,-,-,-,-,-,-,-,-,-,-,-,-
2019,057067,Lazio,Rieti,TARANO,1389,Vedi aggregazione: Unione 'Bassa Sabina',-,-,-,-,-,-,-,-,-,-,-,-,-,-,-,-,-,-,-
2019,057068,Lazio,Rieti,TOFFIA,1038,Aggregazione: Unione dei Comuni della Valle dell'Olio,193.750,-,55.620,98.640,-,17.240,62.250,1.490,5.210,2.320,-,-,104.740,-,541.260,-,335.860,877.120,61.71
2019,057070,Lazio,Rieti,TORRI IN SABINA,1211,Vedi aggregazione: Unione 'Bassa Sabina',-,-,-,-,-,-,-,-,-,-,-,-,-,-,-,-,-,-,-
2019,057069,Lazio,Rieti,TORRICELLA IN SABINA,1327,Vedi aggregazione: Unione 'Alta Sabina',-,-,-,-,-,-,-,-,-,-,-,-,-,-,-,-,-,-,-
2019,057071,Lazio,Rieti,TURANIA,221,Vedi aggregazione: Comunita   Montana del Turano,-,-,-,-,-,-,-,-,-,-,-,-,-,-,-,-,-,-,-
2019,057072,Lazio,Rieti,VACONE,225,Comune,16.740,-,8.710,10.145,-,2.778,4.308,2.720,-,-,-,-,5.360,0.839,51.600,-,19.365,70.965,72.71
2019,057073,Lazio,Rieti,VARCO SABINO,171,Comune,-,-,-,-,-,-,-,1.350,-,-,-,-,-,-,1.350,9.400,116.060,126.810,1.07
2019,058001,Lazio,Roma,AFFILE,1464,Comune,-,-,13.220,27.933,-,1.312,4.758,-,7.010,0.080,-,-,4.880,1.856,61.050,-,506.020,567.070,10.77
2019,058002,Lazio,Roma,AGOSTA,1717,Comune,143.810,2.020,56.440,55.734,5.890,3.224,54.682,1.660,0.751,-,0.120,-,23.050,0.090,347.471,-,190.980,538.451,64.53
2019,058003,Lazio,Roma,ALBANO LAZIALE,39611,Comune,4364.910,737.240,1843.000,758.534,-,186.870,1699.600,217.589,275.660,46.711,49.810,447.600,1336.780,203.316,12167.620,-,3651.120,15818.740,76.92
2019,058004,Lazio,Roma,ALLUMIERE,3879,Comune,166.630,43.700,145.520,82.213,63.110,45.799,145.184,29.150,15.100,10.068,58.710,-,70.370,36.144,911.698,-,493.120,1404.818,64.90
2019,058005,Lazio,Roma,ANGUILLARA SABAZIA,19112,Comune,1691.540,894.860,927.890,766.450,260.860,80.720,641.440,120.330,156.950,21.689,292.485,404.170,170.030,4.320,6433.734,-,2064.020,8497.754,75.71
2019,058006,Lazio,Roma,ANTICOLI CORRADO,841,Vedi aggregazione: UNIONE COMUNI MEDANIENE,-,-,-,-,-,-,-,-,-,-,-,-,-,-,-,-,-,-,-
2019,058007,Lazio,Roma,ANZIO,52335,Comune,3852.760,4176.240,1458.790,1869.310,816.880,273.935,455.725,223.120,32.470,23.430,855.360,-,346.720,7.520,14392.260,-,18992.340,33384.600,43.11
2019,058008,Lazio,Roma,ARCINAZZO ROMANO,1277,Comune,-,3.040,20.000,29.286,11.960,18.959,18.203,20.526,-,3.350,19.290,-,16.240,4.999,165.852,-,700.180,866.032,19.15
2019,058117,Lazio,Roma,ARDEA,48715,Comune,2284.490,1567.040,1023.310,1384.000,-,60.310,218.660,113.518,178.550,4.422,-,-,937.610,10.247,7782.157,-,14902.860,22685.017,34.31
2019,058009,Lazio,Roma,ARICCIA,18187,Comune,2582.870,427.400,1079.420,423.354,206.830,114.216,1043.714,85.547,78.995,13.339,202.180,469.630,241.960,95.387,7064.841,-,1972.280,9037.121,78.18
2019,058010,Lazio,Roma,ARSOLI,1441,Vedi aggregazione: UNIONE COMUNI MEDANIENE,-,-,-,-,-,-,-,-,-,-,-,-,-,-,-,-,-,-,-
2019,058011,Lazio,Roma,ARTENA,13762,Comune,1619.360,157.580,462.963,787.912,-,47.505,172.235,49.503,-,0.561,-,61.720,126.151,67.169,3552.658,-,1238.620,4791.278,74.15
2019,058012,Lazio,Roma,BELLEGRA,2768,Comune,452.280,-,127.448,-,-,-,102.884,10.530,-,0.050,-,-,29.490,22.977,745.660,-,268.240,1013.900,73.54
2019,058013,Lazio,Roma,BRACCIANO,18890,Comune,1736.250,225.990,925.210,893.920,346.950,109.240,744.760,144.970,28.420,19.410,256.160,229.510,-,-,5660.790,-,1901.220,7562.010,74.86
2019,058014,Lazio,Roma,CAMERATA NUOVA,418,Comune,23.755,-,9.860,7.382,-,1.142,14.571,-,-,-,-,-,-,1.615,58.325,5.370,51.150,114.845,50.79
2019,058015,Lazio,Roma,CAMPAGNANO DI ROMA,11215,Comune,391.600,105.480,793.280,239.547,185.570,108.319,414.604,-,-,11.737,172.200,149.440,152.880,52.400,2777.057,-,1038.900,3815.957,72.78
2019,058016,Lazio,Roma,CANALE MONTERANO,4130,Comune,558.300,97.630,185.650,208.000,94.920,41.710,150.840,25.492,8.320,6.265,57.050,52.700,140.910,0.860,1628.647,-,307.060,1935.707,84.14
2019,058017,Lazio,Roma,CANTERANO,340,Comune,51.720,-,12.540,16.366,-,0.194,13.385,-,-,-,-,-,-,0.275,94.480,-,53.240,147.720,63.96
2019,058018,Lazio,Roma,CAPENA,10644,Comune,913.099,338.640,552.290,423.620,215.110,54.760,304.040,78.605,9.220,2.061,164.370,135.910,179.070,-,3370.795,-,1371.880,4742.675,71.07
2019,058019,Lazio,Roma,CAPRANICA PRENESTINA,315,Comune,-,-,-,0.775,-,0.120,0.535,-,-,-,-,-,-,0.170,1.600,-,202.820,204.420,0.78
2019,058020,Lazio,Roma,CARPINETO ROMANO,4226,Comune,16.640,-,29.970,32.591,-,5.042,37.631,-,12.080,-,-,-,-,7.129,141.083,20.560,1524.960,1686.603,8.37
2019,058021,Lazio,Roma,CASAPE,668,Comune,59.270,-,21.740,13.901,5.035,4.357,23.197,14.463,-,0.782,4.895,-,9.420,1.755,158.814,-,78.160,236.974,67.02
2019,058022,Lazio,Roma,CASTEL GANDOLFO,8722,Comune,1306.140,298.920,420.260,281.159,-,43.497,465.063,57.828,46.289,4.880,133.035,146.130,281.400,64.882,3549.484,-,1124.080,4673.564,75.95
2019,058023,Lazio,Roma,CASTEL MADAMA,7156,Comune,880.484,35.120,314.030,270.775,135.830,89.925,228.480,60.575,65.741,9.045,108.945,21.570,160.260,12.890,2393.670,-,548.710,2942.380,81.35
2019,058025,Lazio,Roma,CASTEL SAN PIETRO ROMANO,845,Comune,86.490,11.550,25.590,21.430,6.730,2.700,22.280,-,-,0.720,11.540,-,10.180,-,199.210,-,103.170,302.380,65.88
2019,058024,Lazio,Roma,CASTELNUOVO DI PORTO,8281,Comune,742.350,320.980,310.330,497.439,157.530,81.265,108.353,27.445,31.870,8.445,95.260,41.880,86.660,44.776,2554.582,-,613.120,3167.702,80.65
2019,058026,Lazio,Roma,CAVE,10693,Comune,970.000,76.560,405.800,565.586,128.540,59.630,105.903,60.283,28.640,5.407,164.760,151.100,362.500,41.301,3126.010,-,1322.420,4448.430,70.27
2019,058027,Lazio,Roma,CERRETO LAZIALE,1075,Vedi aggregazione: UNIONE DEI COMUNI VALLE DEL GIOVENZANO,-,-,-,-,-,-,-,-,-,-,-,-,-,-,-,-,-,-,-
2019,058028,Lazio,Roma,CERVARA DI ROMA,440,Comune,28.075,-,11.440,7.692,-,1.190,16.225,-,-,-,6.750,-,11.520,1.683,84.575,-,37.840,122.415,69.09
2019,058029,Lazio,Roma,CERVETERI,37244,Comune,3389.400,830.130,1491.940,756.551,-,199.782,1601.510,214.653,264.430,25.470,573.735,522.870,1063.100,165.053,11098.625,-,4666.020,15764.645,70.40
2019,058118,Lazio,Roma,CIAMPINO,38250,Comune,3610.580,609.800,2128.870,1740.601,615.140,232.087,330.352,197.356,134.420,50.604,586.770,427.880,603.620,107.851,11375.930,-,6428.800,17804.730,63.89
2019,058030,Lazio,Roma,CICILIANO,1258,Comune,56.120,-,17.350,24.051,-,11.362,13.258,-,-,-,-,-,5.380,0.908,128.430,-,80.786,209.216,61.39
2019,058031,Lazio,Roma,CINETO ROMANO,575,Vedi aggregazione: UNIONE COMUNI MEDANIENE,-,-,-,-,-,-,-,-,-,-,-,-,-,-,-,-,-,-,-
2019,058032,Lazio,Roma,CIVITAVECCHIA,51690,Comune,4615.450,88.200,3327.830,2062.865,1.390,130.886,484.085,0.545,130.220,8.337,53.420,-,-,120.639,11023.867,644.250,15590.550,27258.667,40.44
2019,058033,Lazio,Roma,CIVITELLA SAN PAOLO,1968,Comune,115.630,-,56.680,73.440,1.320,0.080,68.990,4.400,0.340,-,-,-,-,-,320.880,-,260.753,581.633,55.17
2019,058034,Lazio,Roma,COLLEFERRO,20924,Comune,1951.660,131.640,778.604,1033.933,-,85.738,201.344,133.525,112.820,6.353,280.140,142.420,335.310,78.357,5271.844,-,3714.500,8986.344,58.67
2019,058035,Lazio,Roma,COLONNA,4206,Comune,382.960,48.070,142.970,88.130,-,8.060,121.023,17.613,22.433,2.893,26.300,-,143.980,11.397,1015.829,-,535.760,1551.589,65.47
2019,058036,Lazio,Roma,FIANO ROMANO,15424,Comune,1222.715,256.080,1059.930,680.100,283.170,112.120,891.030,91.952,64.300,14.843,239.865,142.520,276.790,2.140,5337.555,-,2614.080,7951.635,67.13
2019,058037,Lazio,Roma,FILACCIANO,424,Comune,28.070,-,13.310,16.200,-,-,11.900,-,-,-,-,-,2.630,-,72.110,-,36.010,108.120,66.69
2019,058120,Lazio,Roma,FIUMICINO,76097,Comune,11394.190,673.890,3411.825,3669.668,-,27.660,-,374.587,55.300,43.066,651.700,479.740,1787.430,2970.834,25539.890,-,7895.520,33435.410,76.39
2019,058122,Lazio,Roma,FONTE NUOVA,31441,Comune,3666.320,86.340,1223.260,1477.143,-,76.333,292.155,82.951,29.700,8.369,105.360,155.130,290.010,211.170,7704.241,-,2075.800,9780.041,78.78
2019,058038,Lazio,Roma,FORMELLO,13048,Comune,1014.460,565.690,764.080,262.929,278.905,128.067,508.580,137.856,-,19.107,175.500,182.560,197.260,61.155,4296.149,-,1744.660,6040.809,71.12
2019,058039,Lazio,Roma,FRASCATI,22203,Comune,1801.390,565.690,971.701,482.739,206.975,675.783,876.388,84.010,96.003,2.901,-,164.590,210.030,105.597,6243.797,-,4682.180,10925.977,57.15
2019,058040,Lazio,Roma,GALLICANO NEL LAZIO,6248,Comune,445.280,37.580,223.470,98.601,69.720,35.304,213.366,46.697,25.755,3.646,97.020,-,149.200,22.909,1468.548,-,945.620,2414.168,60.83
2019,058041,Lazio,Roma,GAVIGNANO,1884,Comune,31.899,-,25.632,27.130,-,4.197,31.627,-,-,-,-,-,19.160,5.935,145.580,-,258.521,404.101,36.03
2019,058042,Lazio,Roma,GENAZZANO,5716,Comune,438.960,42.590,190.770,127.511,-,48.727,232.682,49.634,15.690,4.055,-,41.600,107.360,27.892,1327.471,-,796.520,2123.991,62.50
2019,058043,Lazio,Roma,GENZANO DI ROMA,23123,Comune,3028.060,479.770,1117.070,1204.656,405.540,167.563,241.238,133.262,83.379,43.559,356.325,346.060,281.320,89.422,7977.225,-,3284.260,11261.485,70.84
2019,058044,Lazio,Roma,GERANO,1207,Aggregazione: UNIONE DEI COMUNI VALLE DEL GIOVENZANO,380.820,34.700,149.450,192.425,105.990,64.682,128.158,32.720,-,8.060,18.080,-,80.690,6.735,1202.510,-,490.440,1692.950,71.03
2019,058045,Lazio,Roma,GORGA,695,Comune,14.094,-,4.976,11.620,-,1.798,10.338,-,-,0.030,-,-,3.900,2.542,49.298,-,188.003,237.301,20.77
2019,058046,Lazio,Roma,GROTTAFERRATA,20067,Comune,2296.180,846.960,1123.240,-,-,-,1146.970,90.809,67.000,12.640,-,334.560,385.150,0.650,6304.159,-,2680.500,8984.659,70.17
2019,058047,Lazio,Roma,GUIDONIA MONTECELIO,87039,Comune,8252.100,295.440,3635.420,4192.446,-,272.655,863.974,204.465,257.060,37.581,471.990,809.220,841.570,348.825,20482.746,-,10832.980,31315.726,65.41
2019,058048,Lazio,Roma,JENNE,341,Comune,-,-,4.720,10.093,-,1.051,5.812,-,-,-,5.235,-,-,1.486,28.397,12.150,105.110,145.657,19.50
2019,058049,Lazio,Roma,LABICO,6371,Comune,483.820,110.370,176.190,104.066,-,16.100,196.922,-,49.140,0.170,3.560,-,-,22.764,1163.102,114.060,832.280,2109.442,55.14
2019,058116,Lazio,Roma,LADISPOLI,39584,Comune,5036.300,1281.300,1793.130,893.111,661.750,278.510,1796.235,209.480,65.450,25.786,366.960,581.360,450.970,198.555,13638.896,-,5339.880,18978.776,71.86
2019,058050,Lazio,Roma,LANUVIO,13219,Comune,1611.992,242.040,475.830,637.336,147.330,84.391,145.047,57.989,0.430,7.450,198.795,-,196.960,57.406,3862.996,-,1232.100,5095.096,75.82
2019,058115,Lazio,Roma,LARIANO,13336,Comune,1570.970,643.500,553.080,726.766,285.000,95.557,183.508,97.764,49.810,5.360,-,84.540,320.050,105.669,4721.574,-,1443.260,6164.834,76.59
2019,058051,Lazio,Roma,LICENZA,896,Vedi aggregazione: UNIONE COMUNI VALLE USTICA,-,-,-,-,-,-,-,-,-,-,-,-,-,-,-,-,-,-,-
2019,058052,Lazio,Roma,MAGLIANO ROMANO,1455,Comune,82.461,-,37.234,55.830,-,-,32.280,0.770,2.480,-,-,-,17.720,-,228.775,-,115.700,344.475,66.41
2019,058053,Lazio,Roma,MANDELA,888,Vedi aggregazione: UNIONE COMUNI VALLE USTICA,-,-,-,-,-,-,-,-,-,-,-,-,-,-,-,-,-,-,-
2019,058054,Lazio,Roma,MANZIANA,7695,Comune,557.170,461.060,347.300,403.290,170.910,244.170,321.180,44.659,14.640,8.140,117.210,122.310,71.430,6.720,2890.189,-,773.340,3663.529,78.89
2019,058055,Lazio,Roma,MARANO EQUO,772,Comune,54.500,-,7.630,15.137,-,1.449,9.404,-,-,-,-,-,-,2.049,90.170,7.300,105.390,202.860,44.45
2019,058056,Lazio,Roma,MARCELLINA,7014,Comune,675.170,39.080,223.220,233.756,75.600,27.100,247.714,26.868,39.860,9.310,65.860,28.780,53.370,21.126,1766.814,-,668.460,2435.274,72.55
2019,058057,Lazio,Roma,MARINO,44744,Comune,3520.840,690.380,1464.470,1780.027,-,112.718,378.001,142.281,134.640,5.113,109.870,295.480,1415.530,147.414,10196.764,-,8394.200,18590.964,54.85
2019,058058,Lazio,Roma,MAZZANO ROMANO,2995,Comune,149.591,13.540,73.248,93.350,-,-,73.048,6.270,-,-,-,-,66.340,-,475.387,-,303.280,778.667,61.05
2019,058059,Lazio,Roma,MENTANA,23309,Comune,2356.740,203.060,735.436,1070.407,-,99.096,235.216,104.948,24.470,18.301,225.660,197.480,453.260,341.730,6065.805,-,1681.080,7746.885,78.30
2019,058064,Lazio,Roma,MONTE PORZIO CATONE,8523,Comune,565.720,162.180,258.780,267.335,50.240,16.980,105.852,34.075,-,1.450,-,61.930,93.460,64.933,1682.935,-,1593.820,3276.755,51.36
2019,058060,Lazio,Roma,MONTECOMPATRI,11802,Comune,1304.460,-,454.860,555.072,-,30.046,108.936,19.769,0.900,0.964,-,102.030,197.110,42.483,2816.630,-,1733.600,4550.230,61.90
2019,058061,Lazio,Roma,MONTEFLAVIO,1232,Comune,134.642,1.414,41.374,43.199,9.661,1.938,40.050,5.205,4.680,0.864,-,-,-,6.380,289.407,-,116.118,405.525,71.37
2019,058062,Lazio,Roma,MONTELANICO,2072,Comune,-,-,44.609,92.368,-,4.138,15.003,2.439,-,-,-,-,27.340,5.851,191.748,-,355.800,547.548,35.02
2019,058063,Lazio,Roma,MONTELIBRETTI,5171,Comune,407.400,9.120,193.170,109.705,-,13.881,194.108,35.672,15.910,1.790,23.850,1.170,115.280,21.447,1142.502,-,764.810,1907.312,59.90
2019,058065,Lazio,Roma,MONTEROTONDO,40898,Comune,2631.320,-,1420.800,1489.008,-,76.556,319.315,-,85.671,6.758,17.010,259.910,50.630,107.711,6464.689,-,10748.400,17213.089,37.56
2019,058066,Lazio,Roma,MONTORIO ROMANO,2005,Comune,207.670,10.033,57.950,62.076,21.380,4.414,62.035,7.225,5.270,0.507,30.510,-,8.990,3.363,481.422,13.854,178.055,673.331,71.50
2019,058067,Lazio,Roma,MORICONE,2468,Comune,261.429,2.842,78.096,75.509,19.431,6.039,83.684,9.776,0.200,1.207,30.751,-,18.334,4.444,591.742,-,243.299,835.041,70.86
2019,058068,Lazio,Roma,MORLUPO,8286,Comune,932.760,84.180,378.300,6.460,146.900,37.110,271.010,56.239,40.210,5.397,130.035,81.690,192.618,331.116,2694.025,-,584.700,3278.725,82.17
2019,058069,Lazio,Roma,NAZZANO,1333,Comune,120.600,-,38.890,60.840,-,4.080,34.800,-,-,-,-,-,-,-,259.210,7.070,184.340,450.620,57.52
2019,058070,Lazio,Roma,NEMI,1862,Comune,-,-,24.900,39.440,-,-,16.380,-,-,-,-,-,-,-,80.720,-,1626.280,1707.000,4.73
2019,058071,Lazio,Roma,NEROLA,1911,Comune,178.339,2.160,55.700,60.797,14.769,4.594,59.886,6.949,3.440,0.851,23.454,-,20.702,3.553,435.195,-,180.411,615.606,70.69
2019,058072,Lazio,Roma,NETTUNO,47754,Comune,3785.880,2532.350,1729.770,2308.390,445.160,216.016,566.411,135.719,-,15.273,517.760,447.760,213.140,207.283,13120.912,-,11067.760,24188.672,54.24
2019,058073,Lazio,Roma,OLEVANO ROMANO,6537,Comune,509.400,24.420,196.490,136.779,35.880,37.281,255.721,73.030,18.780,8.468,64.020,30.680,97.980,29.920,1518.848,-,817.960,2336.808,65.00
2019,058074,Lazio,Roma,PALESTRINA,21995,Comune,2058.779,293.570,1063.250,577.701,157.737,109.780,744.090,121.796,18.630,11.451,277.733,273.920,327.200,77.797,6113.435,-,2872.496,8985.931,68.03
2019,058075,Lazio,Roma,PALOMBARA SABINA,12688,Comune,957.440,-,415.230,686.667,-,22.613,486.137,64.610,32.460,1.670,3.410,-,173.950,31.973,2876.160,-,1533.470,4409.630,65.23
2019,058076,Lazio,Roma,PERCILE,212,Vedi aggregazione: UNIONE COMUNI VALLE USTICA,-,-,-,-,-,-,-,-,-,-,-,-,-,-,-,-,-,-,-
2019,058077,Lazio,Roma,PISONIANO,728,Vedi aggregazione: UNIONE DEI COMUNI VALLE DEL GIOVENZANO,-,-,-,-,-,-,-,-,-,-,-,-,-,-,-,-,-,-,-
2019,058078,Lazio,Roma,POLI,2281,Comune,187.190,-,68.980,25.406,30.235,10.874,73.512,3.770,7.730,1.316,29.345,-,-,5.557,443.916,14.880,278.530,737.326,60.21
2019,058079,Lazio,Roma,POMEZIA,61346,Comune,6874.680,1694.170,3315.880,3767.231,423.830,448.833,756.422,293.642,304.270,83.423,966.255,1094.630,1965.860,320.734,22309.860,-,10679.240,32989.100,67.63
2019,058080,Lazio,Roma,PONZANO ROMANO,1119,Comune,59.419,-,33.790,51.520,10.420,0.460,36.370,7.100,0.200,-,-,-,18.480,-,217.759,-,74.108,291.867,74.61
2019,058081,Lazio,Roma,RIANO,10393,Comune,738.020,310.800,290.600,197.225,11.940,29.370,344.156,24.500,19.350,0.450,-,104.920,185.820,41.528,2298.680,-,1144.640,3443.320,66.76
2019,058082,Lazio,Roma,RIGNANO FLAMINIO,10099,Comune,679.563,190.920,282.430,268.287,11.280,19.470,280.896,15.595,-,4.470,74.940,66.940,185.860,24.376,2105.028,-,1393.800,3498.828,60.16
2019,058083,Lazio,Roma,RIOFREDDO,732,Vedi aggregazione: UNIONE COMUNI MEDANIENE,-,-,-,-,-,-,-,-,-,-,-,-,-,-,-,-,-,-,-
2019,058084,Lazio,Roma,ROCCA CANTERANO,182,Vedi aggregazione: UNIONE DEI COMUNI VALLE DEL GIOVENZANO,-,-,-,-,-,-,-,-,-,-,-,-,-,-,-,-,-,-,-
2019,058085,Lazio,Roma,ROCCA DI CAVE,354,Comune,-,-,-,-,-,-,-,-,-,-,-,-,-,-,-,-,193.600,193.600,-
2019,058086,Lazio,Roma,ROCCA DI PAPA,16947,Comune,1152.800,689.120,613.500,327.457,345.940,127.280,735.934,90.234,40.220,26.941,260.115,202.440,493.400,78.650,5184.030,-,2532.640,7716.670,67.18
2019,058088,Lazio,Roma,ROCCA PRIORA,11861,Comune,1293.790,320.400,435.220,534.321,133.610,67.678,92.484,83.255,62.176,10.337,183.870,69.970,-,46.367,3333.478,-,1172.540,4506.018,73.98
2019,058089,Lazio,Roma,ROCCA SANTO STEFANO,941,Comune,94.830,-,22.670,46.425,-,0.612,24.528,-,-,-,-,-,-,0.865,189.930,-,60.320,250.250,75.90
2019,058087,Lazio,Roma,ROCCAGIOVINE,255,Vedi aggregazione: UNIONE COMUNI VALLE USTICA,-,-,-,-,-,-,-,-,-,-,-,-,-,-,-,-,-,-,-
2019,058090,Lazio,Roma,ROIATE,671,Comune,42.390,-,19.380,26.480,-,-,16.650,-,3.220,0.050,-,-,8.580,-,116.750,-,57.970,174.720,66.82
2019,058091,Lazio,Roma,ROMA,2808293,Comune,175720.240,77623.350,246064.090,115966.277,20308.940,9091.800,28186.654,8999.195,6823.000,1298.750,18449.000,18183.230,28391.040,10024.533,765130.099,-,926757.220,1691887.319,45.22
2019,058092,Lazio,Roma,ROVIANO,1299,Aggregazione: UNIONE COMUNI MEDANIENE,331.460,1.940,141.790,157.281,34.920,26.881,156.061,30.080,5.830,1.560,19.725,-,83.480,15.987,1006.995,-,908.810,1915.805,52.56
2019,058093,Lazio,Roma,SACROFANO,7401,Comune,499.060,149.460,214.860,302.220,95.080,52.070,156.738,11.295,47.860,6.900,45.050,171.650,93.400,1.630,1847.273,-,743.800,2591.073,71.29
2019,058094,Lazio,Roma,SAMBUCI,861,Vedi aggregazione: UNIONE DEI COMUNI VALLE DEL GIOVENZANO,-,-,-,-,-,-,-,-,-,-,-,-,-,-,-,-,-,-,-
2019,058119,Lazio,Roma,SAN CESAREO,15746,Comune,1020.460,377.630,839.660,-,227.630,204.300,627.470,162.200,50.490,43.542,241.380,146.440,157.620,481.500,4580.322,-,2804.960,7385.282,62.02
2019,058095,Lazio,Roma,SAN GREGORIO DA SASSOLA,1457,Comune,128.060,-,39.020,51.917,2.250,0.552,37.904,-,0.498,0.090,21.240,-,9.390,0.880,291.801,-,144.770,436.571,66.84
2019,058096,Lazio,Roma,SAN POLO DEI CAVALIERI,2788,Comune,363.050,7.100,92.180,126.147,-,1.800,89.767,-,8.740,0.770,-,-,31.410,2.546,723.510,-,304.320,1027.830,70.39
2019,058100,Lazio,Roma,SAN VITO ROMANO,3218,Comune,311.940,-,148.140,73.364,-,6.569,111.732,13.854,1.360,1.650,47.880,63.810,95.860,10.459,886.618,-,313.040,1199.658,73.91
2019,058098,Lazio,Roma,SANT'ANGELO ROMANO,4818,Comune,270.960,15.380,80.760,265.040,-,9.195,33.335,-,1.610,0.140,-,-,-,13.000,689.420,110.540,827.000,1626.960,42.38
2019,058099,Lazio,Roma,SANT'ORESTE,3576,Comune,302.850,23.320,123.440,189.410,-,-,130.660,17.100,3.410,0.170,4.620,-,56.210,-,851.190,-,322.540,1173.730,72.52
2019,058097,Lazio,Roma,SANTA MARINELLA,18174,Comune,1335.800,830.140,675.160,487.260,356.160,166.570,491.710,118.455,143.630,1.265,203.760,377.410,352.180,10.240,5549.740,-,6045.060,11594.800,47.86
2019,058101,Lazio,Roma,SARACINESCO,168,Vedi aggregazione: UNIONE DEI COMUNI VALLE DEL GIOVENZANO,-,-,-,-,-,-,-,-,-,-,-,-,-,-,-,-,-,-,-
2019,058102,Lazio,Roma,SEGNI,9139,Comune,51.421,-,61.918,56.075,-,8.675,69.253,-,20.670,0.305,-,-,-,12.266,280.583,27.400,3832.543,4140.526,6.78
2019,058103,Lazio,Roma,SUBIACO,8699,Comune,768.560,13.860,379.610,192.157,76.880,112.528,346.063,49.517,26.380,0.885,-,51.180,130.850,42.034,2190.504,-,1058.310,3248.814,67.43
2019,058104,Lazio,Roma,TIVOLI,54366,Comune,6365.610,641.210,2719.220,3205.544,-,362.478,762.565,338.315,341.270,43.300,749.850,140.930,732.840,251.812,16654.945,-,5845.430,22500.375,74.02
2019,058105,Lazio,Roma,TOLFA,4954,Comune,459.252,47.660,203.640,198.480,49.860,21.400,152.040,32.708,17.640,4.140,73.845,0.990,81.400,-,1343.055,-,486.870,1829.925,73.39
2019,058106,Lazio,Roma,TORRITA TIBERINA,1052,Comune,47.705,-,25.790,46.955,6.040,-,26.740,3.420,0.100,-,-,-,-,-,156.750,4.420,167.239,328.409,47.73
2019,058107,Lazio,Roma,TREVIGNANO ROMANO,5641,Comune,677.919,214.820,343.470,325.460,108.380,84.750,217.350,54.870,8.240,6.960,88.275,40.980,128.770,0.830,2301.074,-,751.900,3052.974,75.37
2019,058108,Lazio,Roma,VALLEPIETRA,256,Comune,4.100,-,12.610,22.281,-,0.427,8.130,-,-,-,-,-,4.520,0.604,52.672,-,83.480,136.152,38.69
2019,058109,Lazio,Roma,VALLINFREDA,288,Comune,2.000,-,4.340,6.780,-,-,2.300,-,-,0.050,-,-,-,-,15.470,-,78.580,94.050,16.45
2019,058110,Lazio,Roma,VALMONTONE,15206,Comune,1564.060,259.570,728.740,349.462,114.655,85.744,715.287,86.146,27.410,14.394,174.620,88.330,261.200,78.373,4547.992,-,2369.800,6917.792,65.74
2019,058111,Lazio,Roma,VELLETRI,52937,Comune,6176.880,1467.080,2138.240,1074.928,675.920,281.538,2462.238,295.262,225.080,33.343,307.120,356.160,1396.060,339.126,17228.975,-,4795.280,22024.255,78.23
2019,058112,Lazio,Roma,VICOVARO,3734,Aggregazione: UNIONE COMUNI VALLE USTICA,515.950,6.340,191.600,267.347,59.010,37.868,190.331,34.460,19.660,4.080,57.030,-,30.450,18.533,1432.660,-,524.040,1956.700,73.22
2019,058113,Lazio,Roma,VIVARO ROMANO,156,Vedi aggregazione: UNIONE COMUNI MEDANIENE,-,-,-,-,-,-,-,-,-,-,-,-,-,-,-,-,-,-,-
2019,058114,Lazio,Roma,ZAGAROLO,17912,Comune,1347.680,251.890,525.090,393.950,145.000,76.200,520.867,76.153,51.590,24.237,170.320,175.840,336.080,51.453,4146.350,-,2383.540,6529.890,63.50
2019,056001,Lazio,Viterbo,ACQUAPENDENTE,5369,Comune,481.930,-,310.210,-,58.130,46.080,-,49.970,-,2.060,80.955,-,-,-,1029.335,45.240,612.910,1687.485,61.00
2019,056002,Lazio,Viterbo,ARLENA DI CASTRO,817,Comune,47.580,-,19.520,-,-,-,-,-,-,0.030,12.555,-,-,-,79.685,-,114.120,193.805,41.12
2019,056003,Lazio,Viterbo,BAGNOREGIO,3492,Comune,277.836,99.730,174.730,149.623,63.480,25.650,93.600,52.090,4.460,5.030,-,-,43.180,0.410,989.819,-,598.550,1588.369,62.32
2019,056004,Lazio,Viterbo,BARBARANO ROMANO,1016,Comune,34.100,9.210,28.500,41.540,19.830,9.960,28.700,9.270,7.740,0.900,-,-,6.260,-,196.010,-,242.180,438.190,44.73
2019,056006,Lazio,Viterbo,BASSANO IN TEVERINA,1258,Comune,107.510,6.120,44.060,63.065,2.620,9.135,33.610,-,-,0.261,-,-,27.280,-,293.661,-,117.600,411.261,71.41
2019,056005,Lazio,Viterbo,BASSANO ROMANO,4583,Comune,353.260,5.340,211.520,75.560,-,25.040,97.740,18.055,-,0.740,70.935,-,-,-,858.190,33.540,658.140,1549.870,55.37
2019,056007,Lazio,Viterbo,BLERA,3059,Comune,183.650,5.440,106.779,95.672,29.930,14.120,68.704,16.630,-,2.076,-,-,44.300,7.310,574.611,-,380.340,954.951,60.17
2019,056008,Lazio,Viterbo,BOLSENA,3832,Comune,149.250,74.160,155.620,245.260,65.240,24.630,115.860,30.390,12.440,1.923,57.975,-,57.080,1.040,990.868,-,1540.340,2531.208,39.15
2019,056009,Lazio,Viterbo,BOMARZO,1695,Comune,158.430,5.810,76.290,75.294,1.420,11.815,56.825,-,4.250,0.431,-,-,17.070,-,407.635,-,146.840,554.475,73.52
2019,056010,Lazio,Viterbo,CALCATA,892,Comune,69.691,-,31.018,49.050,-,-,26.852,0.260,-,0.340,-,-,17.210,-,194.421,-,90.440,284.861,68.25
2019,056011,Lazio,Viterbo,CANEPINA,2984,Comune,304.540,-,131.790,116.522,-,21.388,76.950,3.500,-,0.690,-,-,56.870,-,712.250,-,290.200,1002.450,71.05
2019,056012,Lazio,Viterbo,CANINO,5206,Comune,424.210,4.240,191.480,177.580,75.650,19.780,127.880,27.350,-,0.082,-,-,25.620,-,1073.872,-,732.580,1806.452,59.45
2019,056013,Lazio,Viterbo,CAPODIMONTE,1671,Comune,163.466,98.740,83.420,71.654,1.170,19.580,7.090,21.240,7.750,0.130,25.350,-,105.900,-,605.490,-,396.390,1001.880,60.44
2019,056014,Lazio,Viterbo,CAPRANICA,6448,Comune,612.050,143.160,347.096,224.372,2.720,-,-,-,20.955,0.666,-,-,9.790,-,1360.809,-,470.220,1831.029,74.32
2019,056015,Lazio,Viterbo,CAPRAROLA,5261,Comune,367.640,202.580,216.900,136.477,115.956,77.720,208.560,59.300,15.740,4.742,-,-,134.180,7.440,1547.235,-,966.060,2513.295,61.56
2019,056016,Lazio,Viterbo,CARBOGNANO,1912,Comune,172.450,-,80.930,79.060,-,2.660,60.700,-,9.380,1.027,-,-,31.110,-,437.317,-,189.540,626.857,69.76
2019,056017,Lazio,Viterbo,CASTEL SANT'ELIA,2498,Comune,168.220,87.640,93.625,103.860,25.980,20.560,101.700,11.585,-,-,-,-,86.420,2.480,702.070,-,240.180,942.250,74.51
2019,056018,Lazio,Viterbo,CASTIGLIONE IN TEVERINA,2292,Comune,138.520,-,101.380,80.770,-,14.970,60.020,18.430,-,2.030,-,-,-,-,416.120,31.760,175.580,623.460,66.74
2019,056019,Lazio,Viterbo,CELLENO,1293,Comune,142.760,-,54.320,59.180,-,-,43.780,-,-,0.063,-,4.560,11.160,-,315.823,-,121.600,437.423,72.20
2019,056020,Lazio,Viterbo,CELLERE,1094,Comune,-,-,8.320,-,-,2.180,1.680,6.370,-,0.050,-,-,-,0.210,18.810,28.520,362.120,409.450,4.59
2019,056021,Lazio,Viterbo,CIVITA CASTELLANA,15614,Comune,813.800,6.500,1119.630,533.670,162.140,-,480.810,-,-,0.070,18.200,-,1.120,3.360,3139.300,-,1562.700,4702.000,66.77
2019,056022,Lazio,Viterbo,CIVITELLA D'AGLIANO,1540,Comune,36.510,-,49.220,46.380,-,15.650,57.050,18.890,3.100,0.602,-,-,94.480,-,321.882,-,264.940,586.822,54.85
2019,056023,Lazio,Viterbo,CORCHIANO,3582,Comune,444.280,7.320,118.722,131.400,51.230,31.630,109.370,27.353,17.060,3.350,25.200,-,28.620,-,995.535,-,165.890,1161.425,85.72
2019,056024,Lazio,Viterbo,FABRICA DI ROMA,8113,Comune,634.400,142.720,327.990,-,8.400,11.730,232.700,10.960,-,16.280,-,-,32.870,22.550,1440.600,-,575.760,2016.360,71.45
2019,056025,Lazio,Viterbo,FALERIA,2043,Comune,105.280,-,63.240,72.660,22.400,26.830,74.325,15.900,-,0.450,-,-,44.720,-,425.805,-,208.940,634.745,67.08
2019,056026,Lazio,Viterbo,FARNESE,1420,Comune,129.050,9.160,46.437,75.393,19.680,11.740,-,14.855,5.260,1.090,-,-,16.360,0.750,329.775,-,149.720,479.495,68.78
2019,056027,Lazio,Viterbo,GALLESE,2699,Comune,136.270,32.210,91.880,113.660,32.250,10.770,78.010,13.580,11.480,3.030,40.920,-,32.320,-,596.380,-,277.200,873.580,68.27
2019,056028,Lazio,Viterbo,GRADOLI,1285,Comune,139.290,3.670,58.470,81.350,-,6.030,44.550,13.630,3.120,0.152,19.410,-,36.740,-,406.412,-,153.740,560.152,72.55
2019,056029,Lazio,Viterbo,GRAFFIGNANO,2199,Comune,199.340,-,82.400,80.940,-,-,66.100,0.290,-,0.091,0.910,-,13.950,-,444.021,-,148.140,592.161,74.98
2019,056030,Lazio,Viterbo,GROTTE DI CASTRO,2515,Comune,271.540,26.260,110.500,107.170,-,16.530,63.830,18.280,5.570,0.100,37.965,-,-,-,657.745,68.790,301.980,1028.515,63.95
2019,056031,Lazio,Viterbo,ISCHIA DI CASTRO,2215,Comune,-,-,70.860,-,41.860,18.320,13.040,27.535,-,1.250,33.525,-,-,-,206.390,22.160,481.990,710.540,29.05
2019,056032,Lazio,Viterbo,LATERA,795,Comune,85.170,-,36.490,-,-,-,-,1.250,-,0.060,-,-,-,-,122.970,2.320,85.640,210.930,58.30
2019,056033,Lazio,Viterbo,LUBRIANO,889,Comune,56.800,-,46.440,46.150,-,-,28.520,4.210,4.300,0.370,-,-,24.460,-,211.250,-,148.960,360.210,58.65
2019,056034,Lazio,Viterbo,MARTA,3326,Comune,358.930,-,185.170,-,51.140,27.690,-,15.390,-,2.280,-,-,53.240,-,693.840,-,410.000,1103.840,62.86
2019,056035,Lazio,Viterbo,MONTALTO DI CASTRO,8785,Comune,375.020,957.320,302.410,280.570,144.400,22.230,190.240,98.860,19.590,1.500,116.980,360.306,82.060,44.960,2996.446,-,4550.660,7547.106,39.70
2019,056037,Lazio,Viterbo,MONTE ROMANO,1928,Comune,71.170,-,62.654,44.205,17.720,12.730,65.171,7.235,-,-,-,-,-,-,280.885,24.320,359.040,664.245,42.29
2019,056036,Lazio,Viterbo,MONTEFIASCONE,13053,Comune,1748.049,222.690,704.065,507.600,197.640,70.000,27.580,117.035,46.580,17.265,197.805,232.340,141.320,4.690,4234.659,-,1365.280,5599.939,75.62
2019,056038,Lazio,Viterbo,MONTEROSI,4574,Comune,408.360,141.770,145.060,215.580,141.550,2.860,119.400,28.950,-,0.280,-,4.920,141.320,0.790,1350.840,-,481.520,1832.360,73.72
2019,056039,Lazio,Viterbo,NEPI,8963,Comune,658.340,640.320,845.410,864.010,255.840,99.390,286.720,93.760,50.000,40.260,-,-,-,-,3834.050,-,1464.240,5298.290,72.36
2019,056040,Lazio,Viterbo,ONANO,971,Comune,99.610,-,29.020,65.480,-,3.700,-,5.655,-,0.090,-,-,-,-,203.555,15.550,97.550,316.655,64.28
2019,056041,Lazio,Viterbo,ORIOLO ROMANO,3690,Comune,374.186,114.320,174.910,143.230,87.540,42.570,171.018,41.100,11.680,3.080,57.510,54.060,37.602,0.040,1312.846,20.248,254.660,1587.754,82.69
2019,056042,Lazio,Viterbo,ORTE,9216,Comune,507.380,15.200,412.460,275.527,85.540,18.297,6.769,61.450,-,2.232,2.180,-,-,2.637,1389.672,6.640,1755.400,3151.712,44.09
2019,056043,Lazio,Viterbo,PIANSANO,1968,Comune,190.160,5.480,96.330,61.380,58.280,18.490,46.570,34.350,-,0.059,29.580,4.160,31.020,-,575.859,-,159.580,735.439,78.30
2019,056044,Lazio,Viterbo,PROCENO,529,Comune,52.560,-,49.930,30.190,-,-,16.180,-,-,0.078,-,-,3.800,12.080,164.818,-,46.600,211.418,77.96
2019,056045,Lazio,Viterbo,RONCIGLIONE,8331,Comune,680.660,132.480,431.960,685.630,131.210,33.460,271.270,54.810,18.380,1.920,-,97.440,43.540,63.830,2646.590,-,1160.920,3807.510,69.51
2019,056047,Lazio,Viterbo,SAN LORENZO NUOVO,2032,Comune,212.500,4.920,95.980,90.410,14.820,6.600,-,17.280,-,0.820,-,-,13.860,-,457.190,-,225.450,682.640,66.97
2019,056048,Lazio,Viterbo,SORIANO NEL CIMINO,8011,Comune,611.980,37.030,242.389,240.128,21.640,28.661,182.868,121.080,-,10.727,-,47.930,124.690,4.120,1673.243,-,1127.060,2800.303,59.75
2019,056049,Lazio,Viterbo,SUTRI,6482,Comune,-,20.520,111.820,137.490,25.500,-,15.910,27.488,-,-,-,-,69.270,69.580,477.578,-,2855.820,3333.398,14.33
2019,056050,Lazio,Viterbo,TARQUINIA,16148,Comune,660.030,576.210,730.620,554.410,386.120,152.760,438.110,101.930,57.980,64.690,246.150,474.200,162.260,6.590,4612.060,-,6725.080,11337.140,40.68
2019,056051,Lazio,Viterbo,TESSENNANO,306,Comune,-,-,-,-,-,-,-,-,-,-,-,-,-,-,-,-,119.420,119.420,-
2019,056052,Lazio,Viterbo,TUSCANIA,8260,Comune,-,25.120,113.050,125.417,146.380,29.040,53.700,36.500,18.920,0.320,14.700,-,-,2.897,566.045,52.520,3591.190,4209.755,13.45
2019,056053,Lazio,Viterbo,VALENTANO,2795,Comune,280.080,70.880,167.140,125.220,-,8.840,74.030,32.450,10.280,0.264,-,1.860,74.460,-,845.504,-,282.060,1127.564,74.99
2019,056054,Lazio,Viterbo,VALLERANO,2480,Comune,228.250,21.680,91.190,108.785,40.470,7.700,81.115,16.630,-,0.510,17.880,26.280,11.080,-,651.570,-,249.060,900.630,72.35
2019,056055,Lazio,Viterbo,VASANELLO,3914,Comune,284.340,31.090,131.000,156.120,58.190,10.960,116.416,23.810,9.680,0.730,25.730,70.520,15.890,-,934.476,-,383.240,1317.716,70.92
2019,056056,Lazio,Viterbo,VEJANO,2187,Comune,142.060,16.520,48.900,98.804,28.680,11.784,74.580,16.135,6.300,-,33.300,-,-,4.732,481.795,21.340,198.920,702.055,68.63
2019,056057,Lazio,Viterbo,VETRALLA,13525,Comune,-,15.600,455.275,241.590,77.580,48.970,197.650,72.073,18.600,4.160,55.420,101.510,51.840,-,1340.268,-,5609.770,6950.038,19.28
2019,056058,Lazio,Viterbo,VIGNANELLO,4385,Comune,314.260,33.680,141.930,169.165,63.020,11.920,126.099,25.830,8.820,0.925,27.880,60.520,17.250,-,1001.299,-,510.220,1511.519,66.25
2019,056046,Lazio,Viterbo,VILLA SAN GIOVANNI IN TUSCIA,1237,Comune,-,-,28.020,24.780,24.390,11.670,20.380,8.120,-,0.345,-,-,-,-,117.705,7.680,153.400,278.785,42.22
2019,056059,Lazio,Viterbo,VITERBO,65911,Comune,5293.842,80.050,3490.088,3461.280,241.990,242.000,676.780,162.127,241.630,15.722,-,1007.420,326.250,307.853,15547.032,-,11369.720,26916.752,57.76
2019,056060,Lazio,Viterbo,VITORCHIANO,5207,Comune,445.590,54.760,232.990,213.020,47.960,63.710,132.400,-,-,2.630,-,129.640,41.620,3.500,1367.820,-,330.490,1698.310,80.54
2020,060001,Lazio,Frosinone,ACQUAFONDATA,267,Vedi aggregazione: Unione Comuni 'Val Comino',-,-,-,-,-,-,-,-,-,-,-,-,-,-,-,-,-,-,-
2020,060002,Lazio,Frosinone,ACUTO,1882,Comune,182.660,0.210,59.820,51.751,-,7.036,132.607,20.050,9.640,0.158,-,-,21.110,9.938,494.980,-,188.040,683.020,72.47
2020,060003,Lazio,Frosinone,ALATRI,27495,Comune,3159.900,287.160,1359.030,1769.490,-,106.431,519.080,159.225,48.942,17.155,69.680,58.410,629.950,147.128,8331.582,-,2987.370,11318.952,73.61
2020,060004,Lazio,Frosinone,ALVITO,2533,Aggregazione: Unione Comuni 'Val Comino',-,-,246.984,532.179,18.980,28.354,84.204,28.940,4.320,0.115,-,-,57.410,56.244,1057.729,-,1630.148,2687.877,39.35
2020,060005,Lazio,Frosinone,AMASENO,4215,Comune,270.410,-,154.180,291.543,-,16.571,60.090,12.400,2.270,-,-,-,12.710,23.386,843.560,-,399.680,1243.240,67.85
2020,060006,Lazio,Frosinone,ANAGNI,20988,Comune,1936.580,2.380,1152.240,1250.617,-,77.561,281.158,63.700,42.580,0.580,-,-,226.390,109.554,5143.340,-,2517.480,7660.820,67.14
2020,060007,Lazio,Frosinone,AQUINO,4958,Comune,491.160,57.660,185.460,274.054,-,18.323,66.423,-,13.250,0.500,-,-,54.820,25.880,1187.530,-,662.520,1850.050,64.19
2020,060008,Lazio,Frosinone,ARCE,5458,Comune,271.500,7.100,192.580,311.180,-,14.824,53.737,29.950,9.581,0.588,-,1.540,116.760,20.939,1030.279,-,936.920,1967.199,52.37
2020,060009,Lazio,Frosinone,ARNARA,2252,Comune,101.480,-,41.570,129.473,-,27.553,107.282,3.660,-,-,-,-,-,11.121,422.140,5.590,254.980,682.710,61.83
2020,060010,Lazio,Frosinone,ARPINO,6880,Comune,511.160,-,195.050,369.423,-,21.545,79.700,21.000,5.490,0.930,-,-,-,30.432,1234.730,48.400,772.620,2055.750,60.06
2020,060011,Lazio,Frosinone,ATINA,4147,Comune,263.480,6.190,305.640,207.890,3.160,3.180,1.140,11.240,5.050,0.748,-,-,-,-,807.718,-,598.120,1405.838,57.46
2020,060012,Lazio,Frosinone,AUSONIA,2429,Comune,151.680,-,111.060,127.004,-,6.651,24.111,5.350,2.760,0.360,-,-,28.710,9.395,467.080,-,251.200,718.280,65.03
2020,060013,Lazio,Frosinone,BELMONTE CASTELLO,686,Vedi aggregazione: Unione Comuni 'Val Comino',-,-,-,-,-,-,-,-,-,-,-,-,-,-,-,-,-,-,-
2020,060014,Lazio,Frosinone,BOVILLE ERNICA,8415,Comune,356.640,-,170.080,626.969,-,20.795,75.383,23.940,-,0.396,-,1.340,45.780,29.373,1350.696,-,1322.500,2673.196,50.53
2020,060015,Lazio,Frosinone,BROCCOSTELLA,2702,Comune,147.440,-,85.360,118.670,1.270,-,0.160,5.990,4.270,0.110,-,-,3.980,0.160,367.410,-,488.240,855.650,42.94
2020,060016,Lazio,Frosinone,CAMPOLI APPENNINO,1623,Comune,-,-,32.280,68.340,-,0.449,1.627,7.610,-,0.470,1.570,-,20.290,0.634,133.270,-,236.520,369.790,36.04
2020,060017,Lazio,Frosinone,CASALATTICO,510,Comune,-,-,9.990,27.150,-,1.176,4.263,0.450,-,-,-,-,1.130,1.661,45.820,-,43.540,89.360,51.28
2020,060018,Lazio,Frosinone,CASALVIERI,2473,Comune,-,-,74.170,145.823,4.640,9.145,30.773,9.980,1.860,-,-,-,11.440,11.249,299.080,-,382.900,681.980,43.86
2020,060019,Lazio,Frosinone,CASSINO,36041,Comune,3758.800,281.190,3089.450,2058.220,69.040,32.150,4.860,64.874,83.000,3.122,133.340,484.350,622.155,1.013,10685.564,-,5367.726,16053.290,66.56
2020,060020,Lazio,Frosinone,CASTELLIRI,3259,Comune,282.382,-,136.840,212.823,-,12.810,46.435,9.752,-,0.218,-,-,8.070,18.092,727.422,-,292.675,1020.097,71.31
2020,060021,Lazio,Frosinone,CASTELNUOVO PARANO,869,Comune,-,-,7.580,8.420,-,-,-,-,-,-,-,-,-,-,16.000,-,386.129,402.129,3.98
2020,060023,Lazio,Frosinone,CASTRO DEI VOLSCI,4539,Comune,258.200,2.370,154.190,177.570,-,-,50.370,10.315,6.170,-,-,-,23.670,-,682.855,-,357.360,1040.215,65.65
2020,060022,Lazio,Frosinone,CASTROCIELO,3862,Comune,-,-,265.620,222.586,-,18.695,52.944,8.785,10.060,0.699,-,-,21.830,20.630,621.849,-,751.780,1373.629,45.27
2020,060024,Lazio,Frosinone,CECCANO,22310,Comune,1899.940,419.630,1011.100,1807.411,68.720,157.948,1.100,0.240,59.100,0.627,49.660,-,258.540,129.492,5863.507,-,2221.682,8085.189,72.52
2020,060025,Lazio,Frosinone,CEPRANO,8354,Comune,801.660,107.940,355.970,535.932,34.300,33.922,127.656,51.380,32.480,1.288,-,-,94.250,107.215,2283.993,-,789.955,3073.948,74.30
2020,060026,Lazio,Frosinone,CERVARO,7834,Comune,546.260,22.140,235.920,452.499,-,24.841,90.053,25.920,-,0.080,-,-,57.000,35.087,1489.800,-,1079.460,2569.260,57.99
2020,060027,Lazio,Frosinone,COLFELICE,1826,Comune,90.940,-,51.430,66.300,-,3.904,45.535,2.672,2.700,0.130,-,-,8.080,17.560,289.251,-,272.740,561.991,51.47
2020,060029,Lazio,Frosinone,COLLE SAN MAGNO,642,Comune,92.660,-,14.020,31.695,-,1.435,5.202,-,3.590,-,-,-,12.780,2.027,163.410,-,42.400,205.810,79.40
2020,060028,Lazio,Frosinone,COLLEPARDO,893,Comune,70.420,-,21.960,58.927,-,2.744,9.942,1.360,-,0.200,-,-,8.800,3.872,178.224,-,85.360,263.584,67.62
2020,060030,Lazio,Frosinone,CORENO AUSONIO,1551,Comune,37.080,0.380,35.270,43.020,5.940,3.880,68.860,9.031,6.890,0.513,-,-,22.150,-,233.014,-,283.690,516.704,45.10
2020,060031,Lazio,Frosinone,ESPERIA,3789,Comune,133.240,-,88.340,193.885,0.480,11.739,42.554,6.280,17.600,0.505,-,-,42.620,16.582,553.825,-,345.460,899.285,61.59
2020,060032,Lazio,Frosinone,FALVATERRA,541,Comune,41.280,-,10.890,29.117,-,1.561,5.658,2.483,-,0.030,-,-,9.240,2.205,102.463,-,96.900,199.363,51.40
2020,060033,Lazio,Frosinone,FERENTINO,19853,Comune,1271.160,24.590,987.030,973.996,-,43.672,158.314,82.660,25.420,0.770,-,23.720,106.730,63.228,3761.290,-,5262.679,9023.969,41.68
2020,060034,Lazio,Frosinone,FILETTINO,501,Comune,0.620,-,27.670,25.805,-,0.637,2.308,4.580,-,-,-,-,7.480,0.899,70.000,-,226.980,296.980,23.57
2020,060035,Lazio,Frosinone,FIUGGI,10173,Comune,1090.610,16.090,672.240,424.980,-,38.544,462.528,45.365,13.266,-,8.600,205.340,197.160,130.060,3304.783,-,1659.740,4964.523,66.57
2020,060036,Lazio,Frosinone,FONTANA LIRI,2783,Comune,231.050,-,90.530,84.435,3.580,4.400,63.000,10.245,9.730,-,-,2.300,25.435,24.660,549.365,-,381.180,930.545,59.04
2020,060037,Lazio,Frosinone,FONTECHIARI,1270,Comune,27.460,-,22.130,62.780,2.530,4.667,9.456,3.700,-,-,-,-,2.760,3.627,139.110,-,151.560,290.670,47.86
2020,060038,Lazio,Frosinone,FROSINONE,44485,Comune,5361.040,517.930,4384.260,3036.916,317.780,240.869,748.297,201.285,190.340,21.682,56.180,509.900,327.050,279.677,16193.207,-,6410.180,22603.387,71.64
2020,060039,Lazio,Frosinone,FUMONE,2021,Comune,110.580,-,47.920,90.040,-,15.560,51.940,13.470,4.540,-,-,-,22.470,-,356.520,-,160.920,517.440,68.90
2020,060040,Lazio,Frosinone,GALLINARO,1217,Vedi aggregazione: Unione Comuni 'Val Comino',-,-,-,-,-,-,-,-,-,-,-,-,-,-,-,-,-,-,-
2020,060041,Lazio,Frosinone,GIULIANO DI ROMA,2383,Comune,181.825,0.700,68.660,190.633,-,13.562,49.166,11.940,1.450,0.130,-,-,20.620,19.159,557.845,-,237.700,795.545,70.12
2020,060042,Lazio,Frosinone,GUARCINO,1524,Comune,-,-,11.720,9.408,-,0.837,3.034,-,-,0.200,-,-,-,1.040,26.239,-,618.420,644.659,4.07
2020,060043,Lazio,Frosinone,ISOLA DEL LIRI,11012,Comune,1002.140,55.110,571.100,674.323,-,33.217,120.411,44.815,37.040,1.240,92.580,-,88.520,46.919,2767.415,-,1733.380,4500.795,61.49
2020,060044,Lazio,Frosinone,MONTE SAN GIOVANNI CAMPANO,12307,Comune,746.040,-,405.720,721.668,-,44.414,161.002,42.900,23.330,-,-,-,79.880,62.736,2287.690,-,1460.000,3747.690,61.04
2020,060045,Lazio,Frosinone,MOROLO,3181,Comune,200.340,-,127.725,224.329,-,10.978,39.797,9.800,-,0.071,-,-,14.870,15.506,643.416,-,398.310,1041.726,61.76
2020,060046,Lazio,Frosinone,PALIANO,7967,Comune,711.040,-,326.731,476.910,-,29.286,106.169,27.515,13.800,3.872,22.680,29.640,114.750,41.367,1903.760,-,668.395,2572.155,74.01
2020,060047,Lazio,Frosinone,PASTENA,1325,Comune,-,-,6.790,59.016,-,-,3.052,-,-,-,-,-,2.870,3.052,74.780,-,365.940,440.720,16.97
2020,060048,Lazio,Frosinone,PATRICA,3095,Comune,310.000,17.320,179.800,244.887,-,15.518,56.255,27.854,-,0.390,-,-,39.310,21.920,913.254,-,269.600,1182.854,77.21
2020,060049,Lazio,Frosinone,PESCOSOLIDO,1457,Comune,76.200,-,25.610,117.800,-,3.881,14.068,6.960,-,-,-,-,5.720,5.480,255.720,-,157.200,412.920,61.93
2020,060050,Lazio,Frosinone,PICINISCO,1110,Vedi aggregazione: Unione Comuni 'Val Comino',-,-,-,-,-,-,-,-,-,-,-,-,-,-,-,-,-,-,-
2020,060051,Lazio,Frosinone,PICO,2716,Comune,66.100,-,68.390,131.590,-,8.025,29.090,4.640,-,-,-,-,3.940,11.335,323.110,-,380.500,703.610,45.92
2020,060052,Lazio,Frosinone,PIEDIMONTE SAN GERMANO,6260,Comune,536.920,95.530,282.540,396.040,-,25.318,91.779,-,17.510,1.015,-,-,102.900,35.763,1585.315,-,958.300,2543.615,62.33
2020,060053,Lazio,Frosinone,PIGLIO,4393,Comune,538.790,-,148.860,303.011,-,-,-,12.340,-,0.765,-,17.190,38.700,19.580,1079.236,-,314.640,1393.876,77.43
2020,060054,Lazio,Frosinone,PIGNATARO INTERAMNA,2431,Comune,130.480,-,48.820,257.150,-,-,-,-,-,-,-,-,20.590,-,457.040,-,330.740,787.780,58.02
2020,060055,Lazio,Frosinone,POFI,3966,Comune,-,-,104.100,210.444,-,10.630,38.532,20.733,-,-,-,-,22.900,15.014,422.353,-,701.100,1123.453,37.59
2020,060056,Lazio,Frosinone,PONTECORVO,12496,Comune,44.170,-,57.680,70.319,-,1.643,6.357,15.961,14.610,0.884,-,-,25.930,2.321,239.875,-,5146.340,5386.215,4.45
2020,060057,Lazio,Frosinone,POSTA FIBRENO,1084,Comune,53.440,-,26.900,68.347,-,2.550,9.242,0.940,3.140,-,-,-,-,3.601,168.160,2.180,215.350,385.690,43.60
2020,060058,Lazio,Frosinone,RIPI,5023,Comune,184.490,-,172.460,274.283,-,16.083,58.306,20.710,6.180,0.545,-,-,30.170,22.718,785.945,-,853.440,1639.385,47.94
2020,060059,Lazio,Frosinone,ROCCA D'ARCE,920,Comune,72.020,-,22.120,49.623,-,2.648,9.599,3.630,2.330,-,-,-,6.500,3.740,172.210,-,77.960,250.170,68.84
2020,060060,Lazio,Frosinone,ROCCASECCA,7084,Comune,599.240,38.400,249.160,238.610,-,7.300,170.000,10.010,-,0.447,-,0.150,31.590,70.090,1414.997,-,1016.120,2431.117,58.20
2020,060061,Lazio,Frosinone,SAN BIAGIO SARACINISCO,299,Comune,-,-,10.215,11.628,0.067,0.559,-,0.139,-,-,-,-,-,0.077,22.685,-,85.420,108.105,20.98
2020,060062,Lazio,Frosinone,SAN DONATO VAL DI COMINO,1898,Vedi aggregazione: Unione Comuni 'Val Comino',-,-,-,-,-,-,-,-,-,-,-,-,-,-,-,-,-,-,-
2020,060063,Lazio,Frosinone,SAN GIORGIO A LIRI,3016,Comune,259.340,-,197.560,247.491,-,-,-,7.740,1.320,0.344,-,-,-,63.229,777.024,27.860,540.900,1345.784,57.74
2020,060064,Lazio,Frosinone,SAN GIOVANNI INCARICO,3177,Comune,99.580,-,73.980,140.446,-,7.252,26.289,8.730,3.540,-,-,-,20.500,10.243,390.560,-,620.240,1010.800,38.64
2020,060070,Lazio,Frosinone,SAN VITTORE DEL LAZIO,2456,Comune,185.420,22.020,75.860,152.703,-,8.531,30.935,10.160,1.780,0.060,-,-,37.420,13.111,538.000,-,296.820,834.820,64.45
2020,060065,Lazio,Frosinone,SANT'AMBROGIO SUL GARIGLIANO,893,Comune,-,-,31.460,55.749,-,3.523,12.772,2.585,-,-,-,-,9.255,4.976,120.320,-,24.400,144.720,83.14
2020,060066,Lazio,Frosinone,SANT'ANDREA DEL GARIGLIANO,1317,Comune,38.840,-,31.940,71.480,-,4.233,15.347,3.070,-,-,-,-,8.330,5.980,179.220,-,108.360,287.580,62.32
2020,060067,Lazio,Frosinone,SANT'APOLLINARE,1841,Comune,-,-,54.725,73.975,2.824,4.822,19.756,6.740,18.634,0.089,-,-,23.020,6.298,210.883,-,345.060,555.943,37.93
2020,060068,Lazio,Frosinone,SANT'ELIA FIUMERAPIDO,5738,Comune,347.000,27.960,196.220,338.746,-,19.553,70.883,13.940,46.830,0.525,-,-,81.080,27.618,1170.355,-,836.360,2006.715,58.32
2020,060069,Lazio,Frosinone,SANTOPADRE,1244,Comune,-,-,-,-,-,-,-,-,-,-,-,-,11.100,-,11.100,-,325.780,336.880,3.30
2020,060071,Lazio,Frosinone,SERRONE,3000,Comune,244.260,-,99.450,62.909,-,20.214,118.480,18.565,8.800,2.287,4.049,-,102.620,13.749,695.383,-,262.060,957.443,72.63
2020,060072,Lazio,Frosinone,SETTEFRATI,698,Vedi aggregazione: Unione Comuni 'Val Comino',-,-,-,-,-,-,-,-,-,-,-,-,-,-,-,-,-,-,-
2020,060073,Lazio,Frosinone,SGURGOLA,2419,Comune,152.900,1.050,75.400,96.355,-,5.314,19.238,14.820,-,0.190,-,-,35.620,7.503,408.390,-,300.720,709.110,57.59
2020,060074,Lazio,Frosinone,SORA,25395,Comune,2547.220,538.950,1405.490,934.480,244.840,30.240,853.860,223.337,181.390,11.509,132.950,-,-,-,7104.266,-,4282.740,11387.006,62.39
2020,060075,Lazio,Frosinone,STRANGOLAGALLI,2328,Comune,103.360,-,89.250,147.011,-,9.954,36.085,8.080,2.280,0.171,-,5.040,10.840,14.060,426.131,-,246.380,672.511,63.36
2020,060076,Lazio,Frosinone,SUPINO,4768,Comune,335.700,8.880,119.980,292.835,3.380,14.367,46.645,9.740,-,1.031,2.080,3.000,46.030,18.794,902.461,6.280,512.637,1421.378,63.49
2020,060077,Lazio,Frosinone,TERELLE,306,Vedi aggregazione: Unione Comuni 'Val Comino',-,-,-,-,-,-,-,-,-,-,-,-,-,-,-,-,-,-,-
2020,060078,Lazio,Frosinone,TORRE CAJETANI,1314,Comune,-,-,13.940,41.960,2.240,1.111,23.233,4.380,5.930,0.090,-,-,6.630,8.560,108.074,-,266.015,374.089,28.89
2020,060079,Lazio,Frosinone,TORRICE,4740,Comune,382.400,-,178.220,288.244,-,18.230,66.087,20.995,-,15.560,-,-,-,25.749,995.485,20.840,365.305,1381.630,72.05
2020,060080,Lazio,Frosinone,TREVI NEL LAZIO,1782,Comune,-,-,5.725,3.360,-,1.348,4.195,-,5.940,0.070,-,-,13.190,3.610,37.438,-,1202.880,1240.318,3.02
2020,060081,Lazio,Frosinone,TRIVIGLIANO,1619,Comune,90.260,-,33.403,86.738,2.960,4.347,16.728,3.290,11.670,0.230,-,-,-,5.914,255.539,-,187.015,442.554,57.74
2020,060082,Lazio,Frosinone,VALLECORSA,2495,Comune,170.260,-,67.240,151.564,-,9.327,33.772,8.040,2.450,0.120,-,-,16.730,13.518,473.020,-,117.100,590.120,80.16
2020,060083,Lazio,Frosinone,VALLEMAIO,904,Comune,-,-,12.800,39.768,-,2.059,7.465,2.010,-,-,-,-,5.570,2.909,72.580,-,100.840,173.420,41.85
2020,060084,Lazio,Frosinone,VALLEROTONDA,1415,Comune,-,-,-,-,-,-,-,-,0.560,0.530,-,-,16.320,0.180,17.590,-,605.140,622.730,2.83
2020,060085,Lazio,Frosinone,VEROLI,19626,Comune,1347.200,49.740,690.640,1287.445,-,66.399,240.698,82.865,-,6.174,-,80.080,173.050,93.789,4118.079,-,2974.500,7092.579,58.06
2020,060086,Lazio,Frosinone,VICALVI,735,Vedi aggregazione: Unione Comuni 'Val Comino',-,-,-,-,-,-,-,-,-,-,-,-,-,-,-,-,-,-,-
2020,060087,Lazio,Frosinone,VICO NEL LAZIO,2110,Comune,155.120,-,44.000,137.840,-,7.036,25.506,15.850,7.560,-,-,-,-,9.938,402.850,15.780,196.420,615.050,65.50
2020,060088,Lazio,Frosinone,VILLA LATINA,1156,Vedi aggregazione: Unione Comuni 'Val Comino',-,-,-,-,-,-,-,-,-,-,-,-,-,-,-,-,-,-,-
2020,060089,Lazio,Frosinone,VILLA SANTA LUCIA,2547,Comune,200.280,-,84.680,176.388,-,12.183,44.161,-,12.730,0.290,-,-,36.080,17.207,584.000,-,187.160,771.160,75.73
2020,060090,Lazio,Frosinone,VILLA SANTO STEFANO,1669,Comune,63.840,-,38.560,113.623,-,5.309,36.028,-,1.250,-,-,-,-,7.500,266.110,-,187.380,453.490,58.68
2020,060091,Lazio,Frosinone,VITICUSO,302,Vedi aggregazione: Unione Comuni 'Val Comino',-,-,-,-,-,-,-,-,-,-,-,-,-,-,-,-,-,-,-
2020,059001,Lazio,Latina,APRILIA,73296,Comune,8995.870,1458.260,3363.890,3873.626,1113.085,577.005,1257.179,472.140,105.500,95.907,1078.960,380.380,1346.340,594.980,24713.122,-,8370.560,33083.682,74.70
2020,059002,Lazio,Latina,BASSIANO,1456,Comune,107.440,23.880,59.460,73.678,-,16.838,41.327,29.280,-,-,-,-,34.140,16.117,402.160,-,101.420,503.580,79.86
2020,059003,Lazio,Latina,CAMPODIMELE,565,Comune,59.180,-,16.730,25.730,-,3.200,23.570,2.900,0.470,-,-,-,-,-,131.780,-,85.740,217.520,60.58
2020,059004,Lazio,Latina,CASTELFORTE,4235,Comune,513.940,49.660,204.370,139.050,-,19.954,151.520,10.970,-,1.775,-,-,166.900,-,1258.139,-,568.200,1826.339,68.89
2020,059005,Lazio,Latina,CISTERNA DI LATINA,35506,Comune,4650.550,2136.130,921.300,638.052,301.860,163.569,399.957,110.960,136.440,13.820,-,161.340,1196.260,465.042,11295.280,-,10771.480,22066.760,51.19
2020,059006,Lazio,Latina,CORI,10518,Comune,1280.780,55.040,320.680,354.239,12.020,54.867,319.013,38.055,23.820,3.602,5.240,106.620,282.240,2.730,2858.947,-,879.100,3738.047,76.48
2020,059007,Lazio,Latina,FONDI,39114,Comune,7040.870,1076.140,2180.500,2666.590,228.780,211.648,566.066,219.711,194.540,13.430,318.040,257.940,1373.660,220.756,16568.671,-,3139.440,19708.111,84.07
2020,059008,Lazio,Latina,FORMIA,37219,Comune,5240.980,1507.590,2088.785,2107.958,229.170,158.416,419.522,134.239,128.810,23.100,343.720,532.310,902.160,153.358,13970.119,-,5814.850,19784.969,70.61
2020,059009,Lazio,Latina,GAETA,19851,Comune,2473.050,278.780,1067.590,792.300,146.000,208.510,589.810,84.295,58.670,10.160,194.910,258.640,840.540,138.660,7141.915,-,5078.820,12220.735,58.44
2020,059010,Lazio,Latina,ITRI,10327,Comune,1599.830,70.030,511.120,655.388,160.380,66.789,138.337,42.120,50.030,4.880,154.905,64.760,186.340,50.576,3755.485,-,954.000,4709.485,79.74
2020,059011,Lazio,Latina,LATINA,126612,Comune,5766.940,1588.580,3778.480,3023.615,1277.300,568.487,1566.049,469.755,30.430,70.425,1160.880,-,545.980,614.559,20461.480,-,47950.940,68412.420,29.91
2020,059012,Lazio,Latina,LENOLA,4094,Comune,512.120,-,109.060,154.560,53.320,32.510,104.910,19.820,9.050,-,-,-,12.610,-,1007.960,-,466.140,1474.100,68.38
2020,059013,Lazio,Latina,MAENZA,3015,Comune,341.140,-,63.360,107.440,-,27.570,108.200,11.320,5.280,0.060,-,-,41.280,-,705.650,-,238.510,944.160,74.74
2020,059014,Lazio,Latina,MINTURNO,19441,Comune,2669.580,440.440,960.840,984.050,225.820,185.719,551.964,117.490,51.350,14.060,212.490,249.660,442.460,226.797,7332.720,-,3168.160,10500.880,69.83
2020,059015,Lazio,Latina,MONTE SAN BIAGIO,6150,Comune,729.720,39.280,235.580,147.273,28.220,26.484,266.647,14.750,5.210,-,-,-,28.630,32.215,1554.010,-,703.100,2257.110,68.85
2020,059016,Lazio,Latina,NORMA,3722,Comune,327.040,51.330,74.380,329.411,-,50.962,184.770,26.766,9.640,0.147,7.260,-,101.800,72.645,1236.151,-,222.300,1458.451,84.76
2020,059017,Lazio,Latina,PONTINIA,14992,Comune,1053.160,158.300,753.640,683.940,72.080,172.070,301.470,85.960,49.592,5.210,50.860,151.560,103.260,362.960,4004.062,-,2781.220,6785.282,59.01
2020,059018,Lazio,Latina,PONZA,3311,Comune,-,-,99.940,68.209,-,10.552,38.259,8.720,-,6.052,-,-,33.400,14.920,280.052,-,2293.980,2574.032,10.88
2020,059019,Lazio,Latina,PRIVERNO,13708,Comune,2296.420,21.240,561.540,504.533,-,78.055,309.198,37.070,33.190,1.220,0.080,-,267.200,115.405,4225.150,-,1530.420,5755.570,73.41
2020,059020,Lazio,Latina,PROSSEDI,1170,Comune,128.960,-,60.440,75.673,-,11.707,42.446,7.658,5.400,0.120,-,-,27.940,16.553,376.898,-,121.120,498.018,75.68
2020,059022,Lazio,Latina,ROCCA MASSIMA,1087,Comune,107.700,-,47.800,69.201,-,10.706,38.816,9.700,3.140,1.990,-,-,20.960,15.137,325.150,-,128.320,453.470,71.70
2020,059021,Lazio,Latina,ROCCAGORGA,4235,Comune,479.920,11.080,97.360,104.934,31.140,25.634,180.898,6.578,2.200,1.560,23.640,-,-,22.954,987.898,-,274.120,1262.018,78.28
2020,059023,Lazio,Latina,ROCCASECCA DEI VOLSCI,1082,Comune,69.240,-,24.520,80.824,-,2.658,9.639,1.685,-,-,-,-,21.800,3.759,214.125,-,138.940,353.065,60.65
2020,059024,Lazio,Latina,SABAUDIA,19245,Comune,2367.400,811.810,1152.180,1606.425,-,97.652,354.050,73.045,-,7.178,80.800,-,645.400,140.234,7336.173,-,3590.320,10926.493,67.14
2020,059025,Lazio,Latina,SAN FELICE CIRCEO,9725,Comune,1439.520,1943.570,738.700,1016.213,-,85.477,309.910,97.800,27.860,8.241,145.875,124.670,594.180,124.720,6656.736,726.220,2161.850,9544.806,69.74
2020,059026,Lazio,Latina,SANTI COSMA E DAMIANO,6813,Comune,823.700,35.110,392.670,288.080,-,29.367,345.450,21.170,22.800,3.877,1.070,-,130.748,-,2094.042,-,608.270,2702.312,77.49
2020,059027,Lazio,Latina,SERMONETA,10005,Comune,1406.040,217.630,494.290,468.609,77.760,49.946,123.293,38.680,23.750,19.453,-,-,108.650,58.222,3086.323,-,1214.280,4300.603,71.77
2020,059028,Lazio,Latina,SEZZE,23337,Comune,1067.740,27.260,526.240,626.360,-,56.100,330.220,42.508,22.460,-,65.420,-,193.400,-,2957.708,-,6407.740,9365.448,31.58
2020,059029,Lazio,Latina,SONNINO,7500,Comune,588.140,37.420,194.500,388.206,86.040,30.357,77.869,15.770,-,-,-,-,151.460,59.528,1629.290,-,1081.700,2710.990,60.10
2020,059030,Lazio,Latina,SPERLONGA,3117,Comune,822.400,60.280,241.150,499.008,-,17.243,62.518,17.383,-,0.050,25.180,-,58.090,24.381,1827.683,-,685.800,2513.483,72.72
2020,059031,Lazio,Latina,SPIGNO SATURNIA,2897,Comune,467.240,0.620,117.150,110.020,-,8.945,136.860,8.250,11.120,1.811,0.160,3.240,48.150,-,913.566,-,149.080,1062.646,85.97
2020,059032,Lazio,Latina,TERRACINA,43078,Comune,7296.580,1314.830,2406.280,3391.416,609.080,303.038,721.351,299.140,114.740,35.005,123.200,493.220,1448.360,286.695,18842.935,-,6245.660,25088.595,75.11
2020,059033,Lazio,Latina,VENTOTENE,716,Comune,9.600,-,13.010,39.116,3.200,7.017,3.688,-,-,-,-,-,45.480,1.438,122.550,-,381.860,504.410,24.30
2020,057001,Lazio,Rieti,ACCUMOLI,549,Comune,-,-,15.200,-,-,-,2.660,4.220,-,-,-,-,-,-,22.080,-,312.300,334.380,6.60
2020,057002,Lazio,Rieti,AMATRICE,2296,Comune,-,-,-,-,-,-,-,-,-,-,-,-,5.340,-,5.340,-,1031.940,1037.280,0.52
2020,057003,Lazio,Rieti,ANTRODOCO,2376,Comune,16.650,-,83.960,111.937,-,6.007,21.773,12.251,-,0.550,-,-,15.985,8.483,277.596,-,239.910,517.506,53.64
2020,057004,Lazio,Rieti,ASCREA,210,Comune,12.340,-,7.030,11.388,-,0.035,9.467,3.440,-,-,-,-,12.680,0.025,56.405,-,37.750,94.155,59.91
2020,057005,Lazio,Rieti,BELMONTE IN SABINA,638,Comune,36.230,-,13.540,22.561,-,0.126,24.015,4.700,-,-,-,-,7.640,0.089,108.900,-,77.865,186.765,58.31
2020,057006,Lazio,Rieti,BORBONA,599,Comune,34.100,-,-,-,-,-,-,6.740,1.610,0.015,-,-,-,1.860,44.325,13.720,349.460,407.505,10.88
2020,057008,Lazio,Rieti,BORGO VELINO,928,Comune,98.280,-,37.815,53.487,-,5.377,19.488,8.750,4.930,-,-,-,10.295,3.803,242.225,-,109.585,351.810,68.85
2020,057007,Lazio,Rieti,BORGOROSE,4292,Comune,382.560,-,184.660,287.967,40.630,28.233,146.140,28.200,48.150,5.560,64.380,-,30.120,10.920,1257.520,-,447.880,1705.400,73.74
2020,057009,Lazio,Rieti,CANTALICE,2491,Comune,203.659,-,64.755,116.172,-,9.267,33.590,8.610,5.720,0.150,-,-,27.935,6.544,476.403,-,235.540,711.943,66.92
2020,057010,Lazio,Rieti,CANTALUPO IN SABINA,1648,Aggregazione: Unione 'Bassa Sabina',-,15.160,803.700,871.890,276.540,44.060,670.400,118.620,9.460,15.835,-,-,207.600,-,3033.265,-,1917.800,4951.065,61.27
2020,057011,Lazio,Rieti,CASAPROTA,679,Aggregazione: Unione 'Alta Sabina',845.525,16.320,319.610,349.697,-,-,-,89.182,35.370,1.689,-,112.185,299.595,-,2069.172,-,1030.440,3099.612,66.76
2020,057012,Lazio,Rieti,CASPERIA,1194,Comune,89.830,-,44.755,68.558,-,6.770,17.868,3.845,-,0.020,-,-,7.565,3.481,242.691,-,107.798,350.489,69.24
2020,057013,Lazio,Rieti,CASTEL DI TORA,260,Comune,26.415,-,11.955,27.506,-,0.121,19.628,5.760,-,-,2.610,-,14.500,0.085,108.580,-,50.960,159.540,68.06
2020,057015,Lazio,Rieti,CASTEL SANT'ANGELO,1220,Comune,123.795,-,37.215,69.380,-,6.421,23.273,8.438,-,-,-,-,27.130,4.534,300.186,-,113.320,413.506,72.60
2020,057014,Lazio,Rieti,CASTELNUOVO DI FARFA,1020,Aggregazione: Unione dei Comuni della Valle dell'Olio,73.300,-,107.055,67.143,-,33.520,67.030,26.668,13.040,2.974,40.620,-,47.330,11.175,489.854,-,332.507,822.361,59.57
2020,057016,Lazio,Rieti,CITTADUCALE,6529,Comune,732.935,0.600,323.405,349.411,15.840,36.075,135.855,43.773,-,0.705,-,69.945,75.765,25.459,1809.769,-,796.680,2606.449,69.43
2020,057017,Lazio,Rieti,CITTAREALE,412,Comune,-,-,-,5.960,-,-,-,4.300,-,-,-,-,11.000,-,21.260,-,220.400,241.660,8.80
2020,057018,Lazio,Rieti,COLLALTO SABINO,388,Comune,57.765,-,21.777,38.839,-,-,9.184,4.355,-,0.290,-,-,5.800,-,138.010,-,36.345,174.355,79.16
2020,057019,Lazio,Rieti,COLLE DI TORA,354,Comune,27.690,-,12.070,20.790,-,-,18.290,3.100,-,-,-,-,-,-,81.940,14.720,64.450,161.110,50.86
2020,057020,Lazio,Rieti,COLLEGIOVE,132,Comune,7.855,-,3.735,7.595,-,0.002,6.566,0.920,-,-,-,-,4.280,0.001,30.954,-,23.000,53.954,57.37
2020,057021,Lazio,Rieti,COLLEVECCHIO,1528,Comune,45.930,-,48.850,61.070,-,-,43.210,15.389,-,-,-,-,39.120,-,253.569,-,259.444,513.013,49.43
2020,057022,Lazio,Rieti,COLLI SUL VELINO,464,Comune,38.825,-,16.825,17.305,-,11.144,10.841,1.095,1.810,0.190,-,-,6.735,-,104.770,-,44.065,148.835,70.39
2020,057023,Lazio,Rieti,CONCERVIANO,279,Comune,-,-,-,-,-,-,-,1.040,-,-,-,-,5.600,-,6.640,-,145.010,151.650,4.38
2020,057024,Lazio,Rieti,CONFIGNI,575,Comune,32.295,-,18.415,27.310,-,2.768,8.874,2.170,-,-,-,-,5.620,1.729,99.181,-,47.290,146.471,67.71
2020,057025,Lazio,Rieti,CONTIGLIANO,3830,Comune,230.068,43.940,133.635,140.587,-,34.462,23.189,57.465,-,2.070,-,3.240,130.680,4.196,803.532,-,373.280,1176.812,68.28
2020,057026,Lazio,Rieti,COTTANELLO,530,Comune,22.500,-,15.315,25.429,-,3.349,9.310,2.267,-,-,-,-,6.975,1.814,86.958,-,39.550,126.508,68.74
2020,057027,Lazio,Rieti,FARA IN SABINA,13568,Comune,1125.760,58.000,515.300,685.590,-,62.458,226.383,62.290,45.140,0.490,0.910,132.640,127.850,44.313,3087.125,-,1720.480,4807.605,64.21
2020,057028,Lazio,Rieti,FIAMIGNANO,1240,Comune,106.535,-,34.485,66.008,-,11.410,34.230,10.210,1.970,-,-,-,12.500,10.040,287.388,-,118.930,406.318,70.73
2020,057029,Lazio,Rieti,FORANO,3065,Vedi aggregazione: Unione 'Bassa Sabina',-,-,-,-,-,-,-,-,-,-,-,-,-,-,-,-,-,-,-
2020,057030,Lazio,Rieti,FRASSO SABINO,717,Comune,70.750,-,26.210,26.750,-,19.974,8.560,5.491,1.000,0.330,-,-,9.150,-,168.215,-,63.630,231.845,72.56
2020,057031,Lazio,Rieti,GRECCIO,1481,Comune,149.339,-,95.525,95.159,-,9.943,36.037,2.213,1.720,0.230,-,1.875,9.250,7.021,408.311,-,149.145,557.456,73.25
2020,057032,Lazio,Rieti,LABRO,377,Comune,32.775,-,11.810,27.791,-,2.247,8.146,2.125,0.340,0.090,-,-,4.420,1.587,91.331,-,48.725,140.056,65.21
2020,057033,Lazio,Rieti,LEONESSA,2174,Comune,-,24.300,34.260,39.880,24.350,1.343,4.869,12.510,5.420,-,-,-,14.610,0.949,162.491,-,1165.915,1328.406,12.23
2020,057034,Lazio,Rieti,LONGONE SABINO,558,Comune,-,-,3.820,-,-,-,-,0.860,-,-,-,-,-,-,4.680,2.907,264.040,271.627,1.72
2020,057035,Lazio,Rieti,MAGLIANO SABINA,3527,Comune,418.940,12.440,192.040,152.880,58.420,35.280,103.040,33.005,8.870,4.355,52.905,-,92.840,-,1165.015,-,360.320,1525.335,76.38
2020,057036,Lazio,Rieti,MARCETELLI,76,Comune,-,-,-,-,-,-,-,-,-,-,-,-,-,-,-,1.610,27.700,29.310,-
2020,057037,Lazio,Rieti,MICIGLIANO,110,Comune,-,-,-,-,-,-,-,0.761,-,-,-,-,-,-,0.761,13.740,75.660,90.161,0.84
2020,057038,Lazio,Rieti,MOMPEO,491,Comune,47.230,0.987,17.735,25.161,-,2.102,7.617,4.527,1.330,0.046,-,-,14.752,1.484,122.971,-,41.660,164.631,74.70
2020,057039,Lazio,Rieti,MONTASOLA,377,Comune,20.045,-,9.875,13.490,-,4.290,10.310,4.213,-,0.670,-,-,3.680,3.030,69.603,-,25.825,95.428,72.94
2020,057043,Lazio,Rieti,MONTE SAN GIOVANNI IN SABINA,644,Comune,-,-,1.140,8.370,-,-,1.430,-,-,-,-,-,-,-,10.940,-,330.930,341.870,3.20
2020,057040,Lazio,Rieti,MONTEBUONO,862,Comune,67.465,-,27.290,49.300,-,2.800,10.147,1.850,2.740,-,-,-,6.280,3.953,171.825,-,88.187,260.012,66.08
2020,057041,Lazio,Rieti,MONTELEONE SABINO,1185,Vedi aggregazione: Unione dei Comuni della Valle dell'Olio,-,-,-,-,-,-,-,-,-,-,-,-,-,-,-,-,-,-,-
2020,057042,Lazio,Rieti,MONTENERO SABINO,278,Vedi aggregazione: Unione 'Alta Sabina',-,-,-,-,-,-,-,-,-,-,-,-,-,-,-,-,-,-,-
2020,057044,Lazio,Rieti,MONTOPOLI DI SABINA,4150,Vedi aggregazione: Unione 'Bassa Sabina',-,-,-,-,-,-,-,-,-,-,-,-,-,-,-,-,-,-,-
2020,057045,Lazio,Rieti,MORRO REATINO,344,Comune,20.815,-,9.760,16.670,-,1.727,6.259,0.787,1.330,0.500,-,-,3.615,1.219,62.683,-,25.210,87.893,71.32
2020,057046,Lazio,Rieti,NESPOLO,186,Comune,15.475,-,6.880,12.530,-,-,11.215,0.640,-,-,-,-,4.020,-,50.760,-,34.705,85.465,59.39
2020,057047,Lazio,Rieti,ORVINIO,383,Vedi aggregazione: Unione 'Alta Sabina',-,-,-,-,-,-,-,-,-,-,-,-,-,-,-,-,-,-,-
2020,057048,Lazio,Rieti,PAGANICO,149,Comune,14.805,-,5.955,8.498,-,0.012,7.822,1.660,-,-,2.235,-,8.240,0.008,49.235,-,37.900,87.135,56.50
2020,057049,Lazio,Rieti,PESCOROCCHIANO,1926,Comune,167.128,-,48.650,101.812,-,15.580,46.730,8.245,5.560,-,-,-,28.560,13.700,435.965,-,212.815,648.780,67.20
2020,057050,Lazio,Rieti,PETRELLA SALTO,1047,Comune,98.112,-,30.380,76.010,-,5.269,19.096,7.940,-,-,-,-,10.970,3.720,251.497,-,152.450,403.947,62.26
2020,057051,Lazio,Rieti,POGGIO BUSTONE,1899,Comune,-,-,9.200,12.232,1.902,0.579,2.100,3.300,1.110,-,-,-,10.900,0.409,41.732,-,914.800,956.532,4.36
2020,057052,Lazio,Rieti,POGGIO CATINO,1242,Comune,100.740,-,41.185,78.100,-,10.541,22.621,6.735,1.690,-,-,-,20.150,4.407,286.168,-,210.642,496.810,57.60
2020,057053,Lazio,Rieti,POGGIO MIRTETO,6181,Vedi aggregazione: Unione 'Bassa Sabina',-,-,-,-,-,-,-,-,-,-,-,-,-,-,-,-,-,-,-
2020,057054,Lazio,Rieti,POGGIO MOIANO,2789,Vedi aggregazione: Unione 'Alta Sabina',-,-,-,-,-,-,-,-,-,-,-,-,-,-,-,-,-,-,-
2020,057055,Lazio,Rieti,POGGIO NATIVO,2509,Comune,209.140,-,73.020,100.628,-,17.943,94.589,-,-,1.380,-,-,32.310,2.260,531.270,-,327.840,859.110,61.84
2020,057056,Lazio,Rieti,POGGIO SAN LORENZO,510,Comune,50.875,-,18.830,26.985,-,18.361,7.869,5.726,1.580,0.260,-,-,9.315,-,139.801,-,47.940,187.741,74.47
2020,057057,Lazio,Rieti,POSTA,584,Comune,48.195,-,26.885,50.016,-,3.357,12.168,4.535,-,0.050,-,-,3.580,2.370,151.156,-,82.990,234.146,64.56
2020,057058,Lazio,Rieti,POZZAGLIA SABINA,313,Vedi aggregazione: Unione 'Alta Sabina',-,-,-,-,-,-,-,-,-,-,-,-,-,-,-,-,-,-,-
2020,057059,Lazio,Rieti,RIETI,46193,Comune,3710.240,960.740,2190.920,2164.187,696.980,324.393,453.895,431.440,-,13.220,144.940,482.000,452.220,182.905,12208.080,-,9207.600,21415.680,57.01
2020,057060,Lazio,Rieti,RIVODUTRI,1156,Comune,92.255,-,44.620,70.828,-,6.242,22.625,7.450,-,-,-,-,12.295,4.408,260.722,-,105.905,366.627,71.11
2020,057062,Lazio,Rieti,ROCCA SINIBALDA,778,Comune,45.695,-,23.700,34.964,-,0.175,37.783,4.580,-,-,-,-,25.620,0.123,172.640,-,172.120,344.760,50.08
2020,057061,Lazio,Rieti,ROCCANTICA,544,Comune,36.760,-,13.350,29.227,-,2.031,5.913,3.847,-,-,-,-,7.235,2.304,100.667,-,50.115,150.782,66.76
2020,057063,Lazio,Rieti,SALISANO,507,Vedi aggregazione: Unione 'Bassa Sabina',-,-,-,-,-,-,-,-,-,-,-,-,-,-,-,-,-,-,-
2020,057064,Lazio,Rieti,SCANDRIGLIA,3099,Vedi aggregazione: Unione 'Alta Sabina',-,-,-,-,-,-,-,-,-,-,-,-,-,-,-,-,-,-,-
2020,057065,Lazio,Rieti,SELCI,1076,Comune,80.075,-,26.495,51.558,-,5.201,17.038,4.310,3.200,0.020,-,-,8.210,3.319,199.427,-,75.940,275.367,72.42
2020,057066,Lazio,Rieti,STIMIGLIANO,2322,Vedi aggregazione: Unione 'Bassa Sabina',-,-,-,-,-,-,-,-,-,-,-,-,-,-,-,-,-,-,-
2020,057067,Lazio,Rieti,TARANO,1398,Vedi aggregazione: Unione 'Bassa Sabina',-,-,-,-,-,-,-,-,-,-,-,-,-,-,-,-,-,-,-
2020,057068,Lazio,Rieti,TOFFIA,1038,Vedi aggregazione: Unione dei Comuni della Valle dell'Olio,-,-,-,-,-,-,-,-,-,-,-,-,-,-,-,-,-,-,-
2020,057070,Lazio,Rieti,TORRI IN SABINA,1220,Vedi aggregazione: Unione 'Bassa Sabina',-,-,-,-,-,-,-,-,-,-,-,-,-,-,-,-,-,-,-
2020,057069,Lazio,Rieti,TORRICELLA IN SABINA,1361,Vedi aggregazione: Unione 'Alta Sabina',-,-,-,-,-,-,-,-,-,-,-,-,-,-,-,-,-,-,-
2020,057071,Lazio,Rieti,TURANIA,214,Comune,21.010,-,7.080,12.590,-,-,12.100,3.140,-,-,1.500,-,9.660,-,67.080,-,32.000,99.080,67.70
2020,057072,Lazio,Rieti,VACONE,223,Comune,18.125,-,9.550,12.955,-,2.228,5.610,0.740,-,-,-,-,2.780,1.093,53.081,-,19.885,72.966,72.75
2020,057073,Lazio,Rieti,VARCO SABINO,176,Comune,-,-,-,-,-,-,-,0.650,-,-,-,-,6.780,-,7.430,-,113.255,120.685,6.16
2020,058001,Lazio,Roma,AFFILE,1458,Comune,-,-,18.120,30.860,-,1.131,4.100,-,8.890,3.580,-,-,-,1.599,68.280,-,560.210,628.490,10.86
2020,058002,Lazio,Roma,AGOSTA,1697,Comune,105.210,-,63.890,22.281,11.780,3.447,70.528,4.410,2.638,-,11.760,-,23.810,4.874,324.628,-,147.081,471.709,68.82
2020,058003,Lazio,Roma,ALBANO LAZIALE,39349,Comune,4692.040,559.890,1927.480,837.557,-,209.756,1842.935,209.425,272.920,34.473,47.850,370.870,1364.540,183.582,12553.318,-,3257.740,15811.058,79.40
2020,058004,Lazio,Roma,ALLUMIERE,3823,Comune,135.310,29.020,152.160,154.720,57.660,25.540,111.220,32.965,14.920,8.549,57.345,-,65.370,-,844.779,-,527.230,1372.009,61.57
2020,058005,Lazio,Roma,ANGUILLARA SABAZIA,19101,Comune,1958.480,721.480,914.570,845.210,285.340,97.560,662.370,123.365,102.220,14.932,286.515,286.680,205.530,3.140,6507.392,-,2111.120,8618.512,75.51
2020,058006,Lazio,Roma,ANTICOLI CORRADO,818,Aggregazione: UNIONE COMUNI MEDANIENE,388.840,4.480,181.660,137.177,58.540,54.432,217.813,33.490,19.883,4.290,73.750,-,46.530,33.507,1254.392,-,765.543,2019.935,62.10
2020,058007,Lazio,Roma,ANZIO,52373,Comune,3761.220,4312.640,1834.260,1910.640,645.880,442.390,1477.300,147.016,48.754,46.457,785.595,-,482.920,390.130,16285.202,-,17226.000,33511.202,48.60
2020,058008,Lazio,Roma,ARCINAZZO ROMANO,1274,Comune,-,19.180,17.820,32.850,17.600,22.620,8.800,37.049,-,0.022,8.870,-,21.530,4.450,190.791,-,707.427,898.218,21.24
2020,058117,Lazio,Roma,ARDEA,48365,Comune,3289.140,1942.800,1248.820,1250.340,-,66.469,655.101,87.010,157.360,5.760,-,1060.400,1008.500,228.530,11000.230,-,13768.580,24768.810,44.41
2020,058009,Lazio,Roma,ARICCIA,18182,Comune,2627.740,318.590,1105.161,451.596,207.000,129.345,1019.735,90.410,64.270,14.098,200.320,302.380,267.160,102.005,6899.809,-,2016.320,8916.129,77.39
2020,058010,Lazio,Roma,ARSOLI,1404,Vedi aggregazione: UNIONE COMUNI MEDANIENE,-,-,-,-,-,-,-,-,-,-,-,-,-,-,-,-,-,-,-
2020,058011,Lazio,Roma,ARTENA,13670,Comune,1552.650,73.240,476.360,839.804,-,49.689,180.955,34.045,2.620,0.142,-,21.740,88.380,70.257,3389.882,-,1452.510,4842.392,70.00
2020,058012,Lazio,Roma,BELLEGRA,2744,Comune,204.310,-,119.110,19.580,0.360,0.970,94.838,10.940,0.980,-,-,-,29.750,19.617,500.455,-,228.770,729.225,68.63
2020,058013,Lazio,Roma,BRACCIANO,18787,Comune,1465.920,177.420,786.520,973.530,349.550,116.260,775.730,147.230,33.110,24.480,200.460,258.540,127.600,-,5436.350,-,1950.840,7387.190,73.59
2020,058014,Lazio,Roma,CAMERATA NUOVA,403,Comune,28.370,-,15.030,8.659,-,1.340,17.267,-,-,-,1.830,-,15.000,1.894,89.390,-,60.315,149.705,59.71
2020,058015,Lazio,Roma,CAMPAGNANO DI ROMA,11186,Comune,794.440,87.120,422.090,251.545,167.660,108.186,492.724,-,1.630,10.513,167.790,114.380,151.210,55.024,2824.313,-,1197.940,4022.253,70.22
2020,058016,Lazio,Roma,CANALE MONTERANO,4268,Comune,618.620,85.850,146.220,182.710,93.730,77.980,147.850,32.705,8.620,7.458,64.020,41.520,123.540,2.850,1633.673,-,336.440,1970.113,82.92
2020,058017,Lazio,Roma,CANTERANO,355,Comune,51.170,-,12.680,5.635,-,0.872,15.191,-,-,-,-,-,-,1.233,86.780,-,42.469,129.249,67.14
2020,058018,Lazio,Roma,CAPENA,10692,Comune,897.350,269.100,534.880,484.980,197.480,65.640,329.700,81.570,11.670,3.923,142.600,101.940,208.150,-,3328.983,-,1421.100,4750.083,70.08
2020,058019,Lazio,Roma,CAPRANICA PRENESTINA,310,Comune,0.200,-,0.200,0.660,-,0.046,0.168,-,-,-,-,-,-,0.066,1.340,-,213.160,214.500,0.63
2020,058020,Lazio,Roma,CARPINETO ROMANO,4140,Comune,17.519,-,31.450,-,-,14.355,64.429,-,8.350,0.020,-,-,-,12.630,148.753,27.280,1497.872,1673.905,8.89
2020,058021,Lazio,Roma,CASAPE,649,Comune,60.247,-,22.830,14.287,15.055,4.830,30.861,4.984,-,0.548,-,-,7.980,3.125,164.747,-,68.285,233.032,70.70
2020,058022,Lazio,Roma,CASTEL GANDOLFO,8594,Comune,1225.760,229.760,389.740,266.113,-,41.169,464.866,52.960,38.905,8.236,106.270,127.180,208.840,60.171,3219.971,-,1135.020,4354.991,73.94
2020,058023,Lazio,Roma,CASTEL MADAMA,7147,Comune,817.390,30.460,338.840,271.876,142.860,123.125,227.162,65.488,39.930,17.881,107.205,-,130.740,18.754,2331.711,-,592.992,2924.703,79.73
2020,058025,Lazio,Roma,CASTEL SAN PIETRO ROMANO,827,Comune,65.940,10.196,25.367,15.840,6.070,4.791,32.371,4.616,-,0.583,9.252,-,16.180,3.465,194.670,-,84.898,279.568,69.63
2020,058024,Lazio,Roma,CASTELNUOVO DI PORTO,8366,Comune,779.460,307.960,332.940,355.757,141.780,398.150,41.000,41.855,31.780,8.910,103.080,68.320,115.140,4.960,2731.092,-,666.260,3397.352,80.39
2020,058026,Lazio,Roma,CAVE,10673,Comune,981.680,48.540,421.530,599.006,132.760,64.552,111.277,65.980,23.040,6.618,160.095,140.000,413.580,43.396,3212.053,-,1282.920,4494.973,71.46
2020,058027,Lazio,Roma,CERRETO LAZIALE,1074,Comune,93.240,-,37.130,40.401,-,6.518,25.198,-,-,0.130,3.450,-,-,1.415,207.482,-,52.628,260.110,79.77
2020,058028,Lazio,Roma,CERVARA DI ROMA,432,Comune,37.010,-,19.610,11.539,-,1.785,21.014,-,1.630,0.015,6.480,-,13.720,2.524,115.327,-,83.006,198.333,58.15
2020,058029,Lazio,Roma,CERVETERI,37482,Comune,3573.190,558.360,1417.120,1150.000,-,409.950,1189.125,180.657,265.770,49.827,478.890,522.090,752.480,111.686,10659.145,-,4452.550,15111.695,70.54
2020,058118,Lazio,Roma,CIAMPINO,38307,Comune,3935.180,510.380,2110.520,1780.444,593.790,216.711,325.658,198.060,111.340,50.743,584.925,432.140,661.446,116.737,11628.073,661.446,5564.040,17853.559,65.13
2020,058030,Lazio,Roma,CICILIANO,1258,Comune,128.200,-,42.060,48.306,2.420,8.820,33.350,-,-,-,-,6.810,19.800,1.123,290.890,-,108.563,399.453,72.82
2020,058031,Lazio,Roma,CINETO ROMANO,587,Vedi aggregazione: UNIONE COMUNI MEDANIENE,-,-,-,-,-,-,-,-,-,-,-,-,-,-,-,-,-,-,-
2020,058032,Lazio,Roma,CIVITAVECCHIA,51548,Comune,6043.970,373.940,1997.410,1876.240,768.360,492.950,1366.830,86.280,180.580,27.055,415.020,397.170,514.110,395.150,14935.065,-,7610.210,22545.275,66.25
2020,058033,Lazio,Roma,CIVITELLA SAN PAOLO,1941,Comune,-,-,58.015,82.475,15.700,3.800,65.360,-,1.620,0.080,-,-,-,-,227.050,27.130,223.291,477.471,47.55
2020,058034,Lazio,Roma,COLLEFERRO,20728,Comune,1971.820,118.220,961.930,1124.310,-,89.511,214.043,220.475,91.430,15.541,297.200,82.600,366.180,81.430,5634.690,-,3374.440,9009.130,62.54
2020,058035,Lazio,Roma,COLONNA,4203,Comune,436.120,56.780,169.720,149.701,-,7.879,109.331,20.308,25.940,3.082,36.960,-,163.040,-,1178.861,-,418.820,1597.681,73.79
2020,058036,Lazio,Roma,FIANO ROMANO,15556,Comune,1268.050,237.548,989.180,616.240,230.810,86.872,539.720,14.485,14.600,11.058,171.060,121.990,207.470,1.770,4510.853,-,2498.350,7009.203,64.36
2020,058037,Lazio,Roma,FILACCIANO,422,Comune,30.790,-,13.250,13.510,-,1.608,12.370,-,-,-,-,-,3.240,0.292,75.060,-,33.104,108.164,69.40
2020,058120,Lazio,Roma,FIUMICINO,76246,Comune,12487.348,423.860,3523.220,4045.392,-,30.260,-,383.930,41.000,50.071,709.770,606.160,1702.220,3050.563,27053.794,-,8086.670,35140.464,76.99
2020,058122,Lazio,Roma,FONTE NUOVA,31696,Comune,3821.650,57.430,1248.700,1706.113,2.860,89.953,326.137,96.143,83.570,17.132,91.320,114.470,320.980,128.638,8105.096,-,2278.930,10384.026,78.05
2020,058038,Lazio,Roma,FORMELLO,13103,Comune,1046.150,446.120,799.770,301.577,238.065,142.616,542.258,128.840,-,17.083,196.545,172.870,206.910,71.529,4310.333,-,1749.900,6060.233,71.13
2020,058039,Lazio,Roma,FRASCATI,22286,Comune,1937.960,453.890,920.100,463.910,170.530,110.390,838.795,11.344,64.079,4.054,-,9.890,262.530,101.478,5348.950,-,4578.670,9927.620,53.88
2020,058040,Lazio,Roma,GALLICANO NEL LAZIO,6271,Comune,477.100,32.990,233.210,136.324,54.860,43.830,246.108,38.575,17.560,5.841,82.180,-,110.780,29.820,1509.178,-,863.780,2372.958,63.60
2020,058041,Lazio,Roma,GAVIGNANO,1898,Comune,34.989,-,21.790,-,-,9.093,42.773,-,-,0.135,-,-,29.900,8.000,146.680,-,334.418,481.098,30.49
2020,058042,Lazio,Roma,GENAZZANO,5688,Comune,468.370,10.480,195.240,124.172,-,38.890,221.887,49.560,24.480,3.724,-,34.940,118.960,27.162,1317.866,-,637.340,1955.206,67.40
2020,058043,Lazio,Roma,GENZANO DI ROMA,22915,Comune,3259.810,376.680,1132.150,1241.457,291.840,165.383,251.433,130.285,68.350,46.262,343.725,276.700,270.020,91.628,7945.722,-,3212.120,11157.842,71.21
2020,058044,Lazio,Roma,GERANO,1179,Aggregazione: UNIONE DEI COMUNI VALLE DEL GIOVENZANO,238.430,17.280,105.090,62.548,72.650,81.517,135.420,-,0.527,9.072,46.365,-,74.150,22.112,865.160,-,394.212,1259.372,68.70
2020,058045,Lazio,Roma,GORGA,686,Comune,15.023,-,8.580,9.887,-,1.530,12.072,-,-,0.150,-,-,11.740,2.163,61.145,-,158.946,220.091,27.78
2020,058046,Lazio,Roma,GROTTAFERRATA,20117,Comune,2256.450,677.240,1157.665,-,-,-,1178.880,93.725,34.300,12.093,-,271.420,472.580,0.655,6155.008,-,2660.980,8815.988,69.82
2020,058047,Lazio,Roma,GUIDONIA MONTECELIO,86732,Comune,8980.988,193.930,3851.340,4526.287,-,308.585,923.398,180.748,227.280,33.944,316.500,731.100,1005.120,372.050,21651.270,-,10392.712,32043.982,67.57
2020,058048,Lazio,Roma,JENNE,350,Comune,-,-,4.340,10.124,-,1.056,7.048,-,-,-,-,-,6.760,1.493,30.820,-,66.090,96.910,31.80
2020,058049,Lazio,Roma,LABICO,6401,Comune,471.880,135.460,182.760,122.954,-,19.022,220.301,-,40.420,0.175,-,-,113.580,26.896,1333.448,-,921.800,2255.248,59.13
2020,058116,Lazio,Roma,LADISPOLI,39631,Comune,5118.880,1293.660,1869.200,2314.830,634.130,260.726,672.559,198.865,131.630,28.255,451.200,641.980,414.820,187.131,14217.865,-,5527.220,19745.085,72.01
2020,058050,Lazio,Roma,LANUVIO,13152,Comune,1855.280,246.290,497.420,725.939,208.080,115.378,155.170,80.600,2.600,7.976,197.280,-,259.560,65.754,4417.326,-,1180.240,5597.566,78.92
2020,058115,Lazio,Roma,LARIANO,13284,Comune,1514.610,507.620,566.980,761.651,267.500,105.224,189.211,106.160,42.040,4.357,23.740,71.360,282.960,72.994,4516.407,-,1481.100,5997.507,75.31
2020,058051,Lazio,Roma,LICENZA,879,Aggregazione: UNIONE COMUNI VALLE USTICA,555.210,10.900,200.330,-,106.120,40.070,163.220,35.579,21.580,2.529,-,-,-,11.150,1146.688,-,576.750,1723.438,66.54
2020,058052,Lazio,Roma,MAGLIANO ROMANO,1431,Comune,159.900,-,32.925,55.760,-,-,32.740,-,3.550,-,-,20.200,21.450,-,326.525,-,104.895,431.420,75.69
2020,058053,Lazio,Roma,MANDELA,900,Vedi aggregazione: UNIONE COMUNI VALLE USTICA,-,-,-,-,-,-,-,-,-,-,-,-,-,-,-,-,-,-,-
2020,058054,Lazio,Roma,MANZIANA,7684,Comune,424.980,322.070,354.060,409.650,239.190,147.380,386.910,45.230,10.310,7.868,115.260,253.860,69.680,0.190,2786.638,-,746.190,3532.828,78.88
2020,058055,Lazio,Roma,MARANO EQUO,783,Comune,39.810,-,40.970,8.820,12.780,18.920,47.050,5.135,3.160,0.780,-,-,-,5.900,183.325,11.470,70.298,265.093,69.16
2020,058056,Lazio,Roma,MARCELLINA,6972,Comune,686.480,20.820,229.740,293.031,90.400,46.974,218.500,39.215,24.085,2.250,48.990,-,65.920,7.749,1774.154,-,697.707,2471.861,71.77
2020,058057,Lazio,Roma,MARINO,44905,Comune,4453.620,574.520,1697.510,1438.280,-,261.085,1358.865,182.925,63.060,6.858,260.240,310.760,1313.800,-,11921.523,-,5259.740,17181.263,69.39
2020,058058,Lazio,Roma,MAZZANO ROMANO,2964,Comune,208.360,16.860,98.480,154.730,21.940,6.080,85.085,16.150,-,-,-,10.780,65.050,-,683.515,-,265.020,948.535,72.06
2020,058059,Lazio,Roma,MENTANA,23241,Comune,2560.710,105.190,816.150,1208.541,147.860,110.277,263.573,103.666,21.000,18.906,169.290,169.480,241.880,104.929,6041.452,-,1582.880,7624.332,79.24
2020,058064,Lazio,Roma,MONTE PORZIO CATONE,8528,Comune,665.030,210.990,291.840,293.959,13.020,17.610,122.548,48.255,-,0.958,-,55.300,8.810,75.176,1803.496,-,1342.720,3146.216,57.32
2020,058060,Lazio,Roma,MONTECOMPATRI,11746,Comune,1646.212,4.060,524.338,620.527,2.000,42.978,124.279,38.974,0.450,7.946,17.500,82.840,143.460,51.360,3306.924,-,1421.951,4728.875,69.93
2020,058061,Lazio,Roma,MONTEFLAVIO,1215,Comune,159.938,1.039,41.250,40.740,14.086,3.557,51.250,6.217,4.280,1.573,16.678,-,12.380,1.123,354.111,-,125.397,479.508,73.85
2020,058062,Lazio,Roma,MONTELANICO,2051,Comune,75.340,-,47.524,72.403,1.960,1.810,42.300,10.450,0.780,0.117,-,13.600,29.730,16.214,312.228,-,322.600,634.828,49.18
2020,058063,Lazio,Roma,MONTELIBRETTI,5188,Comune,493.400,2.840,202.250,155.262,-,7.507,175.067,38.895,-,0.300,22.000,-,134.470,13.214,1245.205,-,736.340,1981.545,62.84
2020,058065,Lazio,Roma,MONTEROTONDO,40944,Comune,3532.230,-,1721.840,1934.259,0.040,97.078,419.291,-,-,7.995,45.880,169.020,41.060,137.263,8105.955,-,7655.690,15761.645,51.43
2020,058066,Lazio,Roma,MONTORIO ROMANO,1980,Comune,286.156,1.550,60.020,98.043,20.258,10.589,20.952,9.499,4.230,1.825,24.326,-,35.635,9.761,582.844,-,187.816,770.660,75.63
2020,058067,Lazio,Roma,MORICONE,2448,Comune,262.590,2.104,81.990,8.329,27.898,7.205,97.880,12.581,7.230,0.805,33.395,-,24.887,1.302,568.196,-,253.347,821.543,69.16
2020,058068,Lazio,Roma,MORLUPO,8280,Comune,850.100,77.700,380.880,-,121.728,45.170,399.974,56.475,25.180,4.870,124.200,30.140,204.630,193.838,2514.885,-,668.090,3182.975,79.01
2020,058069,Lazio,Roma,NAZZANO,1350,Comune,120.630,-,37.810,3.330,13.540,17.680,79.240,-,-,-,-,-,15.980,5.940,294.150,-,176.155,470.305,62.55
2020,058070,Lazio,Roma,NEMI,1854,Comune,25.940,-,27.930,36.563,-,7.953,20.461,-,-,-,-,-,10.480,4.883,134.210,-,1456.480,1590.690,8.44
2020,058071,Lazio,Roma,NEROLA,1911,Comune,224.756,1.697,57.800,97.426,21.274,11.057,20.134,9.748,2.270,2.179,25.292,-,19.306,9.337,502.276,-,194.673,696.949,72.07
2020,058072,Lazio,Roma,NETTUNO,47576,Comune,3852.610,2653.700,1877.940,2439.160,361.600,225.793,615.464,127.137,-,22.972,444.340,390.060,177.680,223.383,13411.839,-,10300.140,23711.979,56.56
2020,058073,Lazio,Roma,OLEVANO ROMANO,6495,Comune,549.380,11.660,212.490,-,34.980,70.738,343.970,37.725,4.430,3.160,34.480,74.840,62.620,46.410,1486.883,-,760.962,2247.845,66.15
2020,058074,Lazio,Roma,PALESTRINA,22038,Comune,2073.500,236.224,1004.773,483.455,153.830,131.241,844.546,110.779,21.150,17.324,256.629,242.920,334.990,105.754,6017.115,-,2718.442,8735.557,68.88
2020,058075,Lazio,Roma,PALOMBARA SABINA,12678,Comune,1782.620,-,403.600,577.230,-,-,444.210,46.166,-,1.210,-,4.020,100.510,-,3359.566,-,1382.080,4741.646,70.85
2020,058076,Lazio,Roma,PERCILE,215,Vedi aggregazione: UNIONE COMUNI VALLE USTICA,-,-,-,-,-,-,-,-,-,-,-,-,-,-,-,-,-,-,-
2020,058077,Lazio,Roma,PISONIANO,726,Vedi aggregazione: UNIONE DEI COMUNI VALLE DEL GIOVENZANO,-,-,-,-,-,-,-,-,-,-,-,-,-,-,-,-,-,-,-
2020,058078,Lazio,Roma,POLI,2284,Comune,221.801,-,92.800,-,32.390,38.884,148.170,27.348,11.100,5.262,34.260,-,-,20.100,632.115,43.520,306.269,981.904,64.38
2020,058079,Lazio,Roma,POMEZIA,61298,Comune,7750.160,1441.710,3328.140,2582.470,385.520,249.080,2682.420,398.210,280.920,64.672,892.970,1118.110,1835.660,10.520,23020.562,-,9224.180,32244.742,71.39
2020,058080,Lazio,Roma,PONZANO ROMANO,1111,Comune,67.514,-,48.096,55.945,11.040,0.540,49.500,7.330,3.290,-,-,-,26.960,0.540,270.755,-,106.058,376.813,71.85
2020,058081,Lazio,Roma,RIANO,10453,Comune,727.710,293.800,312.030,222.644,38.120,30.756,356.942,52.710,23.830,2.106,-,77.370,185.890,43.488,2367.396,-,1268.900,3636.296,65.11
2020,058082,Lazio,Roma,RIGNANO FLAMINIO,10031,Comune,878.090,190.380,341.700,462.140,113.740,22.840,278.560,58.605,36.820,6.736,98.460,161.050,98.780,-,2747.901,-,1211.170,3959.071,69.41
2020,058083,Lazio,Roma,RIOFREDDO,721,Vedi aggregazione: UNIONE COMUNI MEDANIENE,-,-,-,-,-,-,-,-,-,-,-,-,-,-,-,-,-,-,-
2020,058084,Lazio,Roma,ROCCA CANTERANO,174,Vedi aggregazione: UNIONE DEI COMUNI VALLE DEL GIOVENZANO,-,-,-,-,-,-,-,-,-,-,-,-,-,-,-,-,-,-,-
2020,058085,Lazio,Roma,ROCCA DI CAVE,353,Comune,-,-,-,-,-,-,-,0.700,-,-,-,-,2.740,-,3.440,-,181.780,185.220,1.86
2020,058086,Lazio,Roma,ROCCA DI PAPA,17138,Comune,1535.680,692.680,657.220,494.265,334.960,238.495,607.720,96.090,42.690,24.334,257.070,166.240,503.360,-,5650.804,-,2264.960,7915.764,71.39
2020,058088,Lazio,Roma,ROCCA PRIORA,11858,Comune,1566.960,313.530,443.000,583.832,85.350,85.831,101.885,83.010,60.420,11.788,177.870,72.335,189.500,47.593,3822.904,63.200,1203.920,5090.024,75.11
2020,058089,Lazio,Roma,ROCCA SANTO STEFANO,942,Comune,96.930,-,25.900,34.440,2.340,4.438,23.555,1.030,-,-,-,-,9.160,1.022,198.815,-,46.714,245.529,80.97
2020,058087,Lazio,Roma,ROCCAGIOVINE,250,Vedi aggregazione: UNIONE COMUNI VALLE USTICA,-,-,-,-,-,-,-,-,-,-,-,-,-,-,-,-,-,-,-
2020,058090,Lazio,Roma,ROIATE,658,Comune,75.020,-,19.980,30.976,-,1.452,5.265,-,3.200,-,-,-,13.190,2.053,151.136,-,62.424,213.560,70.77
2020,058091,Lazio,Roma,ROMA,2783809,Comune,145637.590,25609.708,257118.011,102996.029,19421.436,7243.000,20562.496,8422.554,6117.300,1298.407,25913.310,15005.380,25718.013,7835.606,668898.840,-,860145.558,1529044.398,43.75
2020,058092,Lazio,Roma,ROVIANO,1272,Vedi aggregazione: UNIONE COMUNI MEDANIENE,-,-,-,-,-,-,-,-,-,-,-,-,-,-,-,-,-,-,-
2020,058093,Lazio,Roma,SACROFANO,7422,Comune,538.300,167.620,244.860,249.831,87.300,81.279,251.530,55.460,57.930,14.355,48.460,184.430,136.760,20.129,2138.245,-,605.660,2743.905,77.93
2020,058094,Lazio,Roma,SAMBUCI,838,Vedi aggregazione: UNIONE DEI COMUNI VALLE DEL GIOVENZANO,-,-,-,-,-,-,-,-,-,-,-,-,-,-,-,-,-,-,-
2020,058119,Lazio,Roma,SAN CESAREO,16033,Comune,1180.600,291.440,809.520,132.582,219.280,580.231,650.810,191.385,43.070,40.034,240.495,173.410,140.940,39.575,4733.372,-,2777.120,7510.492,63.02
2020,058095,Lazio,Roma,SAN GREGORIO DA SASSOLA,1454,Comune,155.680,-,47.750,51.400,19.040,16.529,42.690,7.330,7.696,1.245,21.810,-,12.560,2.832,386.561,-,110.174,496.735,77.82
2020,058096,Lazio,Roma,SAN POLO DEI CAVALIERI,2791,Comune,579.040,1.940,99.510,123.596,-,15.181,98.240,4.005,7.620,0.600,6.310,-,66.680,4.214,1006.935,-,310.848,1317.783,76.41
2020,058100,Lazio,Roma,SAN VITO ROMANO,3145,Comune,301.140,1.670,145.910,-,5.120,26.800,149.297,13.405,2.810,-,47.175,-,68.710,19.020,781.057,-,387.298,1168.355,66.85
2020,058098,Lazio,Roma,SANT'ANGELO ROMANO,4814,Comune,321.690,19.400,108.470,195.020,-,36.200,110.810,-,-,0.240,-,12.400,147.160,31.850,983.240,-,583.860,1567.100,62.74
2020,058099,Lazio,Roma,SANT'ORESTE,3563,Comune,322.380,11.640,124.630,165.740,-,-,132.660,25.670,3.120,0.300,-,13.030,33.760,-,832.930,-,333.020,1165.950,71.44
2020,058097,Lazio,Roma,SANTA MARINELLA,18130,Comune,2816.220,831.440,734.870,583.200,356.460,112.680,544.260,129.410,113.220,3.440,271.950,342.680,321.000,-,7160.830,-,6006.740,13167.570,54.38
2020,058101,Lazio,Roma,SARACINESCO,174,Vedi aggregazione: UNIONE DEI COMUNI VALLE DEL GIOVENZANO,-,-,-,-,-,-,-,-,-,-,-,-,-,-,-,-,-,-,-
2020,058102,Lazio,Roma,SEGNI,9158,Comune,57.449,-,47.320,58.720,-,9.084,68.148,-,18.400,0.310,-,25.680,58.880,12.845,356.836,-,3802.284,4159.120,8.58
2020,058103,Lazio,Roma,SUBIACO,8602,Comune,1033.490,5.640,383.020,287.934,64.780,150.281,274.428,44.040,18.640,1.360,7.870,57.100,93.940,27.610,2450.133,-,1078.147,3528.280,69.44
2020,058104,Lazio,Roma,TIVOLI,54046,Comune,6444.030,626.430,2733.720,3372.880,1042.200,383.447,744.800,407.000,241.305,52.027,711.240,149.370,675.700,271.343,17855.492,-,5239.780,23095.272,77.31
2020,058105,Lazio,Roma,TOLFA,4944,Comune,494.240,36.200,208.940,207.090,67.370,24.480,158.945,42.385,20.540,3.968,74.160,1.310,76.680,-,1416.308,-,476.510,1892.818,74.83
2020,058106,Lazio,Roma,TORRITA TIBERINA,1045,Comune,64.596,-,22.665,41.605,5.270,0.640,26.830,9.410,1.000,0.100,-,-,6.120,-,178.236,-,190.075,368.311,48.39
2020,058107,Lazio,Roma,TREVIGNANO ROMANO,5656,Comune,703.920,193.160,359.590,349.220,94.380,79.170,231.090,60.845,9.320,13.744,84.840,37.030,117.200,-,2333.509,-,756.660,3090.169,75.51
2020,058108,Lazio,Roma,VALLEPIETRA,249,Comune,9.760,-,9.275,6.140,-,3.540,17.790,-,-,-,-,-,7.760,3.120,57.385,-,65.585,122.970,46.67
2020,058109,Lazio,Roma,VALLINFREDA,290,Comune,23.660,-,15.660,3.919,-,0.606,6.518,-,-,-,-,-,1.100,0.857,52.320,-,21.127,73.447,71.24
2020,058110,Lazio,Roma,VALMONTONE,15218,Comune,1808.020,198.400,771.660,378.988,127.885,88.732,747.608,92.180,27.920,19.553,169.560,92.730,323.740,88.162,4935.138,-,2152.140,7087.278,69.63
2020,058111,Lazio,Roma,VELLETRI,52943,Comune,6373.790,1028.960,2308.000,1170.359,524.740,318.162,2653.207,273.360,200.580,36.667,288.920,288.710,1040.320,269.371,16775.147,-,4423.380,21198.527,79.13
2020,058112,Lazio,Roma,VICOVARO,3696,Vedi aggregazione: UNIONE COMUNI VALLE USTICA,-,-,-,-,-,-,-,-,-,-,-,-,-,-,-,-,-,-,-
2020,058113,Lazio,Roma,VIVARO ROMANO,155,Vedi aggregazione: UNIONE COMUNI MEDANIENE,-,-,-,-,-,-,-,-,-,-,-,-,-,-,-,-,-,-,-
2020,058114,Lazio,Roma,ZAGAROLO,18060,Comune,1475.580,226.440,563.050,350.400,145.150,99.109,653.063,83.910,40.130,22.864,194.624,210.920,321.420,76.648,4463.308,-,2342.200,6805.508,65.58
2020,056001,Lazio,Viterbo,ACQUAPENDENTE,5336,Comune,479.880,-,281.920,253.010,-,39.750,182.000,18.230,21.580,1.734,-,131.770,-,-,1409.874,-,539.750,1949.624,72.32
2020,056002,Lazio,Viterbo,ARLENA DI CASTRO,807,Comune,45.690,-,22.850,-,-,-,-,-,-,0.030,-,-,-,-,68.570,-,69.720,138.290,49.58
2020,056003,Lazio,Viterbo,BAGNOREGIO,3479,Comune,267.100,98.690,169.034,110.461,62.830,74.147,102.751,34.271,8.820,4.170,-,-,33.380,0.017,965.670,-,596.390,1562.060,61.82
2020,056004,Lazio,Viterbo,BARBARANO ROMANO,977,Comune,39.680,4.500,35.370,44.650,16.390,12.720,25.560,5.675,7.670,-,-,-,7.840,-,200.055,-,240.520,440.575,45.41
2020,056006,Lazio,Viterbo,BASSANO IN TEVERINA,1252,Comune,93.650,1.000,39.120,61.765,10.080,7.404,20.339,-,-,0.506,-,-,17.800,4.392,256.056,-,104.680,360.736,70.98
2020,056005,Lazio,Viterbo,BASSANO ROMANO,4509,Comune,329.000,14.180,150.280,159.460,-,27.210,165.830,3.660,-,0.410,64.520,-,177.000,-,1091.550,-,645.530,1737.080,62.84
2020,056007,Lazio,Viterbo,BLERA,3034,Comune,246.470,15.980,107.240,157.088,55.300,42.584,28.303,26.250,-,2.322,-,-,28.540,15.145,725.222,-,351.640,1076.862,67.35
2020,056008,Lazio,Viterbo,BOLSENA,3792,Comune,323.110,70.890,190.610,218.390,74.460,23.710,161.080,34.404,13.320,0.800,56.880,-,45.040,-,1212.694,-,1006.220,2218.914,54.65
2020,056009,Lazio,Viterbo,BOMARZO,1689,Comune,152.570,1.820,61.680,89.102,8.400,16.149,29.487,-,-,0.480,-,-,9.360,5.482,374.530,-,142.560,517.090,72.43
2020,056010,Lazio,Viterbo,CALCATA,880,Comune,69.190,-,28.435,39.150,-,-,27.495,0.700,-,0.170,-,-,16.550,-,181.690,-,84.130,265.820,68.35
2020,056011,Lazio,Viterbo,CANEPINA,2962,Comune,312.570,-,132.640,100.585,-,25.085,87.370,17.420,10.760,-,-,-,66.900,-,753.330,-,280.420,1033.750,72.87
2020,056012,Lazio,Viterbo,CANINO,5145,Comune,585.820,15.910,217.320,190.960,20.230,7.000,134.400,18.430,11.120,0.060,-,-,28.780,-,1230.030,-,682.580,1912.610,64.31
2020,056013,Lazio,Viterbo,CAPODIMONTE,1644,Comune,222.120,90.460,88.696,117.182,-,23.905,25.549,9.795,9.650,-,24.660,8.460,84.200,7.763,712.441,-,314.960,1027.401,69.34
2020,056014,Lazio,Viterbo,CAPRANICA,6405,Comune,635.526,84.810,349.220,232.820,24.050,16.583,258.077,15.939,18.870,2.242,-,62.350,21.920,30.627,1753.034,-,522.060,2275.094,77.05
2020,056015,Lazio,Viterbo,CAPRAROLA,5236,Comune,363.860,163.336,220.860,128.880,83.066,79.430,151.175,56.330,14.260,13.793,-,-,148.100,-,1423.090,-,952.640,2375.730,59.90
2020,056016,Lazio,Viterbo,CARBOGNANO,1926,Comune,183.800,50.480,77.270,83.890,-,4.590,62.970,-,10.800,1.115,-,-,32.330,-,507.245,-,194.899,702.144,72.24
2020,056017,Lazio,Viterbo,CASTEL SANT'ELIA,2457,Comune,195.420,22.360,98.000,100.790,41.900,1.490,71.060,11.530,1.000,0.720,4.000,-,33.840,2.650,584.760,-,205.880,790.640,73.96
2020,056018,Lazio,Viterbo,CASTIGLIONE IN TEVERINA,2278,Comune,159.800,-,100.320,85.580,-,11.870,71.260,15.570,-,0.740,12.760,-,-,-,457.900,24.580,172.620,655.100,69.90
2020,056019,Lazio,Viterbo,CELLENO,1304,Comune,142.140,-,52.560,61.460,-,-,47.110,-,-,0.030,-,2.860,11.080,-,317.240,-,130.840,448.080,70.80
2020,056020,Lazio,Viterbo,CELLERE,1075,Comune,93.380,-,33.330,37.047,-,2.800,26.080,-,6.240,0.210,-,-,4.320,-,203.407,-,82.600,286.007,71.12
2020,056021,Lazio,Viterbo,CIVITA CASTELLANA,15443,Comune,1452.960,166.520,802.600,649.653,237.450,128.669,644.840,115.605,0.450,19.844,-,48.320,108.800,1.320,4377.031,-,1510.970,5888.001,74.34
2020,056022,Lazio,Viterbo,CIVITELLA D'AGLIANO,1509,Comune,40.900,12.240,72.900,69.360,-,15.390,55.090,-,-,0.720,-,-,42.680,-,309.280,-,257.840,567.120,54.54
2020,056023,Lazio,Viterbo,CORCHIANO,3559,Comune,285.350,11.300,140.412,156.820,51.810,42.650,117.190,26.028,18.880,1.385,19.980,-,38.080,1.140,911.025,-,202.729,1113.754,81.80
2020,056024,Lazio,Viterbo,FABRICA DI ROMA,8044,Comune,729.540,16.260,357.680,367.589,14.380,55.147,364.500,16.535,-,-,-,-,53.610,3.000,1978.241,-,635.260,2613.501,75.69
2020,056025,Lazio,Viterbo,FALERIA,1986,Comune,177.440,-,59.000,75.850,11.880,26.959,78.151,16.005,-,-,-,-,78.340,-,523.625,-,179.450,703.075,74.48
2020,056026,Lazio,Viterbo,FARNESE,1392,Comune,121.290,9.120,58.140,85.315,18.980,16.703,21.554,10.580,83.820,0.970,20.880,-,13.740,5.288,466.380,-,116.040,582.420,80.08
2020,056027,Lazio,Viterbo,GALLESE,2665,Comune,143.970,21.100,79.910,63.100,21.160,5.910,81.630,9.620,6.680,3.636,39.975,-,23.570,-,500.261,-,257.260,757.521,66.04
2020,056028,Lazio,Viterbo,GRADOLI,1281,Comune,135.040,3.330,60.330,74.740,-,8.480,45.510,13.790,4.780,0.066,19.215,-,37.580,-,402.861,-,155.250,558.111,72.18
2020,056029,Lazio,Viterbo,GRAFFIGNANO,2161,Comune,192.160,-,78.580,84.470,-,-,67.200,-,-,0.650,-,2.940,7.280,0.040,433.320,-,173.520,606.840,71.41
2020,056030,Lazio,Viterbo,GROTTE DI CASTRO,2450,Comune,204.220,-,107.120,-,-,11.010,-,17.410,-,0.060,24.060,16.090,-,-,379.970,38.250,258.810,677.030,56.12
2020,056031,Lazio,Viterbo,ISCHIA DI CASTRO,2183,Comune,78.990,22.190,73.660,69.000,37.700,19.820,64.830,19.690,9.220,0.260,32.745,-,16.620,-,444.725,-,404.200,848.925,52.39
2020,056032,Lazio,Viterbo,LATERA,772,Comune,66.410,-,25.000,-,-,-,-,-,-,-,-,12.980,-,-,104.390,3.800,84.280,192.470,54.24
2020,056033,Lazio,Viterbo,LUBRIANO,882,Comune,55.370,-,44.280,47.850,-,-,29.630,-,-,1.530,-,-,23.720,0.180,202.560,-,139.440,342.000,59.23
2020,056034,Lazio,Viterbo,MARTA,3299,Comune,426.780,19.030,171.460,173.440,51.430,23.960,169.360,30.094,-,2.070,-,-,30.000,-,1097.624,-,344.921,1442.545,76.09
2020,056035,Lazio,Viterbo,MONTALTO DI CASTRO,8788,Comune,715.270,467.270,367.950,461.500,116.760,21.210,391.660,87.430,18.740,3.410,78.800,635.390,105.220,5.060,3475.670,-,2178.700,5654.370,61.47
2020,056037,Lazio,Viterbo,MONTE ROMANO,1920,Comune,125.100,0.300,62.821,48.160,4.300,36.232,104.606,9.380,-,-,-,-,41.380,-,432.279,-,95.800,528.079,81.86
2020,056036,Lazio,Viterbo,MONTEFIASCONE,12985,Comune,1369.990,181.810,654.941,831.701,176.980,119.735,198.264,110.375,62.200,21.341,194.775,228.760,44.159,72.910,4267.941,66.101,1334.220,5668.262,75.30
2020,056038,Lazio,Viterbo,MONTEROSI,4653,Comune,343.600,152.975,148.720,216.950,90.200,21.320,139.680,35.625,-,2.580,-,4.380,82.770,-,1238.800,-,481.945,1720.745,71.99
2020,056039,Lazio,Viterbo,NEPI,8890,Comune,416.780,509.540,433.830,358.540,133.320,93.214,380.334,81.300,26.700,8.310,113.730,69.930,56.370,-,2681.898,-,961.910,3643.808,73.60
2020,056040,Lazio,Viterbo,ONANO,943,Comune,99.070,1.280,29.340,43.830,-,0.700,26.510,-,-,0.030,-,-,-,-,200.760,14.290,98.870,313.920,63.95
2020,056041,Lazio,Viterbo,ORIOLO ROMANO,3641,Comune,562.110,100.280,193.770,152.030,66.000,55.653,165.327,38.980,14.040,2.010,54.615,20.920,22.963,-,1448.698,24.877,257.780,1731.355,83.67
2020,056042,Lazio,Viterbo,ORTE,9171,Comune,917.620,53.851,420.610,560.592,73.580,53.497,126.540,67.720,27.770,4.377,3.380,82.380,61.630,44.201,2497.748,-,831.690,3329.438,75.02
2020,056043,Lazio,Viterbo,PIANSANO,1928,Comune,189.660,6.750,87.940,63.270,41.770,21.020,51.720,25.610,-,3.210,27.500,-,24.680,-,543.130,-,173.100,716.230,75.83
2020,056044,Lazio,Viterbo,PROCENO,502,Comune,58.140,-,20.410,26.580,-,-,18.180,-,-,0.030,-,-,2.320,-,125.660,-,47.140,172.800,72.72
2020,056045,Lazio,Viterbo,RONCIGLIONE,8313,Comune,813.740,104.070,346.790,373.700,92.120,30.820,291.680,47.373,19.140,2.007,-,119.240,62.820,-,2303.500,-,1082.260,3385.760,68.04
2020,056047,Lazio,Viterbo,SAN LORENZO NUOVO,1985,Comune,285.370,18.370,93.320,90.470,16.780,10.800,65.380,2.310,8.220,0.060,29.775,40.090,15.440,-,676.385,-,236.210,912.595,74.12
2020,056048,Lazio,Viterbo,SORIANO NEL CIMINO,7969,Comune,674.540,47.040,266.198,346.278,91.180,52.540,112.190,110.760,15.140,14.988,-,44.800,53.180,21.791,1850.626,-,1024.850,2875.476,64.36
2020,056049,Lazio,Viterbo,SUTRI,6501,Comune,111.600,0.410,34.290,50.970,20.170,17.530,19.496,13.519,-,0.860,2.000,17.340,33.910,0.090,322.185,-,2929.000,3251.185,9.91
2020,056050,Lazio,Viterbo,TARQUINIA,16051,Comune,735.760,851.740,697.580,583.829,384.180,90.841,400.363,190.470,47.760,8.435,240.765,425.160,163.060,8.277,4828.220,-,6935.160,11763.380,41.04
2020,056051,Lazio,Viterbo,TESSENNANO,288,Comune,-,-,-,-,-,-,-,-,-,-,-,-,-,-,-,-,105.300,105.300,-
2020,056052,Lazio,Viterbo,TUSCANIA,8180,Comune,-,238.040,182.739,-,309.040,36.790,18.940,48.840,20.780,-,122.700,136.180,54.420,-,1168.469,-,3313.100,4481.569,26.07
2020,056053,Lazio,Viterbo,VALENTANO,2702,Comune,267.290,44.700,152.540,129.020,-,11.250,80.550,9.560,18.340,0.210,-,26.020,60.720,-,800.200,-,271.520,1071.720,74.67
2020,056054,Lazio,Viterbo,VALLERANO,2450,Comune,258.520,24.788,95.069,103.440,25.322,8.343,83.759,13.318,0.290,2.208,10.598,18.980,11.310,-,655.945,-,253.470,909.415,72.13
2020,056055,Lazio,Viterbo,VASANELLO,3920,Comune,314.954,41.933,146.139,158.370,24.516,6.635,93.941,18.147,5.140,0.419,15.885,66.010,16.907,-,908.996,-,390.800,1299.796,69.93
2020,056056,Lazio,Viterbo,VEJANO,2155,Comune,160.980,18.560,79.920,85.130,35.110,32.820,88.860,9.650,-,2.020,28.410,6.640,20.740,3.020,571.860,-,196.420,768.280,74.43
2020,056057,Lazio,Viterbo,VETRALLA,13358,Comune,-,6.480,440.950,256.860,63.710,62.978,199.040,53.250,29.260,2.674,30.120,84.520,42.280,5.330,1277.452,-,5565.600,6843.052,18.67
2020,056058,Lazio,Viterbo,VIGNANELLO,4350,Comune,345.820,40.758,145.391,172.170,42.140,13.702,132.979,22.196,9.525,3.414,17.705,50.050,18.943,-,1014.793,-,492.730,1507.523,67.32
2020,056046,Lazio,Viterbo,VILLA SAN GIOVANNI IN TUSCIA,1207,Comune,23.400,-,36.330,52.740,15.350,14.800,33.390,6.866,-,1.071,-,-,-,2.720,186.667,7.560,121.130,315.357,59.19
2020,056059,Lazio,Viterbo,VITERBO,65050,Comune,4816.110,50.440,3351.094,3491.946,233.830,260.734,659.784,173.616,219.700,21.190,-,1048.780,345.780,257.012,14930.016,-,11447.610,26377.626,56.60
2020,056060,Lazio,Viterbo,VITORCHIANO,5221,Comune,463.940,58.860,185.110,284.879,41.200,87.519,214.752,-,-,3.260,-,102.860,29.600,24.280,1496.260,-,321.570,1817.830,82.31
2021,060001,Lazio,Frosinone,ACQUAFONDATA,275,Aggregazione: Unione Comuni 'Val Comino',233.380,-,250.790,550.255,27.890,26.683,82.621,37.410,-,-,-,-,55.110,33.851,1297.990,-,2068.200,3366.190,38.56
2021,060002,Lazio,Frosinone,ACUTO,1873,Comune,177.560,0.500,63.910,46.658,-,7.220,97.372,13.920,9.380,0.944,-,-,39.540,10.198,467.202,-,188.960,656.162,71.20
2021,060003,Lazio,Frosinone,ALATRI,27659,Comune,2565.020,327.390,1224.086,1789.933,-,110.568,441.006,148.760,60.445,23.023,109.120,75.860,703.600,156.183,7734.994,-,3080.090,10815.084,71.52
2021,060004,Lazio,Frosinone,ALVITO,2509,Vedi aggregazione: Unione Comuni 'Val Comino',-,-,-,-,-,-,-,-,-,-,-,-,-,-,-,-,-,-,-
2021,060005,Lazio,Frosinone,AMASENO,4041,Comune,289.220,-,162.620,271.409,7.000,15.682,56.867,27.480,4.240,-,-,-,4.000,22.131,860.650,-,460.360,1321.010,65.15
2021,060006,Lazio,Frosinone,ANAGNI,20735,Comune,1852.060,9.050,833.430,1240.753,-,77.991,282.715,65.170,47.060,0.570,41.600,-,240.470,110.160,4801.030,-,2858.210,7659.240,62.68
2021,060007,Lazio,Frosinone,AQUINO,4944,Comune,495.220,30.350,138.040,276.703,-,15.963,57.868,-,14.220,0.120,-,-,63.740,22.547,1114.770,-,681.200,1795.970,62.07
2021,060008,Lazio,Frosinone,ARCE,5383,Comune,276.720,16.810,210.190,336.449,-,17.151,62.174,30.325,4.120,0.040,-,-,140.190,24.226,1118.395,-,843.480,1961.875,57.01
2021,060009,Lazio,Frosinone,ARNARA,2177,Comune,124.000,-,54.010,115.839,-,7.195,26.083,7.250,-,-,-,-,13.260,10.163,357.800,-,217.380,575.180,62.21
2021,060010,Lazio,Frosinone,ARPINO,6777,Comune,543.280,-,140.710,375.806,-,21.203,76.862,24.770,7.590,1.350,-,-,31.660,29.949,1253.180,-,790.080,2043.260,61.33
2021,060011,Lazio,Frosinone,ATINA,4070,Comune,263.380,10.900,314.840,333.133,10.080,18.401,68.819,12.420,5.850,0.460,-,-,3.370,24.717,1066.370,-,613.380,1679.750,63.48
2021,060012,Lazio,Frosinone,AUSONIA,2423,Comune,153.340,-,88.200,129.945,-,6.846,24.818,2.440,2.490,0.570,-,-,-,9.670,418.320,22.680,258.060,699.060,59.84
2021,060013,Lazio,Frosinone,BELMONTE CASTELLO,692,Vedi aggregazione: Unione Comuni 'Val Comino',-,-,-,-,-,-,-,-,-,-,-,-,-,-,-,-,-,-,-
2021,060014,Lazio,Frosinone,BOVILLE ERNICA,8278,Comune,469.280,-,183.040,392.806,-,22.003,79.762,22.170,-,0.117,-,2.140,51.770,31.509,1254.597,-,1315.400,2569.997,48.82
2021,060015,Lazio,Frosinone,BROCCOSTELLA,2677,Comune,182.000,-,88.300,125.200,-,60.000,47.352,5.520,4.210,-,-,-,7.490,-,520.072,-,405.440,925.512,56.19
2021,060016,Lazio,Frosinone,CAMPOLI APPENNINO,1598,Comune,9.560,-,28.370,83.775,-,3.315,24.518,22.670,-,-,-,-,5.260,4.683,182.150,-,233.240,415.390,43.85
2021,060017,Lazio,Frosinone,CASALATTICO,539,Comune,-,-,10.390,33.105,0.550,1.316,4.770,1.190,-,-,-,-,8.300,1.859,61.480,-,51.220,112.700,54.55
2021,060018,Lazio,Frosinone,CASALVIERI,2355,Comune,-,-,82.370,150.861,11.990,8.424,28.328,8.841,4.190,0.055,-,-,15.040,11.477,321.576,-,382.792,704.368,45.66
2021,060019,Lazio,Frosinone,CASSINO,35300,Comune,3961.800,228.210,3013.564,2122.136,42.600,21.940,6.520,53.511,88.190,1.135,46.480,558.960,492.760,2.000,10639.806,-,5819.520,16459.326,64.64
2021,060020,Lazio,Frosinone,CASTELLIRI,3202,Comune,280.360,-,133.700,197.490,-,12.118,43.926,8.400,-,0.566,-,-,10.460,17.205,704.226,-,304.510,1008.736,69.81
2021,060021,Lazio,Frosinone,CASTELNUOVO PARANO,853,Comune,-,-,21.620,18.531,-,0.667,2.418,0.180,-,-,-,-,-,0.943,44.360,2.000,340.720,387.080,11.46
2021,060023,Lazio,Frosinone,CASTRO DEI VOLSCI,4462,Comune,268.400,4.000,157.530,-,-,-,-,5.917,6.380,-,-,-,-,-,442.227,17.560,339.800,799.587,55.31
2021,060022,Lazio,Frosinone,CASTROCIELO,3825,Comune,-,-,140.215,238.946,-,16.699,56.474,11.051,9.630,0.950,-,-,18.835,22.006,514.806,-,817.260,1332.066,38.65
2021,060024,Lazio,Frosinone,CECCANO,22423,Comune,1944.960,472.670,938.470,1798.668,83.380,157.130,-,-,1.400,1.460,63.560,5.270,171.720,132.102,5770.790,-,2440.495,8211.285,70.28
2021,060025,Lazio,Frosinone,CEPRANO,8282,Comune,772.940,137.135,351.520,339.050,3.380,68.496,162.100,53.320,36.840,0.710,-,24.130,134.400,172.664,2256.685,-,797.885,3054.570,73.88
2021,060026,Lazio,Frosinone,CERVARO,7759,Comune,587.580,34.210,229.300,443.272,-,21.841,79.177,14.880,-,-,-,-,95.240,33.650,1539.150,-,1095.740,2634.890,58.41
2021,060027,Lazio,Frosinone,COLFELICE,1799,Comune,114.300,-,52.880,68.490,-,12.000,28.000,2.780,0.492,-,-,-,11.150,30.830,320.922,-,243.430,564.352,56.87
2021,060029,Lazio,Frosinone,COLLE SAN MAGNO,634,Comune,66.440,-,14.340,30.028,0.740,1.446,5.243,-,3.720,-,-,-,7.880,2.043,131.880,-,42.760,174.640,75.52
2021,060028,Lazio,Frosinone,COLLEPARDO,890,Comune,74.140,-,27.040,54.759,-,3.009,10.905,1.820,-,0.270,-,-,-,4.247,176.190,17.300,83.820,277.310,63.54
2021,060030,Lazio,Frosinone,CORENO AUSONIO,1524,Comune,107.180,1.180,49.890,63.580,-,6.480,56.860,3.930,7.160,0.958,0.010,-,24.270,-,321.498,-,91.450,412.948,77.85
2021,060031,Lazio,Frosinone,ESPERIA,3607,Comune,134.840,-,82.540,179.388,-,10.857,39.359,7.520,15.480,0.170,-,-,39.040,15.337,524.530,-,402.200,926.730,56.60
2021,060032,Lazio,Frosinone,FALVATERRA,508,Comune,48.020,-,13.320,30.615,-,1.601,5.803,2.481,-,-,-,-,14.160,2.261,118.261,-,85.060,203.321,58.17
2021,060033,Lazio,Frosinone,FERENTINO,20100,Comune,1385.300,106.780,873.490,1178.271,20.240,90.207,251.469,88.200,39.500,4.641,22.080,31.880,199.780,89.653,4381.491,-,3709.980,8091.471,54.15
2021,060034,Lazio,Frosinone,FILETTINO,518,Comune,7.520,-,17.936,17.269,-,0.444,1.610,4.520,-,-,-,-,18.380,0.627,68.306,-,233.180,301.486,22.66
2021,060035,Lazio,Frosinone,FIUGGI,10055,Comune,1193.580,31.260,486.590,448.246,-,45.627,285.304,77.481,15.168,0.330,85.880,256.940,240.310,52.737,3219.453,-,1668.900,4888.353,65.86
2021,060036,Lazio,Frosinone,FONTANA LIRI,2752,Comune,230.160,-,87.340,77.520,-,15.300,36.000,4.880,5.856,0.050,-,-,25.720,37.920,520.746,-,394.900,915.646,56.87
2021,060037,Lazio,Frosinone,FONTECHIARI,1239,Comune,43.660,-,19.330,37.170,4.230,0.210,0.170,6.680,-,0.590,-,-,-,-,112.040,5.780,151.120,268.940,41.66
2021,060038,Lazio,Frosinone,FROSINONE,44003,Comune,5330.420,536.430,3256.750,3038.682,366.300,221.023,742.214,177.826,189.380,16.588,63.260,516.500,348.340,279.080,15082.794,-,6727.260,21810.054,69.16
2021,060039,Lazio,Frosinone,FUMONE,1995,Comune,118.840,-,38.110,82.650,-,16.460,26.160,-,-,-,-,-,20.460,-,302.680,-,160.960,463.640,65.28
2021,060040,Lazio,Frosinone,GALLINARO,1180,Vedi aggregazione: Unione Comuni 'Val Comino',-,-,-,-,-,-,-,-,-,-,-,-,-,-,-,-,-,-,-
2021,060041,Lazio,Frosinone,GIULIANO DI ROMA,2332,Comune,234.100,-,71.120,113.348,-,17.538,63.579,5.540,3.800,0.340,-,-,5.360,24.776,539.500,-,211.600,751.100,71.83
2021,060042,Lazio,Frosinone,GUARCINO,1506,Comune,-,-,2.550,8.977,2.780,0.602,3.755,3.025,1.900,-,-,-,1.660,0.574,25.824,-,630.120,655.944,3.94
2021,060043,Lazio,Frosinone,ISOLA DEL LIRI,10776,Comune,1034.240,77.040,501.550,678.487,-,32.153,116.554,45.678,57.300,1.760,85.840,-,112.580,46.416,2789.598,-,1771.060,4560.658,61.17
2021,060044,Lazio,Frosinone,MONTE SAN GIOVANNI CAMPANO,12086,Comune,792.660,-,404.620,693.252,-,41.632,150.919,56.745,13.580,0.540,13.880,-,123.520,58.807,2350.155,-,1547.650,3897.805,60.29
2021,060045,Lazio,Frosinone,MOROLO,3147,Comune,197.920,-,97.560,232.037,-,10.760,39.005,24.210,-,0.350,-,-,54.010,15.198,671.050,-,458.560,1129.610,59.41
2021,060046,Lazio,Frosinone,PALIANO,7937,Comune,697.100,2.480,336.902,466.536,1.500,28.711,104.083,41.276,1.020,5.091,27.500,34.250,135.460,44.214,1926.123,-,708.540,2634.663,73.11
2021,060047,Lazio,Frosinone,PASTENA,1260,Comune,-,-,9.040,36.760,-,6.000,20.510,-,-,-,-,-,-,-,72.310,3.050,372.480,447.840,16.15
2021,060048,Lazio,Frosinone,PATRICA,3067,Comune,366.340,12.240,185.210,233.833,-,14.368,52.085,13.550,-,0.372,1.040,-,38.550,20.295,937.882,-,295.180,1233.062,76.06
2021,060049,Lazio,Frosinone,PESCOSOLIDO,1448,Comune,14.560,-,19.400,-,-,-,0.290,3.990,-,0.020,-,-,-,-,38.260,-,149.580,187.840,20.37
2021,060050,Lazio,Frosinone,PICINISCO,1102,Vedi aggregazione: Unione Comuni 'Val Comino',-,-,-,-,-,-,-,-,-,-,-,-,-,-,-,-,-,-,-
2021,060051,Lazio,Frosinone,PICO,2636,Comune,154.720,-,68.340,119.348,-,6.438,23.340,5.580,1.850,-,-,-,10.370,9.094,399.080,-,315.040,714.120,55.88
2021,060052,Lazio,Frosinone,PIEDIMONTE SAN GERMANO,6299,Comune,561.440,64.210,306.270,352.716,-,24.216,87.783,-,15.880,0.440,-,-,112.660,34.205,1559.820,-,990.080,2549.900,61.17
2021,060053,Lazio,Frosinone,PIGLIO,4365,Comune,390.820,-,143.260,298.718,-,-,-,11.870,2.440,0.782,-,5.680,31.180,19.513,904.263,-,387.600,1291.863,70.00
2021,060054,Lazio,Frosinone,PIGNATARO INTERAMNA,2400,Comune,126.240,-,83.260,138.147,-,7.668,27.802,2.680,-,0.100,-,-,23.360,10.843,420.100,-,378.690,798.790,52.59
2021,060055,Lazio,Frosinone,POFI,3928,Comune,-,-,113.120,136.250,-,27.660,110.640,15.423,-,-,-,-,26.400,-,429.493,-,693.720,1123.213,38.24
2021,060056,Lazio,Frosinone,PONTECORVO,12361,Comune,34.640,7.340,109.480,68.922,-,1.560,12.975,12.730,10.520,0.437,-,4.760,14.900,2.203,280.467,-,5211.230,5491.697,5.11
2021,060057,Lazio,Frosinone,POSTA FIBRENO,1060,Comune,47.640,-,30.420,60.290,1.590,0.160,-,7.440,-,0.010,-,-,-,-,147.550,10.360,226.680,384.590,38.37
2021,060058,Lazio,Frosinone,RIPI,5054,Comune,174.120,-,195.190,263.465,-,14.423,52.288,18.750,9.590,0.375,-,-,43.030,20.373,791.605,-,913.280,1704.885,46.43
2021,060059,Lazio,Frosinone,ROCCA D'ARCE,904,Comune,64.400,-,22.740,46.244,-,2.537,9.196,2.150,1.390,-,-,-,8.590,3.583,160.830,-,86.080,246.910,65.14
2021,060060,Lazio,Frosinone,ROCCASECCA,6910,Comune,562.560,49.150,251.410,242.970,-,4.735,111.652,5.422,-,0.120,-,-,40.900,162.383,1431.302,-,863.160,2294.462,62.38
2021,060061,Lazio,Frosinone,SAN BIAGIO SARACINISCO,302,Vedi aggregazione: Unione Comuni 'Val Comino',-,-,-,-,-,-,-,-,-,-,-,-,-,-,-,-,-,-,-
2021,060062,Lazio,Frosinone,SAN DONATO VAL DI COMINO,1875,Vedi aggregazione: Unione Comuni 'Val Comino',-,-,-,-,-,-,-,-,-,-,-,-,-,-,-,-,-,-,-
2021,060063,Lazio,Frosinone,SAN GIORGIO A LIRI,3016,Comune,307.820,-,189.820,249.304,-,-,-,5.320,-,0.147,-,20.080,20.200,61.536,854.227,-,550.320,1404.547,60.82
2021,060064,Lazio,Frosinone,SAN GIOVANNI INCARICO,3080,Comune,261.160,-,79.260,144.101,-,8.125,29.450,9.560,0.230,-,-,-,10.940,11.474,554.300,-,428.980,983.280,56.37
2021,060070,Lazio,Frosinone,SAN VITTORE DEL LAZIO,2469,Comune,186.100,18.160,82.940,144.251,-,7.059,25.598,10.930,0.500,2.783,-,-,53.320,12.452,544.093,-,338.540,882.633,61.64
2021,060065,Lazio,Frosinone,SANT'AMBROGIO SUL GARIGLIANO,876,Comune,31.200,-,33.400,57.486,-,3.792,13.746,2.410,-,-,-,-,10.210,5.356,157.600,-,27.380,184.980,85.20
2021,060066,Lazio,Frosinone,SANT'ANDREA DEL GARIGLIANO,1303,Comune,63.080,-,26.940,57.160,-,-,-,3.170,-,-,-,-,-,-,150.350,12.110,78.400,240.860,62.42
2021,060067,Lazio,Frosinone,SANT'APOLLINARE,1831,Comune,-,-,60.334,70.363,3.034,5.181,21.223,8.500,2.000,-,-,-,11.080,6.766,188.480,-,323.780,512.260,36.79
2021,060068,Lazio,Frosinone,SANT'ELIA FIUMERAPIDO,5639,Comune,375.520,50.730,200.900,343.630,-,18.635,67.554,9.100,34.250,2.429,-,-,63.600,26.921,1193.269,-,869.060,2062.329,57.86
2021,060069,Lazio,Frosinone,SANTOPADRE,1203,Comune,-,-,-,2.973,-,0.157,0.568,1.380,-,-,-,-,39.740,0.222,45.040,-,325.380,370.420,12.16
2021,060071,Lazio,Frosinone,SERRONE,2983,Comune,245.840,-,99.230,68.922,-,10.664,118.431,20.755,-,1.395,43.600,-,75.080,15.063,698.980,-,276.060,975.040,71.69
2021,060072,Lazio,Frosinone,SETTEFRATI,708,Vedi aggregazione: Unione Comuni 'Val Comino',-,-,-,-,-,-,-,-,-,-,-,-,-,-,-,-,-,-,-
2021,060073,Lazio,Frosinone,SGURGOLA,2369,Comune,185.120,2.570,43.300,101.773,-,6.123,22.163,11.930,-,0.414,-,10.300,38.420,8.644,430.756,-,224.560,655.316,65.73
2021,060074,Lazio,Frosinone,SORA,24954,Comune,3163.644,-,1530.660,934.860,304.080,24.160,832.840,216.538,169.331,7.324,-,-,-,-,7183.437,-,4574.040,11757.477,61.10
2021,060075,Lazio,Frosinone,STRANGOLAGALLI,2251,Comune,97.360,-,97.300,140.514,-,9.808,35.555,10.540,1.360,0.078,-,11.940,14.860,13.853,433.168,-,272.460,705.628,61.39
2021,060076,Lazio,Frosinone,SUPINO,4621,Comune,303.920,-,142.460,275.293,35.680,9.410,35.396,8.000,1.680,-,-,-,37.200,14.381,863.420,-,596.205,1459.625,59.15
2021,060077,Lazio,Frosinone,TERELLE,305,Vedi aggregazione: Unione Comuni 'Val Comino',-,-,-,-,-,-,-,-,-,-,-,-,-,-,-,-,-,-,-
2021,060078,Lazio,Frosinone,TORRE CAJETANI,1290,Comune,43.820,-,13.153,42.600,3.020,1.043,24.928,4.380,7.040,0.110,18.280,-,-,8.851,167.226,-,228.675,395.901,42.24
2021,060079,Lazio,Frosinone,TORRICE,4724,Comune,394.900,3.705,156.590,273.840,-,16.891,62.072,9.905,-,0.291,-,0.990,21.960,23.858,965.001,-,381.170,1346.171,71.69
2021,060080,Lazio,Frosinone,TREVI NEL LAZIO,1721,Comune,84.770,-,38.060,1.540,-,13.886,51.738,1.023,-,-,-,-,17.740,19.834,228.591,-,558.980,787.571,29.03
2021,060081,Lazio,Frosinone,TRIVIGLIANO,1616,Comune,93.320,-,35.909,77.314,3.760,4.016,15.609,4.260,9.190,0.110,-,-,-,5.560,249.047,-,179.215,428.262,58.15
2021,060082,Lazio,Frosinone,VALLECORSA,2426,Comune,-,-,65.480,149.412,-,9.387,33.989,7.540,-,-,-,-,-,13.242,279.050,23.890,117.540,420.480,66.37
2021,060083,Lazio,Frosinone,VALLEMAIO,887,Comune,-,-,13.380,31.580,-,1.496,28.424,4.484,-,-,-,-,9.980,-,89.344,-,96.459,185.803,48.09
2021,060084,Lazio,Frosinone,VALLEROTONDA,1400,Comune,-,-,-,-,-,-,-,-,-,-,-,-,-,-,-,-,632.460,632.460,-
2021,060085,Lazio,Frosinone,VEROLI,19720,Comune,1333.050,52.660,673.170,1276.916,-,66.029,239.358,60.875,-,6.361,7.980,67.740,176.020,93.267,4053.426,-,3164.080,7217.506,56.16
2021,060086,Lazio,Frosinone,VICALVI,742,Vedi aggregazione: Unione Comuni 'Val Comino',-,-,-,-,-,-,-,-,-,-,-,-,-,-,-,-,-,-,-
2021,060087,Lazio,Frosinone,VICO NEL LAZIO,2056,Comune,165.140,-,48.080,126.966,-,6.922,25.094,7.900,-,-,-,-,12.250,9.777,402.130,-,172.400,574.530,69.99
2021,060088,Lazio,Frosinone,VILLA LATINA,1137,Vedi aggregazione: Unione Comuni 'Val Comino',-,-,-,-,-,-,-,-,-,-,-,-,-,-,-,-,-,-,-
2021,060089,Lazio,Frosinone,VILLA SANTA LUCIA,2507,Comune,240.760,-,81.780,167.859,-,11.479,41.609,-,9.500,0.100,-,-,6.420,16.213,575.720,-,206.980,782.700,73.56
2021,060090,Lazio,Frosinone,VILLA SANTO STEFANO,1632,Comune,89.840,-,38.730,125.188,-,6.296,22.823,12.120,2.390,0.040,-,-,28.500,8.893,334.820,-,172.130,506.950,66.05
2021,060091,Lazio,Frosinone,VITICUSO,302,Vedi aggregazione: Unione Comuni 'Val Comino',-,-,-,-,-,-,-,-,-,-,-,-,-,-,-,-,-,-,-
2021,059001,Lazio,Latina,APRILIA,73887,Comune,8366.310,1620.780,3456.150,3833.639,1220.160,554.273,1248.223,491.480,88.130,102.701,1049.840,435.200,2235.210,523.225,25225.321,-,9250.340,34475.661,73.17
2021,059002,Lazio,Latina,BASSIANO,1447,Comune,131.760,15.440,37.020,79.520,-,14.602,44.603,21.560,-,-,-,-,45.340,17.395,407.240,-,136.040,543.280,74.96
2021,059003,Lazio,Latina,CAMPODIMELE,560,Comune,56.800,-,13.070,46.543,-,1.430,6.475,2.980,0.460,0.280,-,-,-,2.022,130.060,16.960,50.280,197.300,65.92
2021,059004,Lazio,Latina,CASTELFORTE,4139,Comune,477.480,47.270,93.322,163.600,-,15.955,135.260,9.050,-,1.635,-,-,86.050,-,1029.622,-,687.310,1716.932,59.97
2021,059005,Lazio,Latina,CISTERNA DI LATINA,36502,Comune,1866.780,1538.740,936.290,658.810,317.240,181.480,417.090,103.395,145.303,16.113,-,227.440,634.880,420.850,7464.411,-,10895.340,18359.751,40.66
2021,059006,Lazio,Latina,CORI,10396,Comune,1219.120,31.560,248.100,343.478,-,99.283,291.686,69.680,-,4.235,11.220,81.580,406.000,0.853,2806.795,-,1007.500,3814.295,73.59
2021,059007,Lazio,Latina,FONDI,39377,Comune,6640.250,1361.540,1829.740,2801.004,230.940,235.650,611.249,221.881,191.160,13.330,310.340,268.360,1841.020,238.377,16794.841,-,3372.720,20167.561,83.28
2021,059008,Lazio,Latina,FORMIA,37301,Comune,4710.340,1228.030,2110.820,2162.366,511.650,147.088,433.004,132.363,81.480,21.193,334.010,302.560,742.720,159.172,13076.795,-,6227.990,19304.785,67.74
2021,059009,Lazio,Latina,GAETA,19630,Comune,2921.320,150.760,881.120,822.862,-,18.291,1097.484,66.960,69.660,9.720,117.580,282.380,862.980,164.623,7465.740,-,4147.210,11612.950,64.29
2021,059010,Lazio,Latina,ITRI,10276,Comune,1488.070,112.440,527.100,433.120,189.220,136.020,330.000,40.225,34.190,3.970,154.140,41.700,250.180,4.300,3744.675,-,1072.760,4817.435,77.73
2021,059011,Lazio,Latina,LATINA,127221,Comune,7559.160,1850.040,3861.520,3572.079,1600.480,603.945,1579.122,562.815,60.100,90.831,1395.800,316.390,682.720,611.253,24346.256,-,45228.500,69574.756,34.99
2021,059012,Lazio,Latina,LENOLA,4053,Comune,416.460,-,116.710,152.690,75.800,34.310,108.160,16.135,21.700,-,-,-,50.620,-,992.585,-,430.870,1423.455,69.73
2021,059013,Lazio,Latina,MAENZA,2958,Comune,328.920,-,65.480,116.720,-,26.850,107.390,11.202,4.260,0.108,30.760,-,43.200,-,734.890,-,239.780,974.670,75.40
2021,059014,Lazio,Latina,MINTURNO,19954,Comune,2660.360,433.540,681.680,975.329,264.920,178.570,547.072,118.615,72.815,17.290,214.710,182.573,838.760,222.709,7408.943,-,3205.847,10614.790,69.80
2021,059015,Lazio,Latina,MONTE SAN BIAGIO,6052,Comune,588.820,76.900,243.960,144.099,40.100,28.393,259.327,13.970,-,-,-,-,31.300,31.521,1458.390,-,764.952,2223.342,65.59
2021,059016,Lazio,Latina,NORMA,3647,Comune,337.820,40.370,17.700,313.385,-,48.483,175.781,23.619,2.190,0.780,38.440,-,145.420,68.552,1212.539,-,273.540,1486.079,81.59
2021,059017,Lazio,Latina,PONTINIA,14934,Comune,1222.900,156.350,790.680,739.377,124.180,203.271,323.323,144.320,48.860,4.260,66.560,159.400,166.480,389.270,4539.230,-,2571.980,7111.210,63.83
2021,059018,Lazio,Latina,PONZA,3320,Comune,-,-,90.720,49.836,-,7.710,27.953,9.140,-,3.000,-,-,44.460,10.901,243.720,-,2514.680,2758.400,8.84
2021,059019,Lazio,Latina,PRIVERNO,13683,Comune,1642.180,21.640,624.780,560.639,-,86.735,345.729,53.925,7.740,1.670,-,132.280,229.080,131.358,3837.755,-,1639.740,5477.495,70.06
2021,059020,Lazio,Latina,PROSSEDI,1166,Comune,139.060,-,82.160,85.971,-,13.300,48.222,10.531,4.950,0.330,-,-,47.340,19.986,451.851,-,112.420,564.271,80.08
2021,059022,Lazio,Latina,ROCCA MASSIMA,1076,Comune,105.060,-,45.860,74.660,-,11.550,41.878,10.405,3.890,0.530,-,-,32.720,16.332,342.885,-,132.000,474.885,72.20
2021,059021,Lazio,Latina,ROCCAGORGA,4159,Comune,493.120,2.920,69.660,68.756,34.140,10.637,143.846,8.499,3.730,-,12.460,-,25.740,15.040,888.549,-,274.900,1163.449,76.37
2021,059023,Lazio,Latina,ROCCASECCA DEI VOLSCI,1028,Comune,56.960,-,18.140,53.422,-,2.414,8.751,3.540,-,-,-,-,24.000,3.413,170.640,-,146.360,317.000,53.83
2021,059024,Lazio,Latina,SABAUDIA,19880,Comune,2646.880,377.200,890.940,1469.980,-,140.337,508.813,71.990,0.650,6.526,-,27.000,1034.660,198.429,7373.406,-,3164.800,10538.206,69.97
2021,059025,Lazio,Latina,SAN FELICE CIRCEO,10078,Comune,1550.860,2489.850,540.060,1007.784,-,89.539,324.635,117.935,-,10.084,151.170,242.680,1842.620,129.922,8497.139,-,2260.720,10757.859,78.99
2021,059026,Lazio,Latina,SANTI COSMA E DAMIANO,6803,Comune,890.670,31.680,368.370,269.100,-,27.380,300.380,15.460,21.715,3.044,2.470,16.680,129.690,-,2076.639,-,677.500,2754.139,75.40
2021,059027,Lazio,Latina,SERMONETA,10023,Comune,1214.160,194.980,520.500,513.560,167.100,-,32.240,52.235,21.810,19.200,0.120,-,191.780,164.040,3091.725,-,1302.440,4394.165,70.36
2021,059028,Lazio,Latina,SEZZE,23629,Comune,1595.120,25.460,563.580,682.680,-,61.040,356.720,38.381,32.030,1.736,68.860,-,165.660,0.860,3592.127,-,5896.760,9488.887,37.86
2021,059029,Lazio,Latina,SONNINO,7413,Comune,920.180,27.620,208.680,419.727,89.140,42.827,88.998,27.845,-,0.300,-,-,195.780,34.708,2055.805,-,606.920,2662.725,77.21
2021,059030,Lazio,Latina,SPERLONGA,3094,Comune,955.460,104.360,223.710,535.144,-,26.817,97.230,6.210,-,-,-,19.520,60.890,37.918,2067.260,-,560.220,2627.480,78.68
2021,059031,Lazio,Latina,SPIGNO SATURNIA,2832,Comune,399.830,-,105.210,115.350,-,10.985,133.270,6.790,14.225,1.520,0.820,-,46.010,0.180,834.190,-,172.900,1007.090,82.83
2021,059032,Lazio,Latina,TERRACINA,44623,Comune,6938.620,965.380,1939.760,3549.269,604.200,291.631,758.671,281.440,115.020,29.920,91.060,439.280,1804.420,302.929,18111.600,-,6716.360,24827.960,72.95
2021,059033,Lazio,Latina,VENTOTENE,699,Comune,3.800,-,31.810,73.461,-,24.933,7.371,-,-,-,-,-,67.650,2.875,211.900,-,405.080,616.980,34.35
2021,057001,Lazio,Rieti,ACCUMOLI,551,Comune,-,-,16.980,-,-,-,0.680,0.160,-,-,-,-,2.620,-,20.440,-,357.520,377.960,5.41
2021,057002,Lazio,Rieti,AMATRICE,2309,Comune,-,-,-,-,-,-,-,8.575,-,-,-,-,19.560,-,28.135,-,1068.620,1096.755,2.57
2021,057003,Lazio,Rieti,ANTRODOCO,2349,Comune,213.471,-,85.950,111.938,-,4.853,17.708,7.773,-,0.673,-,-,13.610,6.853,462.829,-,275.455,738.284,62.69
2021,057004,Lazio,Rieti,ASCREA,216,Comune,13.265,-,6.985,16.543,-,1.180,4.277,2.050,-,-,-,-,9.910,0.835,55.045,-,42.000,97.045,56.72
2021,057005,Lazio,Rieti,BELMONTE IN SABINA,644,Comune,41.870,-,21.715,40.304,-,3.418,12.390,1.165,-,-,-,-,7.430,2.418,130.710,-,101.950,232.660,56.18
2021,057006,Lazio,Rieti,BORBONA,594,Comune,13.680,-,-,-,-,-,-,4.000,2.290,-,-,-,9.800,0.420,30.190,-,362.040,392.230,7.70
2021,057008,Lazio,Rieti,BORGO VELINO,941,Comune,89.355,-,38.300,50.984,-,5.259,19.061,6.365,4.680,-,-,-,14.180,3.720,231.903,-,117.915,349.818,66.29
2021,057007,Lazio,Rieti,BORGOROSE,4222,Comune,386.560,-,187.420,290.320,41.650,25.050,145.420,28.210,45.520,4.300,63.330,-,30.150,7.120,1255.050,-,428.520,1683.570,74.55
2021,057009,Lazio,Rieti,CANTALICE,2431,Comune,202.515,-,59.785,105.859,-,8.630,31.281,7.910,3.740,1.658,-,-,14.160,6.094,441.631,-,252.345,693.976,63.64
2021,057010,Lazio,Rieti,CANTALUPO IN SABINA,1639,Vedi aggregazione: Unione 'Bassa Sabina',-,-,-,-,-,-,-,-,-,-,-,-,-,-,-,-,-,-,-
2021,057011,Lazio,Rieti,CASAPROTA,695,Vedi aggregazione: Unione 'Alta Sabina',-,-,-,-,-,-,-,-,-,-,-,-,-,-,-,-,-,-,-
2021,057012,Lazio,Rieti,CASPERIA,1213,Comune,97.645,-,46.680,69.455,-,5.345,19.373,8.396,-,-,-,-,24.930,3.774,275.598,-,143.514,419.112,65.76
2021,057013,Lazio,Rieti,CASTEL DI TORA,269,Comune,20.295,-,12.740,31.045,-,2.394,8.677,1.940,-,-,0.600,-,5.940,1.693,85.325,-,52.043,137.368,62.11
2021,057015,Lazio,Rieti,CASTEL SANT'ANGELO,1199,Comune,118.205,-,30.715,71.778,-,6.985,25.317,3.930,2.535,0.940,-,-,15.150,4.932,280.488,-,132.025,412.513,68.00
2021,057014,Lazio,Rieti,CASTELNUOVO DI FARFA,998,Vedi aggregazione: Unione dei Comuni della Valle dell'Olio,-,-,-,-,-,-,-,-,-,-,-,-,-,-,-,-,-,-,-
2021,057016,Lazio,Rieti,CITTADUCALE,6423,Comune,703.455,9.760,324.370,325.938,26.720,34.017,128.967,32.577,-,0.233,-,25.070,67.580,24.007,1702.696,-,851.891,2554.587,66.65
2021,057017,Lazio,Rieti,CITTAREALE,411,Comune,-,-,-,6.300,-,-,-,4.680,-,-,-,-,19.200,-,30.180,-,241.920,272.100,11.09
2021,057018,Lazio,Rieti,COLLALTO SABINO,393,Comune,52.865,-,19.608,34.536,-,-,8.587,5.385,-,0.360,-,-,6.740,-,128.080,-,44.865,172.945,74.06
2021,057019,Lazio,Rieti,COLLE DI TORA,363,Comune,22.295,-,11.855,26.414,-,2.256,8.177,3.730,-,-,-,-,17.740,1.593,94.061,-,64.060,158.121,59.49
2021,057020,Lazio,Rieti,COLLEGIOVE,132,Comune,7.748,-,2.345,6.832,-,0.524,1.898,1.610,-,-,1.980,-,6.560,0.370,29.868,-,18.330,48.198,61.97
2021,057021,Lazio,Rieti,COLLEVECCHIO,1524,Comune,175.240,-,22.650,34.280,3.000,5.460,45.020,6.593,3.310,0.200,-,-,8.440,-,304.193,-,144.375,448.568,67.81
2021,057022,Lazio,Rieti,COLLI SUL VELINO,456,Comune,36.360,-,17.130,17.860,-,10.153,9.877,2.730,1.805,0.100,-,-,5.750,-,101.765,-,44.319,146.084,69.66
2021,057023,Lazio,Rieti,CONCERVIANO,277,Comune,-,-,-,-,-,-,-,1.140,-,-,-,-,9.960,-,11.100,-,138.440,149.540,7.42
2021,057024,Lazio,Rieti,CONFIGNI,583,Comune,36.135,-,20.850,26.609,-,2.921,10.588,2.987,-,-,-,-,6.730,2.063,108.883,-,60.980,169.863,64.10
2021,057025,Lazio,Rieti,CONTIGLIANO,3759,Comune,333.252,47.620,140.065,162.529,-,39.604,51.956,39.735,-,1.220,-,-,146.900,10.121,973.002,-,376.704,1349.706,72.09
2021,057026,Lazio,Rieti,COTTANELLO,517,Comune,25.365,-,15.200,22.607,-,2.299,8.332,2.633,-,-,-,-,9.660,1.623,87.719,-,48.640,136.359,64.33
2021,057027,Lazio,Rieti,FARA IN SABINA,13816,Comune,1075.280,39.100,530.610,668.381,-,63.468,230.041,90.180,28.350,3.945,0.220,121.950,165.890,44.786,3062.200,-,1862.032,4924.232,62.19
2021,057028,Lazio,Rieti,FIAMIGNANO,1205,Comune,106.535,-,34.485,66.008,-,11.410,34.230,11.960,1.970,-,-,-,12.500,10.040,289.138,-,149.750,438.888,65.88
2021,057029,Lazio,Rieti,FORANO,3078,Vedi aggregazione: Unione 'Bassa Sabina',-,-,-,-,-,-,-,-,-,-,-,-,-,-,-,-,-,-,-
2021,057030,Lazio,Rieti,FRASSO SABINO,731,Comune,77.010,-,29.090,27.465,-,22.869,9.801,7.321,1.330,0.860,-,-,7.999,-,183.745,-,59.799,243.544,75.45
2021,057031,Lazio,Rieti,GRECCIO,1511,Comune,155.973,-,92.030,94.044,-,10.124,36.693,8.040,3.270,-,-,-,-,7.148,407.322,10.510,158.914,576.746,70.62
2021,057032,Lazio,Rieti,LABRO,368,Comune,31.905,-,12.820,28.227,-,2.337,8.472,1.790,0.840,0.280,-,-,4.620,1.650,92.941,-,51.445,144.386,64.37
2021,057033,Lazio,Rieti,LEONESSA,2138,Comune,-,4.300,32.500,48.053,32.680,0.864,3.133,9.230,3.670,0.072,-,20.780,14.060,0.610,169.952,-,1202.870,1372.822,12.38
2021,057034,Lazio,Rieti,LONGONE SABINO,543,Comune,-,-,1.880,8.800,-,-,-,-,-,-,-,-,8.460,-,19.140,-,232.840,251.980,7.60
2021,057035,Lazio,Rieti,MAGLIANO SABINA,3487,Comune,283.240,23.060,210.580,181.180,57.480,33.200,102.260,42.215,18.690,2.255,46.780,-,112.520,0.840,1114.300,-,355.245,1469.545,75.83
2021,057036,Lazio,Rieti,MARCETELLI,69,Comune,-,-,-,0.600,-,-,-,-,-,-,-,-,-,-,0.600,-,26.720,27.320,2.20
2021,057037,Lazio,Rieti,MICIGLIANO,115,Comune,-,-,-,-,-,-,-,1.660,-,-,-,-,9.280,-,10.940,-,68.120,79.060,13.84
2021,057038,Lazio,Rieti,MOMPEO,508,Comune,83.869,0.677,15.561,19.306,-,-,18.370,4.270,1.340,0.104,-,-,15.999,-,159.496,-,48.544,208.040,76.67
2021,057039,Lazio,Rieti,MONTASOLA,389,Comune,23.975,-,10.780,14.060,-,3.028,9.075,1.911,-,-,-,-,-,2.667,65.496,4.410,36.670,106.576,61.46
2021,057043,Lazio,Rieti,MONTE SAN GIOVANNI IN SABINA,647,Comune,-,-,-,1.555,-,0.481,1.744,-,-,0.020,-,-,-,0.340,4.140,-,299.030,303.170,1.37
2021,057040,Lazio,Rieti,MONTEBUONO,819,Comune,59.665,-,28.700,43.525,-,2.705,9.805,4.249,2.540,-,-,-,15.900,3.819,170.909,-,110.690,281.599,60.69
2021,057041,Lazio,Rieti,MONTELEONE SABINO,1182,Aggregazione: Unione dei Comuni della Valle dell'Olio,260.390,-,86.200,165.336,-,13.970,50.885,23.096,-,0.180,-,-,25.390,9.865,635.312,-,329.930,965.242,65.82
2021,057042,Lazio,Rieti,MONTENERO SABINO,273,Vedi aggregazione: Unione 'Alta Sabina',-,-,-,-,-,-,-,-,-,-,-,-,-,-,-,-,-,-,-
2021,057044,Lazio,Rieti,MONTOPOLI DI SABINA,3953,Vedi aggregazione: Unione 'Bassa Sabina',-,-,-,-,-,-,-,-,-,-,-,-,-,-,-,-,-,-,-
2021,057045,Lazio,Rieti,MORRO REATINO,329,Comune,22.215,-,11.625,17.470,-,1.674,6.069,2.310,0.230,-,-,-,4.290,1.182,67.066,-,30.040,97.106,69.07
2021,057046,Lazio,Rieti,NESPOLO,193,Comune,20.028,-,5.595,11.680,-,-,10.795,0.990,-,-,-,-,2.880,-,51.968,-,33.665,85.633,60.69
2021,057047,Lazio,Rieti,ORVINIO,393,Vedi aggregazione: Unione 'Alta Sabina',-,-,-,-,-,-,-,-,-,-,-,-,-,-,-,-,-,-,-
2021,057048,Lazio,Rieti,PAGANICO,149,Comune,15.381,-,6.940,20.324,-,1.182,4.284,1.980,-,-,2.235,-,7.730,0.836,60.891,-,41.420,102.311,59.52
2021,057049,Lazio,Rieti,PESCOROCCHIANO,1901,Comune,154.085,-,52.055,94.260,-,14.865,44.584,7.606,-,0.063,-,-,-,13.071,380.589,11.760,239.540,631.889,60.23
2021,057050,Lazio,Rieti,PETRELLA SALTO,1039,Comune,93.935,-,28.765,81.185,-,4.930,17.870,4.120,0.180,-,-,-,7.300,3.481,241.767,-,162.935,404.702,59.74
2021,057051,Lazio,Rieti,POGGIO BUSTONE,1960,Comune,-,-,6.860,11.398,3.220,0.507,1.837,2.300,2.900,-,-,-,19.840,0.358,49.220,-,916.720,965.940,5.10
2021,057052,Lazio,Rieti,POGGIO CATINO,1236,Comune,105.020,-,33.970,61.083,-,5.004,18.137,5.396,2.240,-,-,-,7.940,3.533,242.323,-,130.114,372.437,65.06
2021,057053,Lazio,Rieti,POGGIO MIRTETO,6137,Vedi aggregazione: Unione 'Bassa Sabina',-,-,-,-,-,-,-,-,-,-,-,-,-,-,-,-,-,-,-
2021,057054,Lazio,Rieti,POGGIO MOIANO,2797,Vedi aggregazione: Unione 'Alta Sabina',-,-,-,-,-,-,-,-,-,-,-,-,-,-,-,-,-,-,-
2021,057055,Lazio,Rieti,POGGIO NATIVO,2559,Comune,234.775,-,77.155,101.449,-,11.687,48.614,9.209,-,0.513,-,-,24.510,5.029,512.941,-,278.110,791.051,64.84
2021,057056,Lazio,Rieti,POGGIO SAN LORENZO,519,Comune,53.170,-,20.778,27.970,-,19.114,8.192,8.355,2.680,0.340,-,-,8.650,-,149.248,-,55.218,204.466,72.99
2021,057057,Lazio,Rieti,POSTA,568,Comune,47.989,-,31.900,52.516,-,4.219,15.292,8.230,5.890,0.005,-,-,6.480,2.979,175.501,-,86.170,261.671,67.07
2021,057058,Lazio,Rieti,POZZAGLIA SABINA,308,Vedi aggregazione: Unione 'Alta Sabina',-,-,-,-,-,-,-,-,-,-,-,-,-,-,-,-,-,-,-
2021,057059,Lazio,Rieti,RIETI,45624,Comune,3613.180,802.220,2199.300,2161.060,752.140,336.806,449.937,347.820,-,12.920,103.100,556.000,402.840,181.847,11919.170,-,9820.990,21740.160,54.83
2021,057060,Lazio,Rieti,RIVODUTRI,1142,Comune,94.990,-,44.145,67.668,-,6.451,23.383,8.740,-,-,-,-,13.358,4.555,263.291,-,110.504,373.795,70.44
2021,057062,Lazio,Rieti,ROCCA SINIBALDA,790,Comune,43.938,-,31.370,53.106,-,4.587,16.627,4.490,-,-,-,-,10.450,3.245,167.813,-,144.300,312.113,53.77
2021,057061,Lazio,Rieti,ROCCANTICA,537,Comune,36.935,-,17.830,25.748,-,1.541,5.585,0.962,-,-,-,-,1.700,2.176,92.477,-,52.960,145.437,63.59
2021,057063,Lazio,Rieti,SALISANO,499,Comune,33.340,-,11.595,22.577,-,2.091,7.580,4.635,-,-,-,-,5.700,1.477,88.996,-,41.990,130.986,67.94
2021,057064,Lazio,Rieti,SCANDRIGLIA,3215,Aggregazione: Unione 'Alta Sabina',841.146,-,272.074,458.774,-,37.517,135.981,72.740,41.235,1.272,-,38.460,295.740,26.491,2221.431,-,965.975,3187.406,69.69
2021,057065,Lazio,Rieti,SELCI,1107,Comune,78.705,-,32.070,48.189,-,4.946,17.925,3.223,3.680,-,-,-,6.690,3.492,198.920,-,87.104,286.024,69.55
2021,057066,Lazio,Rieti,STIMIGLIANO,2190,Vedi aggregazione: Unione 'Bassa Sabina',-,-,-,-,-,-,-,-,-,-,-,-,-,-,-,-,-,-,-
2021,057067,Lazio,Rieti,TARANO,1376,Aggregazione: Unione 'Bassa Sabina',1428.437,5.810,346.800,657.025,135.520,48.517,239.223,77.707,12.160,9.463,-,-,127.390,20.941,3108.994,-,1563.182,4672.176,66.54
2021,057068,Lazio,Rieti,TOFFIA,1064,Vedi aggregazione: Unione dei Comuni della Valle dell'Olio,-,-,-,-,-,-,-,-,-,-,-,-,-,-,-,-,-,-,-
2021,057070,Lazio,Rieti,TORRI IN SABINA,1174,Vedi aggregazione: Unione 'Bassa Sabina',-,-,-,-,-,-,-,-,-,-,-,-,-,-,-,-,-,-,-
2021,057069,Lazio,Rieti,TORRICELLA IN SABINA,1333,Vedi aggregazione: Unione 'Alta Sabina',-,-,-,-,-,-,-,-,-,-,-,-,-,-,-,-,-,-,-
2021,057071,Lazio,Rieti,TURANIA,223,Comune,17.445,-,5.335,16.650,-,1.331,4.824,0.360,-,-,-,-,5.110,0.940,51.996,-,36.280,88.276,58.90
2021,057072,Lazio,Rieti,VACONE,223,Comune,18.240,-,10.880,13.992,-,1.703,6.173,0.827,-,-,-,-,1.700,1.203,54.718,-,23.450,78.168,70.00
2021,057073,Lazio,Rieti,VARCO SABINO,164,Comune,-,-,0.580,-,-,1.200,-,-,-,-,-,-,-,-,1.780,12.160,113.090,127.030,1.40
2021,058001,Lazio,Roma,AFFILE,1426,Comune,-,-,22.460,16.357,-,2.013,20.618,-,7.620,0.845,-,-,-,2.846,72.759,-,475.910,548.669,13.26
2021,058002,Lazio,Roma,AGOSTA,1694,Comune,78.580,-,39.410,16.925,6.940,5.438,56.724,4.323,1.420,-,1.660,-,13.100,3.702,228.223,-,193.936,422.159,54.06
2021,058003,Lazio,Roma,ALBANO LAZIALE,39466,Comune,4833.500,626.470,1861.820,796.366,-,192.903,1835.210,211.241,334.430,35.860,44.560,488.200,1425.790,174.202,12860.551,-,3486.340,16346.891,78.67
2021,058004,Lazio,Roma,ALLUMIERE,3788,Comune,348.320,39.850,149.650,143.540,63.230,34.850,109.430,25.465,14.820,4.937,56.820,-,58.400,-,1049.312,-,368.010,1417.322,74.04
2021,058005,Lazio,Roma,ANGUILLARA SABAZIA,19027,Comune,1876.840,754.340,904.350,857.220,319.180,98.040,643.960,130.825,82.340,16.600,285.405,409.000,209.960,6.140,6594.200,-,2264.040,8858.240,74.44
2021,058006,Lazio,Roma,ANTICOLI CORRADO,836,Vedi aggregazione: UNIONE COMUNI MEDANIENE,-,-,-,-,-,-,-,-,-,-,-,-,-,-,-,-,-,-,-
2021,058007,Lazio,Roma,ANZIO,58247,Comune,3623.070,4716.550,1631.400,1790.880,815.060,406.445,1368.427,356.295,121.620,36.860,873.705,424.100,581.080,357.568,17103.060,-,17827.650,34930.710,48.96
2021,058008,Lazio,Roma,ARCINAZZO ROMANO,1243,Comune,-,28.340,25.230,24.842,13.420,9.806,15.600,23.870,-,-,18.645,-,31.760,3.522,195.035,-,771.346,966.381,20.18
2021,058117,Lazio,Roma,ARDEA,48372,Comune,2989.150,2373.360,1371.990,1316.490,-,75.688,745.961,105.713,202.950,4.015,14.160,762.320,1122.470,264.871,11349.138,-,12366.700,23715.838,47.86
2021,058009,Lazio,Roma,ARICCIA,18014,Comune,2666.600,345.040,1111.730,418.618,217.060,123.843,966.568,92.375,78.418,17.621,165.160,422.760,328.080,94.391,7048.264,-,2299.020,9347.284,75.40
2021,058010,Lazio,Roma,ARSOLI,1379,Vedi aggregazione: UNIONE COMUNI MEDANIENE,-,-,-,-,-,-,-,-,-,-,-,-,-,-,-,-,-,-,-
2021,058011,Lazio,Roma,ARTENA,13551,Comune,1658.000,81.950,524.880,790.788,-,47.044,167.665,44.880,36.110,0.559,-,37.400,137.582,65.387,3592.245,-,1600.720,5192.965,69.18
2021,058012,Lazio,Roma,BELLEGRA,2693,Comune,274.200,-,137.522,-,3.500,6.210,132.791,12.050,1.000,-,-,-,24.950,28.371,620.594,-,197.220,817.814,75.88
2021,058013,Lazio,Roma,BRACCIANO,18468,Comune,1848.440,228.900,938.390,570.582,368.230,212.448,826.605,-,-,14.170,277.020,210.490,300.920,91.395,5887.590,-,1950.840,7838.430,75.11
2021,058014,Lazio,Roma,CAMERATA NUOVA,410,Comune,16.960,-,9.170,6.198,-,2.379,12.747,-,-,-,-,-,4.520,1.356,53.330,-,71.129,124.459,42.85
2021,058015,Lazio,Roma,CAMPAGNANO DI ROMA,10971,Comune,810.986,86.550,260.430,260.846,198.140,73.994,505.441,64.425,7.190,7.985,164.565,102.420,127.470,57.059,2727.501,-,292.590,3020.091,90.31
2021,058016,Lazio,Roma,CANALE MONTERANO,4147,Comune,572.040,106.720,130.960,226.389,103.500,38.889,124.640,40.650,6.070,11.322,62.205,47.190,133.980,3.490,1608.045,-,409.660,2017.705,79.70
2021,058017,Lazio,Roma,CANTERANO,345,Comune,50.480,-,11.770,9.295,-,1.438,16.964,-,-,-,-,-,3.180,2.033,95.160,-,35.640,130.800,72.75
2021,058018,Lazio,Roma,CAPENA,10678,Comune,903.460,237.858,613.720,479.480,198.880,67.220,348.990,73.289,19.110,12.675,160.170,58.100,227.460,-,3400.412,-,1528.650,4929.062,68.99
2021,058019,Lazio,Roma,CAPRANICA PRENESTINA,313,Comune,30.140,-,12.010,25.856,-,1.064,3.857,-,-,-,-,-,-,1.504,74.430,15.320,35.660,125.410,59.35
2021,058020,Lazio,Roma,CARPINETO ROMANO,4078,Comune,21.776,-,33.730,-,-,17.570,82.573,-,-,-,-,-,29.440,15.458,200.547,-,1504.896,1705.443,11.76
2021,058021,Lazio,Roma,CASAPE,642,Comune,59.026,-,21.625,12.825,6.710,7.284,27.116,8.248,-,0.218,9.630,-,7.460,2.805,162.947,-,78.117,241.064,67.60
2021,058022,Lazio,Roma,CASTEL GANDOLFO,8616,Comune,1226.580,246.080,397.820,281.540,-,43.556,478.779,51.580,46.454,10.030,129.240,165.780,264.280,64.486,3406.204,-,1210.280,4616.484,73.78
2021,058023,Lazio,Roma,CASTEL MADAMA,7101,Comune,608.960,40.540,345.520,257.819,149.880,126.778,237.960,65.801,4.370,16.814,106.515,-,167.150,16.189,2144.296,-,584.998,2729.294,78.57
2021,058025,Lazio,Roma,CASTEL SAN PIETRO ROMANO,841,Comune,46.440,12.550,26.200,12.980,8.190,4.589,31.201,-,-,0.656,11.826,-,8.510,2.839,165.981,-,74.353,240.334,69.06
2021,058024,Lazio,Roma,CASTELNUOVO DI PORTO,8513,Comune,826.810,294.640,325.160,334.540,159.920,394.205,40.073,40.825,32.340,8.920,21.640,63.260,82.420,4.500,2629.253,-,714.800,3344.053,78.63
2021,058026,Lazio,Roma,CAVE,10723,Comune,996.840,48.420,428.290,569.615,139.280,62.533,105.772,74.406,7.970,5.604,160.845,109.660,256.580,41.249,3007.064,-,1475.300,4482.364,67.09
2021,058027,Lazio,Roma,CERRETO LAZIALE,1099,Comune,87.200,-,35.120,37.765,-,6.092,29.917,-,-,-,-,-,1.160,1.323,198.577,-,54.362,252.939,78.51
2021,058028,Lazio,Roma,CERVARA DI ROMA,441,Comune,30.810,-,15.725,9.610,-,1.487,19.691,-,0.750,-,6.615,-,13.120,2.102,99.910,-,72.431,172.341,57.97
2021,058029,Lazio,Roma,CERVETERI,37251,Comune,4295.660,726.720,1470.200,1186.885,-,418.753,1274.175,232.352,158.580,27.177,558.765,557.810,978.600,99.251,11984.929,-,3760.200,15745.129,76.12
2021,058118,Lazio,Roma,CIAMPINO,38589,Comune,4255.440,566.540,2245.400,1917.506,706.025,237.505,335.723,199.544,86.880,52.713,578.835,371.040,677.520,123.501,12354.172,-,5117.240,17471.412,70.71
2021,058030,Lazio,Roma,CICILIANO,1248,Comune,131.660,-,39.135,49.661,5.980,11.769,33.234,-,1.940,0.050,5.010,6.810,14.330,1.155,300.734,-,97.472,398.206,75.52
2021,058031,Lazio,Roma,CINETO ROMANO,576,Vedi aggregazione: UNIONE COMUNI MEDANIENE,-,-,-,-,-,-,-,-,-,-,-,-,-,-,-,-,-,-,-
2021,058032,Lazio,Roma,CIVITAVECCHIA,51824,Comune,5755.800,307.830,2066.160,1891.950,935.460,405.441,1486.638,61.455,219.810,27.968,391.760,515.260,593.280,314.646,14973.458,-,7976.070,22949.528,65.25
2021,058033,Lazio,Roma,CIVITELLA SAN PAOLO,2003,Comune,95.040,-,57.375,140.828,-,-,60.290,1.442,-,-,-,-,-,-,354.975,-,220.535,575.510,61.68
2021,058034,Lazio,Roma,COLLEFERRO,20665,Comune,1966.960,198.390,1071.270,1136.247,-,96.458,224.389,238.560,94.900,13.088,304.200,115.260,420.420,81.299,5961.442,-,3394.840,9356.282,63.72
2021,058035,Lazio,Roma,COLONNA,4217,Comune,403.560,71.570,161.100,147.820,-,7.780,109.608,18.481,26.820,4.278,39.580,-,132.020,-,1122.617,-,475.351,1597.968,70.25
2021,058036,Lazio,Roma,FIANO ROMANO,16006,Comune,1228.040,290.560,872.370,670.050,206.140,75.560,502.836,80.055,-,10.698,149.026,194.690,236.060,0.070,4516.155,-,2835.010,7351.165,61.44
2021,058037,Lazio,Roma,FILACCIANO,457,Comune,34.534,-,13.830,12.710,-,4.008,12.840,-,-,-,-,-,6.520,0.292,84.734,-,30.517,115.251,73.52
2021,058120,Lazio,Roma,FIUMICINO,80625,Comune,11683.670,555.800,3681.740,4247.458,-,13.200,1.730,369.865,45.080,44.679,703.220,616.580,2190.040,3063.308,27216.370,-,8204.710,35421.080,76.84
2021,058122,Lazio,Roma,FONTE NUOVA,32340,Comune,3706.840,99.930,1315.360,1677.714,1.780,90.241,327.181,137.206,95.320,23.640,51.240,154.240,433.480,130.615,8244.787,-,2460.370,10705.157,77.02
2021,058038,Lazio,Roma,FORMELLO,13372,Comune,1022.180,490.700,845.340,292.013,294.945,130.116,530.873,134.108,-,25.108,200.580,260.890,209.560,70.337,4506.751,-,1985.300,6492.051,69.42
2021,058039,Lazio,Roma,FRASCATI,22650,Comune,2053.470,482.050,969.800,491.163,239.875,136.746,871.221,9.573,66.058,5.037,12.040,160.810,219.410,107.440,5824.693,-,4737.138,10561.831,55.15
2021,058040,Lazio,Roma,GALLICANO NEL LAZIO,6412,Comune,471.020,25.170,233.700,137.802,69.000,42.009,245.557,45.893,18.690,6.216,81.240,-,87.580,30.144,1494.021,-,906.660,2400.681,62.23
2021,058041,Lazio,Roma,GAVIGNANO,1920,Comune,45.514,-,17.410,-,-,9.052,44.239,-,-,-,-,-,20.020,7.964,144.198,-,410.129,554.327,26.01
2021,058042,Lazio,Roma,GENAZZANO,5667,Comune,459.170,14.660,221.040,130.361,-,34.568,239.331,37.015,28.980,7.213,-,33.730,138.420,28.516,1373.004,-,708.240,2081.244,65.97
2021,058043,Lazio,Roma,GENZANO DI ROMA,22975,Comune,2908.050,441.960,1203.240,1270.367,358.400,168.953,241.442,135.555,123.430,33.623,344.625,283.750,290.910,94.158,7898.463,-,3286.680,11185.143,70.62
2021,058044,Lazio,Roma,GERANO,1152,Vedi aggregazione: UNIONE DEI COMUNI VALLE DEL GIOVENZANO,-,-,-,-,-,-,-,-,-,-,-,-,-,-,-,-,-,-,-
2021,058045,Lazio,Roma,GORGA,688,Comune,20.078,3.770,6.950,31.041,-,1.567,7.199,-,-,-,-,-,14.860,2.216,87.681,-,60.799,148.480,59.05
2021,058046,Lazio,Roma,GROTTAFERRATA,20428,Comune,2249.590,811.020,1199.264,-,-,-,1205.110,100.853,97.100,9.140,-,321.960,537.700,0.682,6532.419,-,2859.000,9391.419,69.56
2021,058047,Lazio,Roma,GUIDONIA MONTECELIO,88237,Comune,8883.680,268.580,4015.320,4565.264,51.500,351.718,947.953,208.059,254.495,36.271,354.420,845.450,1198.700,379.716,22361.125,-,10129.946,32491.071,68.82
2021,058048,Lazio,Roma,JENNE,334,Comune,-,-,-,8.633,-,1.336,4.843,-,-,-,-,-,5.040,1.889,21.740,-,99.178,120.918,17.98
2021,058049,Lazio,Roma,LABICO,6384,Comune,453.280,116.020,185.320,119.158,-,18.435,217.805,22.374,32.050,1.805,-,-,134.260,26.065,1326.571,-,965.620,2292.191,57.87
2021,058116,Lazio,Roma,LADISPOLI,40390,Comune,4810.730,1656.690,1930.090,2554.982,685.220,262.539,521.906,220.070,164.370,41.460,415.230,538.380,410.060,183.538,14395.266,-,5531.080,19926.346,72.24
2021,058050,Lazio,Roma,LANUVIO,12828,Comune,1242.200,227.070,498.700,716.499,211.040,115.684,157.218,104.247,20.220,11.505,192.420,20.700,248.190,67.499,3833.192,-,1173.790,5006.982,76.56
2021,058115,Lazio,Roma,LARIANO,13167,Comune,1676.400,473.760,570.860,767.658,234.900,93.160,192.989,90.895,57.390,5.580,0.646,123.220,205.540,74.613,4567.611,-,1431.120,5998.731,76.14
2021,058051,Lazio,Roma,LICENZA,891,Vedi aggregazione: UNIONE COMUNI VALLE USTICA,-,-,-,-,-,-,-,-,-,-,-,-,-,-,-,-,-,-,-
2021,058052,Lazio,Roma,MAGLIANO ROMANO,1408,Comune,121.702,-,37.160,57.030,-,-,30.470,2.890,1.820,0.330,-,11.500,24.770,-,287.672,-,101.865,389.537,73.85
2021,058053,Lazio,Roma,MANDELA,904,Vedi aggregazione: UNIONE COMUNI VALLE USTICA,-,-,-,-,-,-,-,-,-,-,-,-,-,-,-,-,-,-,-
2021,058054,Lazio,Roma,MANZIANA,7696,Comune,686.260,272.030,325.200,379.120,255.430,90.020,337.695,34.625,4.220,10.235,115.440,135.800,62.610,-,2708.685,-,804.600,3513.285,77.10
2021,058055,Lazio,Roma,MARANO EQUO,784,Comune,28.890,5.440,31.950,-,24.560,19.215,51.812,13.195,4.320,1.720,-,-,15.460,8.633,205.195,-,91.146,296.341,69.24
2021,058056,Lazio,Roma,MARCELLINA,7072,Comune,596.200,42.980,233.880,252.793,124.990,81.919,209.370,45.824,25.540,11.939,106.080,-,77.590,16.538,1825.643,-,704.519,2530.162,72.16
2021,058057,Lazio,Roma,MARINO,45900,Comune,4439.490,581.680,1616.750,1395.220,-,262.812,1346.868,209.570,9.240,4.880,264.250,455.820,1275.140,-,11861.720,-,5600.260,17461.980,67.93
2021,058058,Lazio,Roma,MAZZANO ROMANO,2931,Comune,214.578,18.460,98.680,134.900,48.760,13.330,92.640,21.670,1.740,0.200,-,8.020,30.680,0.500,684.158,-,276.235,960.393,71.24
2021,058059,Lazio,Roma,MENTANA,22587,Comune,2400.440,149.380,883.100,1238.420,124.720,109.239,264.234,119.065,25.600,24.275,59.650,138.770,314.560,104.987,5956.440,-,1626.920,7583.360,78.55
2021,058064,Lazio,Roma,MONTE PORZIO CATONE,8547,Comune,782.000,197.480,302.130,303.583,108.100,30.000,130.947,47.407,4.400,6.359,-,44.350,117.990,78.720,2153.466,-,1108.280,3261.746,66.02
2021,058060,Lazio,Roma,MONTECOMPATRI,11898,Comune,1469.920,28.540,564.796,639.966,129.750,80.693,150.430,51.164,4.550,12.739,68.960,146.520,109.060,62.312,3519.399,-,1371.018,4890.417,71.97
2021,058061,Lazio,Roma,MONTEFLAVIO,1190,Comune,140.496,1.045,48.650,40.160,12.389,10.110,31.600,6.321,4.020,0.804,11.495,-,14.835,10.169,332.094,-,125.860,457.954,72.52
2021,058062,Lazio,Roma,MONTELANICO,2050,Comune,147.280,-,49.090,72.946,7.280,1.670,39.039,14.920,1.720,0.100,-,19.580,39.030,19.564,412.220,-,250.000,662.220,62.25
2021,058063,Lazio,Roma,MONTELIBRETTI,5102,Comune,433.500,4.320,194.170,200.790,-,-,146.760,5.995,-,0.760,8.580,-,147.800,3.975,1146.650,-,760.080,1906.730,60.14
2021,058065,Lazio,Roma,MONTEROTONDO,41020,Comune,3738.779,117.200,1872.000,2024.432,85.320,144.923,520.785,160.947,32.810,21.049,-,237.890,758.540,145.760,9860.435,-,7070.880,16931.315,58.24
2021,058066,Lazio,Roma,MONTORIO ROMANO,1965,Comune,220.716,1.560,59.900,96.456,18.488,9.253,20.449,14.134,3.560,0.857,29.475,-,21.701,8.630,505.179,-,195.402,700.581,72.11
2021,058067,Lazio,Roma,MORICONE,2473,Comune,274.145,2.117,83.460,131.669,25.582,11.742,28.185,38.335,9.120,1.561,23.120,-,31.159,13.652,673.847,-,254.244,928.091,72.61
2021,058068,Lazio,Roma,MORLUPO,8458,Comune,816.230,82.540,410.500,3.560,171.577,36.160,435.725,77.850,-,1.283,122.530,49.320,219.700,185.309,2612.284,-,727.240,3339.524,78.22
2021,058069,Lazio,Roma,NAZZANO,1347,Comune,107.706,-,37.230,-,18.720,18.762,81.677,-,-,-,-,-,30.700,6.391,301.186,-,223.464,524.650,57.41
2021,058070,Lazio,Roma,NEMI,1882,Comune,311.210,58.060,126.290,162.531,-,9.856,35.736,-,-,0.160,-,22.620,40.100,13.936,780.500,-,324.720,1105.220,70.62
2021,058071,Lazio,Roma,NEROLA,1889,Comune,192.657,1.617,58.180,62.340,19.159,14.005,44.470,9.779,2.050,1.088,17.580,-,22.726,14.358,460.009,-,199.764,659.773,69.72
2021,058072,Lazio,Roma,NETTUNO,47965,Comune,4724.140,2575.520,2033.520,2646.631,492.100,244.726,723.747,184.770,102.460,27.917,406.280,747.640,294.700,241.737,15445.887,-,8806.280,24252.167,63.69
2021,058073,Lazio,Roma,OLEVANO ROMANO,6405,Comune,517.440,18.020,225.150,-,36.260,66.162,344.999,38.095,-,1.513,28.380,48.930,66.620,44.795,1436.364,-,789.080,2225.444,64.54
2021,058074,Lazio,Roma,PALESTRINA,21949,Comune,2046.330,280.690,1051.790,498.185,192.940,139.500,852.343,125.350,32.080,20.201,300.374,144.780,213.128,108.976,6006.667,-,2916.600,8923.267,67.32
2021,058075,Lazio,Roma,PALOMBARA SABINA,12860,Comune,1341.630,-,444.530,584.120,-,-,450.730,57.436,-,1.283,0.500,126.600,130.500,0.040,3137.369,-,1320.320,4457.689,70.38
2021,058076,Lazio,Roma,PERCILE,204,Vedi aggregazione: UNIONE COMUNI VALLE USTICA,-,-,-,-,-,-,-,-,-,-,-,-,-,-,-,-,-,-,-
2021,058077,Lazio,Roma,PISONIANO,737,Vedi aggregazione: UNIONE DEI COMUNI VALLE DEL GIOVENZANO,-,-,-,-,-,-,-,-,-,-,-,-,-,-,-,-,-,-,-
2021,058078,Lazio,Roma,POLI,2244,Comune,217.929,-,71.413,-,35.030,24.585,115.127,19.906,7.779,1.241,33.660,-,27.480,14.364,568.514,-,316.273,884.787,64.25
2021,058079,Lazio,Roma,POMEZIA,63612,Comune,7437.730,1234.260,3498.040,2643.450,404.740,520.240,1860.660,343.481,347.250,66.947,816.510,1067.610,1860.120,684.400,22785.438,-,9929.105,32714.543,69.65
2021,058080,Lazio,Roma,PONZANO ROMANO,1179,Comune,70.564,-,49.140,61.342,30.080,-,54.245,12.180,10.520,0.034,-,-,-,-,288.105,-,104.131,392.236,73.45
2021,058081,Lazio,Roma,RIANO,10264,Comune,757.120,352.100,313.490,422.800,32.360,-,253.460,47.895,18.060,2.900,-,97.820,168.800,-,2466.805,-,1249.140,3715.945,66.38
2021,058082,Lazio,Roma,RIGNANO FLAMINIO,10050,Comune,878.840,203.800,339.660,457.330,140.640,12.240,268.960,42.671,46.240,10.331,81.780,137.110,116.620,-,2736.222,-,1117.295,3853.517,71.01
2021,058083,Lazio,Roma,RIOFREDDO,739,Vedi aggregazione: UNIONE COMUNI MEDANIENE,-,-,-,-,-,-,-,-,-,-,-,-,-,-,-,-,-,-,-
2021,058084,Lazio,Roma,ROCCA CANTERANO,183,Vedi aggregazione: UNIONE DEI COMUNI VALLE DEL GIOVENZANO,-,-,-,-,-,-,-,-,-,-,-,-,-,-,-,-,-,-,-
2021,058085,Lazio,Roma,ROCCA DI CAVE,351,Comune,-,-,-,-,-,-,-,-,-,-,-,-,-,-,-,-,156.380,156.380,-
2021,058086,Lazio,Roma,ROCCA DI PAPA,17263,Comune,1723.860,753.960,401.480,512.835,363.000,260.405,555.440,100.265,55.455,23.278,258.945,163.400,505.840,-,5678.163,-,2138.620,7816.783,72.64
2021,058088,Lazio,Roma,ROCCA PRIORA,11983,Comune,1482.320,342.570,449.620,376.450,211.990,131.710,244.530,79.645,49.710,19.163,179.745,95.365,206.112,17.860,3886.790,51.528,1336.365,5274.683,73.69
2021,058089,Lazio,Roma,ROCCA SANTO STEFANO,942,Comune,93.060,-,24.450,34.967,-,4.506,23.805,4.000,-,-,-,-,-,1.038,185.825,-,49.186,235.011,79.07
2021,058087,Lazio,Roma,ROCCAGIOVINE,260,Aggregazione: UNIONE COMUNI VALLE USTICA,526.480,13.420,222.770,138.071,96.120,60.641,251.626,20.180,17.690,13.149,87.735,-,104.570,36.763,1589.214,-,610.385,2199.599,72.25
2021,058090,Lazio,Roma,ROIATE,650,Comune,34.660,-,16.372,33.759,-,1.635,5.927,-,3.580,0.205,-,-,14.760,2.311,113.209,-,49.430,162.639,69.61
2021,058091,Lazio,Roma,ROMA,2761632,Comune,164318.860,79932.595,250815.397,70945.000,14357.090,6943.300,41502.933,7938.884,6748.014,1155.245,12087.760,13705.920,24756.620,19762.366,714969.984,-,874717.689,1589687.673,44.98
2021,058092,Lazio,Roma,ROVIANO,1236,Aggregazione: UNIONE COMUNI MEDANIENE,375.780,4.360,160.280,113.381,44.680,47.171,198.717,25.801,7.090,5.491,76.310,-,50.360,31.842,1141.262,-,812.242,1953.504,58.42
2021,058093,Lazio,Roma,SACROFANO,7293,Comune,604.120,197.075,252.350,175.624,106.380,67.610,308.189,55.330,82.515,12.448,35.250,146.180,126.480,40.457,2210.008,-,417.440,2627.448,84.11
2021,058094,Lazio,Roma,SAMBUCI,841,Aggregazione: UNIONE DEI COMUNI VALLE DEL GIOVENZANO,236.000,15.940,103.850,66.880,75.340,49.657,117.566,35.010,0.330,5.565,46.170,-,65.540,19.050,836.897,-,351.662,1188.559,70.41
2021,058119,Lazio,Roma,SAN CESAREO,15881,Comune,1068.310,311.840,888.020,508.274,240.780,216.264,680.530,191.690,48.680,30.080,238.215,170.460,151.800,9.560,4754.503,-,3028.120,7782.623,61.09
2021,058095,Lazio,Roma,SAN GREGORIO DA SASSOLA,1446,Comune,153.900,-,41.625,52.322,34.230,25.145,41.780,13.014,8.500,3.280,21.690,-,27.380,5.143,428.009,-,128.560,556.569,76.90
2021,058096,Lazio,Roma,SAN POLO DEI CAVALIERI,2763,Comune,348.670,-,100.430,121.308,-,15.997,98.960,2.994,10.480,0.770,-,-,52.770,5.856,758.234,-,333.324,1091.558,69.46
2021,058100,Lazio,Roma,SAN VITO ROMANO,3086,Comune,297.420,-,144.840,-,47.700,37.345,156.505,15.300,2.440,2.208,46.290,-,46.680,20.678,817.406,-,392.310,1209.716,67.57
2021,058098,Lazio,Roma,SANT'ANGELO ROMANO,4895,Comune,420.680,14.240,124.070,217.260,-,39.477,118.420,-,-,0.456,-,9.800,144.700,34.733,1123.836,-,476.760,1600.596,70.21
2021,058099,Lazio,Roma,SANT'ORESTE,3483,Comune,282.880,21.920,127.590,152.740,-,-,130.720,40.840,3.340,0.580,9.650,32.170,63.330,-,865.760,-,357.460,1223.220,70.78
2021,058097,Lazio,Roma,SANTA MARINELLA,18439,Comune,1381.720,864.100,747.070,699.550,431.780,65.850,513.790,143.610,95.350,8.948,276.585,366.240,465.820,-,6060.413,-,6340.920,12401.333,48.87
2021,058101,Lazio,Roma,SARACINESCO,165,Vedi aggregazione: UNIONE DEI COMUNI VALLE DEL GIOVENZANO,-,-,-,-,-,-,-,-,-,-,-,-,-,-,-,-,-,-,-
2021,058102,Lazio,Roma,SEGNI,8922,Comune,72.572,-,51.670,46.730,-,7.229,58.548,-,18.130,0.014,-,19.330,68.600,10.222,353.045,-,3905.056,4258.101,8.29
2021,058103,Lazio,Roma,SUBIACO,8490,Comune,803.450,3.200,392.260,319.014,67.700,162.891,272.752,58.937,23.040,0.733,-,46.720,114.130,30.590,2295.418,-,1305.693,3601.111,63.74
2021,058104,Lazio,Roma,TIVOLI,54900,Comune,6424.290,599.400,2829.400,3425.140,865.980,402.561,694.918,386.875,213.850,47.711,537.890,373.120,590.720,280.430,17672.286,-,5132.040,22804.326,77.50
2021,058105,Lazio,Roma,TOLFA,4657,Comune,413.910,54.970,206.330,209.632,74.180,26.100,161.540,36.375,18.140,4.617,69.855,-,86.770,-,1362.419,-,501.320,1863.739,73.10
2021,058106,Lazio,Roma,TORRITA TIBERINA,1075,Comune,81.454,-,23.595,32.173,11.740,0.100,46.415,3.920,3.440,0.094,-,-,-,-,202.931,-,203.114,406.045,49.98
2021,058107,Lazio,Roma,TREVIGNANO ROMANO,5778,Comune,674.950,237.700,377.960,350.780,110.970,80.850,238.620,73.170,9.320,10.240,86.670,49.270,150.520,-,2451.020,-,845.990,3297.010,74.34
2021,058108,Lazio,Roma,VALLEPIETRA,248,Comune,-,-,2.860,3.500,-,0.409,1.230,-,-,-,-,-,-,0.361,8.360,-,46.000,54.360,15.38
2021,058109,Lazio,Roma,VALLINFREDA,296,Comune,14.640,-,14.845,7.822,-,1.210,18.287,-,0.100,0.225,-,-,4.900,1.711,63.740,-,38.535,102.275,62.32
2021,058110,Lazio,Roma,VALMONTONE,15652,Comune,1517.440,243.420,752.910,364.720,147.700,94.144,726.383,96.899,43.250,14.709,187.900,107.410,262.180,86.171,4645.236,-,2526.780,7172.016,64.77
2021,058111,Lazio,Roma,VELLETRI,52151,Comune,6351.760,1049.480,2152.360,1189.239,560.480,337.863,2673.697,295.110,180.530,29.463,255.520,325.540,855.840,277.641,16534.523,-,4669.400,21203.923,77.98
2021,058112,Lazio,Roma,VICOVARO,3590,Vedi aggregazione: UNIONE COMUNI VALLE USTICA,-,-,-,-,-,-,-,-,-,-,-,-,-,-,-,-,-,-,-
2021,058113,Lazio,Roma,VIVARO ROMANO,158,Vedi aggregazione: UNIONE COMUNI MEDANIENE,-,-,-,-,-,-,-,-,-,-,-,-,-,-,-,-,-,-,-
2021,058114,Lazio,Roma,ZAGAROLO,18193,Comune,1481.080,226.860,549.040,345.468,155.450,98.896,638.320,74.570,36.040,17.616,167.649,136.700,208.920,75.570,4212.178,-,2451.320,6663.498,63.21
2021,056001,Lazio,Viterbo,ACQUAPENDENTE,5309,Comune,493.027,-,311.200,-,-,43.870,199.330,35.590,16.760,1.617,-,85.099,-,261.730,1448.223,-,463.890,1912.113,75.74
2021,056002,Lazio,Viterbo,ARLENA DI CASTRO,824,Comune,17.590,-,26.250,-,-,-,-,-,-,0.323,-,-,-,-,44.163,-,64.240,108.403,40.74
2021,056003,Lazio,Viterbo,BAGNOREGIO,3463,Comune,311.980,80.200,174.800,81.622,70.110,56.787,159.487,31.413,10.760,4.942,-,18.900,27.580,17.838,1046.419,-,588.910,1635.329,63.99
2021,056004,Lazio,Viterbo,BARBARANO ROMANO,993,Comune,13.680,6.990,49.020,45.130,26.970,19.380,26.010,5.290,4.000,1.000,-,-,9.800,-,207.270,-,251.200,458.470,45.21
2021,056006,Lazio,Viterbo,BASSANO IN TEVERINA,1255,Comune,100.010,1.360,40.960,71.804,18.420,8.017,13.299,-,-,0.479,-,-,18.040,5.380,277.769,-,122.900,400.669,69.33
2021,056005,Lazio,Viterbo,BASSANO ROMANO,4592,Comune,345.660,41.660,161.780,156.300,-,39.670,162.890,25.905,-,0.900,55.640,-,182.240,-,1172.645,-,659.050,1831.695,64.02
2021,056007,Lazio,Viterbo,BLERA,3012,Comune,237.780,25.700,88.647,85.020,42.120,40.160,3.680,9.865,3.110,3.097,24.060,-,22.080,127.767,713.086,-,393.260,1106.346,64.45
2021,056008,Lazio,Viterbo,BOLSENA,3728,Comune,568.390,95.930,262.290,24.738,104.770,61.606,205.350,53.750,16.660,1.194,55.920,-,54.360,251.336,1756.294,-,464.060,2220.354,79.10
2021,056009,Lazio,Viterbo,BOMARZO,1676,Comune,155.830,1.760,58.950,92.272,19.320,9.740,16.501,-,-,0.639,-,-,12.760,7.188,374.959,-,125.740,500.699,74.89
2021,056010,Lazio,Viterbo,CALCATA,911,Comune,71.780,-,31.980,44.100,-,-,26.300,5.390,-,-,-,-,16.100,-,195.650,-,91.725,287.375,68.08
2021,056011,Lazio,Viterbo,CANEPINA,2910,Comune,286.680,-,132.300,107.680,-,17.710,87.570,13.780,8.160,0.070,-,-,63.980,-,717.930,-,293.690,1011.620,70.97
2021,056012,Lazio,Viterbo,CANINO,5074,Comune,580.500,8.400,246.100,173.889,49.930,31.734,160.280,-,10.920,0.786,-,19.260,31.550,20.167,1333.516,-,558.790,1892.306,70.47
2021,056013,Lazio,Viterbo,CAPODIMONTE,1658,Comune,105.234,78.710,108.676,92.075,-,19.380,69.502,13.200,8.810,-,-,9.330,61.450,12.404,578.770,-,265.860,844.630,68.52
2021,056014,Lazio,Viterbo,CAPRANICA,6292,Comune,567.720,69.990,369.179,243.670,25.400,17.440,279.380,12.030,-,1.801,-,101.760,17.700,32.721,1738.791,-,502.680,2241.471,77.57
2021,056015,Lazio,Viterbo,CAPRAROLA,5227,Comune,366.900,73.140,232.080,137.220,120.060,96.760,162.360,57.125,18.190,11.494,-,-,144.530,-,1419.859,-,979.040,2398.899,59.19
2021,056016,Lazio,Viterbo,CARBOGNANO,1934,Comune,172.530,-,75.120,77.340,9.620,11.570,60.320,2.226,9.620,1.194,5.630,-,34.020,-,459.190,-,216.206,675.396,67.99
2021,056017,Lazio,Viterbo,CASTEL SANT'ELIA,2438,Comune,239.020,26.360,99.380,104.580,41.660,1.080,110.270,14.480,-,1.205,-,-,37.460,1.020,676.515,-,218.530,895.045,75.58
2021,056018,Lazio,Viterbo,CASTIGLIONE IN TEVERINA,2281,Comune,159.800,-,111.712,7.560,-,16.110,71.260,11.100,-,0.800,13.340,-,-,0.310,391.992,20.580,228.780,641.352,61.12
2021,056019,Lazio,Viterbo,CELLENO,1309,Comune,133.688,-,55.120,49.597,-,4.630,46.650,-,-,0.071,-,1.200,7.400,5.753,304.109,-,158.080,462.189,65.80
2021,056020,Lazio,Viterbo,CELLERE,1070,Comune,29.390,-,33.850,37.000,-,3.300,26.080,1.600,-,0.034,-,-,-,-,131.254,8.400,66.980,206.634,63.52
2021,056021,Lazio,Viterbo,CIVITA CASTELLANA,15283,Comune,1502.600,144.860,866.560,651.515,257.490,62.733,654.510,104.710,-,19.939,-,32.920,116.410,2.520,4416.767,-,1600.060,6016.827,73.41
2021,056022,Lazio,Viterbo,CIVITELLA D'AGLIANO,1491,Comune,53.180,-,76.410,57.520,-,14.660,60.560,24.550,-,1.450,18.020,-,59.870,-,366.220,-,201.580,567.800,64.50
2021,056023,Lazio,Viterbo,CORCHIANO,3562,Comune,261.050,15.180,153.437,151.000,56.940,29.300,138.680,25.701,21.270,9.036,24.930,-,44.980,2.960,934.464,-,233.251,1167.715,80.03
2021,056024,Lazio,Viterbo,FABRICA DI ROMA,8128,Comune,735.300,39.270,350.850,354.173,124.950,24.892,301.440,44.050,0.440,4.255,-,-,64.410,2.540,2046.570,-,688.485,2735.055,74.83
2021,056025,Lazio,Viterbo,FALERIA,1986,Comune,165.281,-,64.030,116.421,30.060,36.903,32.796,15.755,-,0.200,-,-,62.320,8.919,532.686,-,174.900,707.586,75.28
2021,056026,Lazio,Viterbo,FARNESE,1366,Comune,126.196,13.010,52.740,40.127,21.940,17.529,65.436,9.335,3.800,-,18.130,10.540,12.500,7.528,398.810,-,137.980,536.790,74.30
2021,056027,Lazio,Viterbo,GALLESE,2603,Comune,149.397,6.130,92.830,52.469,28.880,12.717,119.797,16.380,-,1.091,32.970,-,18.820,11.467,542.948,-,207.121,750.069,72.39
2021,056028,Lazio,Viterbo,GRADOLI,1266,Comune,144.910,5.130,66.480,39.250,-,15.072,71.350,12.453,4.230,0.562,18.990,-,39.130,8.578,426.135,-,145.340,571.475,74.57
2021,056029,Lazio,Viterbo,GRAFFIGNANO,2124,Comune,211.540,-,82.347,93.320,-,7.110,49.833,8.424,1.280,0.093,-,-,21.860,10.044,485.852,-,157.940,643.792,75.47
2021,056030,Lazio,Viterbo,GROTTE DI CASTRO,2442,Comune,259.566,29.530,116.780,116.100,-,16.600,76.170,-,-,0.081,13.330,-,-,-,628.157,45.800,222.570,896.527,70.07
2021,056031,Lazio,Viterbo,ISCHIA DI CASTRO,2191,Comune,85.360,21.170,65.930,36.417,43.600,25.233,87.711,23.720,6.600,0.100,32.865,-,17.760,7.959,454.425,-,396.600,851.025,53.40
2021,056032,Lazio,Viterbo,LATERA,774,Comune,24.660,-,29.530,-,-,-,-,4.680,-,0.096,-,-,-,-,58.966,11.230,71.500,141.696,41.61
2021,056033,Lazio,Viterbo,LUBRIANO,881,Comune,37.932,-,42.960,25.161,-,3.869,45.193,10.980,1.560,0.560,-,-,15.000,5.586,188.801,-,154.310,343.111,55.03
2021,056034,Lazio,Viterbo,MARTA,3235,Comune,444.300,20.360,204.560,162.048,60.580,47.919,193.140,27.092,-,2.314,-,-,30.560,18.793,1211.666,-,413.640,1625.306,74.55
2021,056035,Lazio,Viterbo,MONTALTO DI CASTRO,8790,Comune,670.020,603.530,648.691,243.347,142.580,58.815,533.296,96.930,25.140,2.730,11.900,842.630,116.550,58.752,4054.911,-,2275.365,6330.276,64.06
2021,056037,Lazio,Viterbo,MONTE ROMANO,1900,Comune,137.280,7.220,88.465,52.160,0.580,31.536,52.054,7.690,-,0.360,28.500,-,37.260,-,443.105,-,167.260,610.365,72.60
2021,056036,Lazio,Viterbo,MONTEFIASCONE,12983,Comune,1575.580,207.510,705.731,888.383,300.620,152.333,207.311,115.500,56.550,22.477,194.745,172.900,59.531,77.376,4736.546,93.309,1461.740,6291.594,75.28
2021,056038,Lazio,Viterbo,MONTEROSI,4734,Comune,340.680,180.020,166.440,204.390,100.060,24.120,154.800,33.404,0.250,1.435,-,2.100,42.920,-,1250.619,-,498.330,1748.949,71.51
2021,056039,Lazio,Viterbo,NEPI,9236,Comune,931.880,448.710,300.464,366.570,388.860,46.500,471.960,66.550,29.090,10.882,73.270,110.240,67.720,-,3312.696,-,666.410,3979.106,83.25
2021,056040,Lazio,Viterbo,ONANO,913,Comune,95.170,-,30.170,40.278,-,6.780,28.080,-,-,0.073,-,-,19.360,4.672,224.583,-,89.430,314.013,71.52
2021,056041,Lazio,Viterbo,ORIOLO ROMANO,3688,Comune,431.320,105.560,212.060,233.588,66.040,65.069,73.032,34.420,11.260,2.180,55.320,38.020,21.942,18.971,1368.782,26.818,283.510,1679.110,81.52
2021,056042,Lazio,Viterbo,ORTE,8963,Comune,917.700,62.250,429.240,357.889,95.210,25.679,16.495,20.290,29.190,2.865,-,89.400,78.700,1.058,2125.965,-,889.670,3015.635,70.50
2021,056043,Lazio,Viterbo,PIANSANO,1881,Comune,180.118,10.230,95.680,32.860,65.010,24.563,69.795,21.380,-,1.114,28.215,-,32.390,7.181,568.537,-,198.810,767.347,74.09
2021,056044,Lazio,Viterbo,PROCENO,523,Comune,53.349,-,19.120,20.689,-,1.932,17.770,-,-,0.038,-,-,1.730,2.399,117.027,-,41.300,158.327,73.92
2021,056045,Lazio,Viterbo,RONCIGLIONE,8344,Comune,835.580,154.200,366.570,388.480,126.420,33.220,317.900,43.870,17.900,17.110,-,93.380,70.140,-,2464.770,-,1152.840,3617.610,68.13
2021,056047,Lazio,Viterbo,SAN LORENZO NUOVO,1982,Comune,238.259,31.230,101.200,81.177,23.110,18.779,70.110,16.480,6.900,0.571,16.650,32.764,14.320,9.414,660.964,-,196.360,857.324,77.10
2021,056048,Lazio,Viterbo,SORIANO NEL CIMINO,7980,Comune,672.270,49.720,288.880,395.293,107.500,54.863,74.477,127.560,-,16.022,-,88.700,50.340,30.837,1956.462,-,1087.570,3044.032,64.27
2021,056049,Lazio,Viterbo,SUTRI,6548,Comune,658.620,55.000,260.422,251.320,32.780,37.119,279.258,30.116,-,4.340,2.010,117.880,28.800,0.425,1758.090,-,702.230,2460.320,71.46
2021,056050,Lazio,Viterbo,TARQUINIA,16046,Comune,720.470,494.230,722.274,602.240,732.440,125.345,400.060,153.325,77.280,7.525,240.690,303.820,165.860,4.920,4750.479,-,7337.790,12088.269,39.30
2021,056051,Lazio,Viterbo,TESSENNANO,287,Comune,-,-,-,-,-,-,-,-,-,0.110,-,-,-,-,0.110,0.080,96.240,96.430,0.11
2021,056052,Lazio,Viterbo,TUSCANIA,8228,Comune,-,105.800,118.290,133.088,201.120,46.961,91.561,53.440,17.020,2.020,-,126.460,61.720,5.491,962.970,-,3421.940,4384.910,21.96
2021,056053,Lazio,Viterbo,VALENTANO,2718,Comune,261.791,55.480,175.290,112.566,-,20.689,94.150,24.060,-,0.544,-,14.487,70.190,13.075,842.322,-,277.440,1119.762,75.22
2021,056054,Lazio,Viterbo,VALLERANO,2425,Comune,240.564,23.271,85.700,81.524,33.727,13.674,79.698,16.802,-,0.868,14.680,-,16.534,9.455,616.497,-,274.710,891.207,69.18
2021,056055,Lazio,Viterbo,VASANELLO,3952,Comune,322.918,35.385,155.230,88.747,51.283,22.947,163.134,25.547,6.900,1.088,22.322,60.370,24.481,19.395,999.746,-,340.050,1339.796,74.62
2021,056056,Lazio,Viterbo,VEJANO,2154,Comune,192.360,6.000,92.980,60.800,24.120,48.840,94.590,12.348,-,6.930,32.310,-,32.000,-,603.278,-,204.090,807.368,74.72
2021,056057,Lazio,Viterbo,VETRALLA,13325,Comune,1176.700,45.200,637.710,543.940,73.040,55.330,447.850,71.586,51.485,10.795,38.210,207.460,66.690,5.458,3431.454,-,1475.500,4906.954,69.93
2021,056058,Lazio,Viterbo,VIGNANELLO,4267,Comune,381.041,40.177,159.970,150.517,58.228,24.519,126.557,29.127,14.100,1.744,25.344,76.510,28.105,17.597,1133.536,-,485.430,1618.966,70.02
2021,056046,Lazio,Viterbo,VILLA SAN GIOVANNI IN TUSCIA,1195,Comune,52.240,-,39.665,51.050,22.970,12.480,38.130,20.210,-,0.840,-,-,11.280,-,248.865,-,95.586,344.451,72.25
2021,056059,Lazio,Viterbo,VITERBO,65987,Comune,4806.428,86.540,3519.305,3563.703,401.670,309.787,669.704,219.945,246.000,24.774,-,1270.580,417.780,259.739,15795.955,-,12068.070,27864.025,56.69
2021,056060,Lazio,Viterbo,VITORCHIANO,5255,Comune,464.350,48.060,196.400,307.392,49.340,26.234,61.743,-,-,4.880,-,89.900,32.820,25.851,1306.970,-,336.070,1643.040,79.55
2022,060001,Lazio,Frosinone,ACQUAFONDATA,261,Vedi aggregazione: Unione Comuni 'Val Comino',-,-,-,-,-,-,-,-,-,-,-,-,-,-,-,-,-,-,-
2022,060002,Lazio,Frosinone,ACUTO,1835,Comune,196.540,-,66.990,67.565,-,19.304,59.650,8.710,12.500,0.100,-,-,56.200,9.652,497.211,-,178.620,675.831,73.57
2022,060003,Lazio,Frosinone,ALATRI,27693,Comune,2798.120,298.690,1159.280,2443.455,-,212.837,737.134,129.785,67.720,20.395,76.960,75.920,646.320,292.164,8958.780,-,2935.730,11894.510,75.32
2022,060004,Lazio,Frosinone,ALVITO,2485,Vedi aggregazione: Unione Comuni 'Val Comino',-,-,-,-,-,-,-,-,-,-,-,-,-,-,-,-,-,-,-
2022,060005,Lazio,Frosinone,AMASENO,4094,Comune,265.340,-,165.700,270.446,-,14.631,53.055,9.400,2.050,-,-,-,18.630,20.648,819.900,-,466.560,1286.460,63.73
2022,060006,Lazio,Frosinone,ANAGNI,20734,Comune,1889.630,5.230,792.325,1124.024,0.633,77.648,279.475,48.620,47.880,0.260,-,-,192.350,120.994,4579.070,-,2805.560,7384.630,62.01
2022,060007,Lazio,Frosinone,AQUINO,4932,Comune,444.140,4.050,152.260,259.682,-,14.876,53.930,-,17.840,-,-,-,55.640,21.013,1023.430,-,607.820,1631.250,62.74
2022,060008,Lazio,Frosinone,ARCE,5439,Comune,341.910,17.580,236.452,263.572,0.020,11.665,8.729,10.325,-,-,-,-,128.350,5.449,1024.053,-,542.490,1566.543,65.37
2022,060009,Lazio,Frosinone,ARNARA,2192,Comune,143.900,-,50.300,106.482,-,6.525,23.656,6.250,-,-,-,-,12.290,9.217,358.620,-,210.080,568.700,63.06
2022,060010,Lazio,Frosinone,ARPINO,6684,Comune,722.580,-,197.160,395.850,7.000,21.390,80.635,25.620,2.260,3.030,-,-,37.060,29.845,1522.430,-,623.480,2145.910,70.95
2022,060011,Lazio,Frosinone,ATINA,4133,Comune,278.040,13.370,311.382,236.150,5.980,32.620,153.380,17.220,6.940,0.360,-,-,17.240,54.020,1126.702,-,531.120,1657.822,67.96
2022,060012,Lazio,Frosinone,AUSONIA,2409,Comune,141.660,-,90.240,122.853,-,6.507,23.589,4.840,-,0.000,-,-,23.240,9.191,422.120,-,256.740,678.860,62.18
2022,060013,Lazio,Frosinone,BELMONTE CASTELLO,678,Vedi aggregazione: Unione Comuni 'Val Comino',-,-,-,-,-,-,-,-,-,-,-,-,-,-,-,-,-,-,-
2022,060014,Lazio,Frosinone,BOVILLE ERNICA,8366,Comune,810.600,-,179.550,390.722,-,20.951,75.945,18.290,-,-,0.010,4.400,55.810,29.592,1585.870,-,1265.670,2851.540,55.62
2022,060015,Lazio,Frosinone,BROCCOSTELLA,2681,Comune,170.020,16.660,87.090,273.000,4.570,3.400,5.150,10.400,4.680,1.350,5.580,-,5.530,-,587.430,-,375.420,962.850,61.01
2022,060016,Lazio,Frosinone,CAMPOLI APPENNINO,1614,Comune,186.300,-,32.990,100.327,-,3.939,21.190,1.860,-,0.010,-,-,4.370,5.564,356.550,-,14.776,371.326,96.02
2022,060017,Lazio,Frosinone,CASALATTICO,534,Comune,28.000,-,11.770,38.566,0.730,1.391,5.140,1.110,-,-,-,-,2.300,2.204,91.210,-,50.820,142.030,64.22
2022,060018,Lazio,Frosinone,CASALVIERI,2436,Comune,-,-,68.460,148.790,15.180,8.196,27.749,11.272,2.170,-,-,-,11.750,10.235,303.802,-,371.130,674.932,45.01
2022,060019,Lazio,Frosinone,CASSINO,35092,Comune,3700.008,113.770,2893.003,2095.377,55.660,19.900,8.960,66.145,92.040,3.729,183.540,678.750,376.870,0.049,10287.801,-,5800.880,16088.681,63.94
2022,060020,Lazio,Frosinone,CASTELLIRI,3183,Comune,514.040,-,128.540,205.575,-,11.385,41.270,5.360,10.360,0.714,-,-,13.550,16.080,946.874,-,297.620,1244.494,76.09
2022,060021,Lazio,Frosinone,CASTELNUOVO PARANO,858,Comune,58.620,-,68.244,53.819,-,2.775,10.062,1.080,-,-,-,-,8.680,3.924,207.204,-,62.230,269.434,76.90
2022,060023,Lazio,Frosinone,CASTRO DEI VOLSCI,4465,Comune,256.460,-,157.602,257.741,0.130,16.004,57.604,14.050,5.200,-,-,-,28.110,24.939,817.841,-,354.920,1172.761,69.74
2022,060022,Lazio,Frosinone,CASTROCIELO,3776,Comune,-,-,141.485,240.091,-,17.943,47.354,9.385,11.015,0.793,-,-,24.735,18.452,511.253,-,833.200,1344.453,38.03
2022,060024,Lazio,Frosinone,CECCANO,22320,Comune,1779.160,243.630,850.184,1611.963,34.150,134.231,-,63.840,-,8.435,90.920,1.160,200.890,114.327,5132.889,-,2563.210,7696.099,66.70
2022,060025,Lazio,Frosinone,CEPRANO,8116,Comune,766.540,58.110,334.650,337.190,2.280,60.880,135.640,47.895,33.380,1.415,-,23.020,124.380,183.970,2109.350,-,810.540,2919.890,72.24
2022,060026,Lazio,Frosinone,CERVARO,7780,Comune,593.200,29.680,216.780,439.648,-,21.868,79.276,15.320,-,0.300,-,-,111.640,34.128,1541.840,-,1008.380,2550.220,60.46
2022,060027,Lazio,Frosinone,COLFELICE,1780,Comune,108.240,-,48.400,64.880,-,11.427,26.664,1.980,3.370,-,-,-,8.450,29.359,302.770,-,231.100,533.870,56.71
2022,060029,Lazio,Frosinone,COLLE SAN MAGNO,631,Comune,57.580,-,16.660,29.166,-,1.440,5.220,-,4.800,-,-,-,9.360,2.034,126.260,-,43.140,169.400,74.53
2022,060028,Lazio,Frosinone,COLLEPARDO,884,Comune,70.330,-,17.780,53.046,-,3.339,12.100,2.680,1.200,0.100,-,-,23.260,4.712,188.546,-,70.120,258.666,72.89
2022,060030,Lazio,Frosinone,CORENO AUSONIO,1525,Comune,103.580,0.800,54.170,63.130,-,5.420,54.750,3.000,22.100,0.713,0.060,-,27.570,0.040,335.333,-,96.280,431.613,77.69
2022,060031,Lazio,Frosinone,ESPERIA,3549,Comune,136.140,-,78.280,176.132,-,9.936,36.018,6.560,15.330,1.495,-,-,-,14.035,473.925,29.420,412.740,916.085,51.73
2022,060032,Lazio,Frosinone,FALVATERRA,514,Comune,48.180,-,13.950,28.921,-,1.510,5.475,2.655,-,0.220,-,-,11.340,2.133,114.385,-,62.200,176.585,64.78
2022,060033,Lazio,Frosinone,FERENTINO,20048,Comune,1790.480,77.190,920.770,1324.599,7.830,80.377,305.316,64.885,52.060,8.700,34.260,68.420,308.270,111.598,5154.755,-,2762.250,7917.005,65.11
2022,060034,Lazio,Frosinone,FILETTINO,516,Comune,9.180,-,21.460,30.499,-,0.560,2.030,9.240,-,-,-,-,24.880,0.791,98.640,-,271.080,369.720,26.68
2022,060035,Lazio,Frosinone,FIUGGI,10082,Comune,1202.040,30.170,471.470,505.656,-,49.726,295.196,63.485,14.810,2.958,45.080,229.690,292.120,55.102,3257.503,-,1748.300,5005.803,65.08
2022,060036,Lazio,Frosinone,FONTANA LIRI,2693,Comune,173.600,-,73.600,77.020,-,15.000,35.000,2.420,6.570,-,-,-,21.560,30.870,435.640,-,358.780,794.420,54.84
2022,060037,Lazio,Frosinone,FONTECHIARI,1237,Comune,50.380,-,23.713,53.675,0.088,3.372,12.148,0.750,-,0.770,4.160,-,4.930,5.435,159.420,-,154.600,314.020,50.77
2022,060038,Lazio,Frosinone,FROSINONE,43417,Comune,5262.820,584.400,3135.460,3066.861,363.700,211.097,728.768,169.205,183.060,17.605,387.920,418.780,272.360,270.754,15072.790,-,6570.640,21643.430,69.64
2022,060039,Lazio,Frosinone,FUMONE,1965,Comune,155.580,-,45.421,129.417,0.037,18.338,16.370,-,-,-,-,-,22.200,7.087,394.450,-,170.180,564.630,69.86
2022,060040,Lazio,Frosinone,GALLINARO,1198,Vedi aggregazione: Unione Comuni 'Val Comino',-,-,-,-,-,-,-,-,-,-,-,-,-,-,-,-,-,-,-
2022,060041,Lazio,Frosinone,GIULIANO DI ROMA,2317,Comune,289.740,-,74.080,106.058,-,16.410,59.490,3.510,3.080,0.380,-,-,16.440,23.182,592.370,-,202.020,794.390,74.57
2022,060042,Lazio,Frosinone,GUARCINO,1489,Comune,17.020,-,-,18.708,-,2.896,10.494,2.090,-,-,-,-,3.940,3.598,58.746,1.500,513.260,573.506,10.24
2022,060043,Lazio,Frosinone,ISOLA DEL LIRI,10735,Comune,938.080,81.380,481.310,916.171,-,67.163,233.386,36.040,4.940,1.830,103.144,-,101.320,91.640,3056.404,-,1769.020,4825.424,63.34
2022,060044,Lazio,Frosinone,MONTE SAN GIOVANNI CAMPANO,12009,Comune,1059.500,-,418.440,696.934,-,41.193,151.587,42.850,-,0.340,-,-,98.580,59.906,2569.330,-,1214.720,3784.050,67.90
2022,060045,Lazio,Frosinone,MOROLO,3195,Comune,188.100,-,97.830,229.075,-,9.831,35.638,17.154,-,-,-,-,41.240,13.886,632.754,-,466.620,1099.374,57.56
2022,060046,Lazio,Frosinone,PALIANO,7901,Comune,661.240,-,327.010,461.137,11.540,26.693,96.767,46.310,-,1.440,37.940,25.310,107.200,37.703,1840.290,-,745.340,2585.630,71.17
2022,060047,Lazio,Frosinone,PASTENA,1263,Comune,-,-,10.550,39.470,-,5.753,19.667,-,-,-,-,-,-,-,75.440,2.680,348.220,426.340,17.70
2022,060048,Lazio,Frosinone,PATRICA,3071,Comune,365.360,12.000,174.840,237.093,-,15.121,56.397,6.050,-,1.186,12.000,-,73.110,22.450,975.606,-,319.880,1295.486,75.31
2022,060049,Lazio,Frosinone,PESCOSOLIDO,1424,Comune,15.840,-,20.353,54.786,0.029,3.513,12.645,1.490,2.360,0.450,-,-,3.680,5.475,120.620,-,144.570,265.190,45.48
2022,060050,Lazio,Frosinone,PICINISCO,1098,Vedi aggregazione: Unione Comuni 'Val Comino',-,-,-,-,-,-,-,-,-,-,-,-,-,-,-,-,-,-,-
2022,060051,Lazio,Frosinone,PICO,2634,Comune,159.100,-,65.432,114.330,-,5.789,20.985,5.060,-,0.040,-,-,13.120,8.177,392.032,-,569.340,961.372,40.78
2022,060052,Lazio,Frosinone,PIEDIMONTE SAN GERMANO,6316,Comune,607.560,6.260,294.980,394.590,-,23.952,86.826,4.580,19.520,-,-,7.650,106.000,33.833,1585.750,-,1049.960,2635.710,60.16
2022,060053,Lazio,Frosinone,PIGLIO,4375,Comune,443.160,-,166.039,150.512,-,16.071,73.196,10.800,-,0.434,1.180,11.500,30.840,45.392,949.124,-,430.340,1379.464,68.80
2022,060054,Lazio,Frosinone,PIGNATARO INTERAMNA,2425,Comune,117.440,-,85.180,133.886,-,6.817,24.717,1.240,-,0.065,-,-,31.420,9.639,410.405,-,416.060,826.465,49.66
2022,060055,Lazio,Frosinone,POFI,3920,Comune,-,-,110.130,136.380,-,13.385,120.465,14.936,6.060,0.150,-,-,24.230,-,425.736,-,668.620,1094.356,38.90
2022,060056,Lazio,Frosinone,PONTECORVO,12333,Comune,216.380,-,180.540,175.209,-,8.651,34.501,11.560,0.700,0.320,-,-,8.760,12.219,648.840,-,4010.800,4659.640,13.93
2022,060057,Lazio,Frosinone,POSTA FIBRENO,1021,Comune,52.470,-,28.747,72.774,0.353,2.838,10.706,1.430,2.410,-,-,-,1.020,4.423,177.170,-,197.120,374.290,47.34
2022,060058,Lazio,Frosinone,RIPI,5006,Comune,405.400,-,192.530,256.571,-,12.876,46.676,14.730,16.990,-,-,-,34.000,18.187,997.960,-,860.660,1858.620,53.69
2022,060059,Lazio,Frosinone,ROCCA D'ARCE,885,Comune,61.960,-,22.950,30.830,-,-,58.440,3.720,-,-,-,-,8.120,-,186.020,-,89.440,275.460,67.53
2022,060060,Lazio,Frosinone,ROCCASECCA,6866,Comune,559.380,19.670,239.230,234.440,-,45.000,106.000,5.660,-,0.160,-,0.850,38.780,113.330,1362.500,-,840.740,2203.240,61.84
2022,060061,Lazio,Frosinone,SAN BIAGIO SARACINISCO,297,Aggregazione: Unione Comuni 'Val Comino',-,-,243.382,184.714,1.764,10.840,92.624,6.782,-,0.100,-,-,10.198,16.891,567.295,-,1452.240,2019.535,28.09
2022,060062,Lazio,Frosinone,SAN DONATO VAL DI COMINO,1888,Vedi aggregazione: Unione Comuni 'Val Comino',-,-,-,-,-,-,-,-,-,-,-,-,-,-,-,-,-,-,-
2022,060063,Lazio,Frosinone,SAN GIORGIO A LIRI,3005,Comune,480.340,-,181.131,241.464,-,-,-,4.250,-,0.550,-,12.020,20.960,53.136,993.851,-,570.040,1563.891,63.55
2022,060064,Lazio,Frosinone,SAN GIOVANNI INCARICO,3049,Comune,233.960,-,74.600,143.473,-,7.639,27.689,13.520,3.770,-,-,-,26.020,10.788,541.460,-,385.080,926.540,58.44
2022,060070,Lazio,Frosinone,SAN VITTORE DEL LAZIO,2404,Comune,170.920,11.160,83.640,137.163,-,5.991,21.723,10.540,1.310,0.081,3.100,-,65.220,11.322,522.171,-,320.240,842.411,61.99
2022,060065,Lazio,Frosinone,SANT'AMBROGIO SUL GARIGLIANO,876,Comune,-,-,32.980,30.400,-,16.680,66.000,1.580,-,-,-,-,11.140,-,158.780,-,31.080,189.860,83.63
2022,060066,Lazio,Frosinone,SANT'ANDREA DEL GARIGLIANO,1292,Comune,65.020,-,26.163,64.186,0.037,4.491,16.165,3.380,-,-,-,-,12.600,6.998,199.040,-,72.840,271.880,73.21
2022,060067,Lazio,Frosinone,SANT'APOLLINARE,1814,Comune,-,-,59.050,62.085,2.967,5.066,20.756,3.260,-,-,-,-,21.220,6.617,181.020,-,299.120,480.140,37.70
2022,060068,Lazio,Frosinone,SANT'ELIA FIUMERAPIDO,5690,Comune,397.800,32.080,191.640,334.214,-,17.147,62.160,9.350,31.180,0.489,28.680,2.840,48.640,24.779,1180.999,-,780.440,1961.439,60.21
2022,060069,Lazio,Frosinone,SANTOPADRE,1186,Comune,-,-,-,37.058,-,0.130,0.470,2.460,-,-,-,-,21.600,0.183,61.900,-,307.380,369.280,16.76
2022,060071,Lazio,Frosinone,SERRONE,2996,Comune,220.320,-,89.310,69.237,-,18.163,112.415,17.390,-,2.088,44.940,-,68.040,15.132,657.035,-,273.860,930.895,70.58
2022,060072,Lazio,Frosinone,SETTEFRATI,713,Vedi aggregazione: Unione Comuni 'Val Comino',-,-,-,-,-,-,-,-,-,-,-,-,-,-,-,-,-,-,-
2022,060073,Lazio,Frosinone,SGURGOLA,2370,Comune,176.040,0.760,60.877,66.920,-,8.775,29.825,2.770,-,-,-,6.800,22.180,34.386,409.333,-,196.200,605.533,67.60
2022,060074,Lazio,Frosinone,SORA,24884,Comune,2321.420,886.120,1579.185,1261.975,278.706,87.485,559.292,178.750,171.305,9.826,115.870,-,97.900,140.397,7688.230,-,4078.580,11766.810,65.34
2022,060075,Lazio,Frosinone,STRANGOLAGALLI,2306,Comune,80.580,-,105.590,140.982,-,9.325,33.803,6.220,2.120,0.379,-,8.020,10.960,13.171,411.149,-,264.220,675.369,60.88
2022,060076,Lazio,Frosinone,SUPINO,4602,Comune,295.140,-,161.950,292.179,7.260,15.475,57.419,4.684,2.640,-,-,-,17.360,21.168,875.274,-,545.350,1420.624,61.61
2022,060077,Lazio,Frosinone,TERELLE,303,Vedi aggregazione: Unione Comuni 'Val Comino',-,-,-,-,-,-,-,-,-,-,-,-,-,-,-,-,-,-,-
2022,060078,Lazio,Frosinone,TORRE CAJETANI,1293,Comune,61.060,-,13.234,43.392,0.720,0.977,23.179,1.160,11.280,-,-,-,-,8.794,163.796,5.710,221.810,391.316,41.86
2022,060079,Lazio,Frosinone,TORRICE,4692,Comune,387.160,-,160.830,267.199,-,16.299,59.090,1.900,-,1.160,-,1.420,33.660,23.023,951.741,-,375.640,1327.381,71.70
2022,060080,Lazio,Frosinone,TREVI NEL LAZIO,1718,Comune,156.650,-,70.490,-,3.080,15.158,77.465,4.082,1.420,-,-,-,15.590,40.594,384.530,-,216.920,601.450,63.93
2022,060081,Lazio,Frosinone,TRIVIGLIANO,1613,Comune,122.160,-,35.188,79.364,2.040,4.073,15.606,1.620,11.000,-,-,-,9.050,5.753,285.854,-,155.180,441.034,64.82
2022,060082,Lazio,Frosinone,VALLECORSA,2407,Comune,176.020,-,66.230,155.232,-,9.035,32.717,8.970,-,-,-,-,-,12.746,460.950,24.790,108.740,594.480,77.54
2022,060083,Lazio,Frosinone,VALLEMAIO,892,Comune,-,-,13.440,29.360,-,1.365,25.935,3.480,-,-,-,-,8.100,-,81.680,-,95.180,176.860,46.18
2022,060084,Lazio,Frosinone,VALLEROTONDA,1396,Comune,-,-,-,-,-,-,-,6.000,1.000,0.600,-,-,-,-,7.600,6.600,605.760,619.960,1.23
2022,060085,Lazio,Frosinone,VEROLI,19602,Comune,1252.100,36.850,648.860,1256.589,-,62.726,227.384,49.000,-,4.594,40.680,65.820,165.060,88.881,3898.544,-,3071.480,6970.024,55.93
2022,060086,Lazio,Frosinone,VICALVI,733,Vedi aggregazione: Unione Comuni 'Val Comino',-,-,-,-,-,-,-,-,-,-,-,-,-,-,-,-,-,-,-
2022,060087,Lazio,Frosinone,VICO NEL LAZIO,2058,Comune,159.820,-,51.210,132.310,-,6.965,25.248,4.010,7.780,-,-,-,12.740,9.837,409.920,-,144.760,554.680,73.90
2022,060088,Lazio,Frosinone,VILLA LATINA,1148,Vedi aggregazione: Unione Comuni 'Val Comino',-,-,-,-,-,-,-,-,-,-,-,-,-,-,-,-,-,-,-
2022,060089,Lazio,Frosinone,VILLA SANTA LUCIA,2502,Comune,235.660,-,73.920,161.332,-,9.847,35.693,-,10.940,-,-,-,9.100,13.908,550.400,-,249.020,799.420,68.85
2022,060090,Lazio,Frosinone,VILLA SANTO STEFANO,1612,Comune,87.400,-,38.660,123.781,-,5.933,21.507,-,2.770,0.057,-,-,-,8.380,288.487,-,164.100,452.587,63.74
2022,060091,Lazio,Frosinone,VITICUSO,304,Vedi aggregazione: Unione Comuni 'Val Comino',-,-,-,-,-,-,-,-,-,-,-,-,-,-,-,-,-,-,-
2022,059001,Lazio,Latina,APRILIA,74126,Comune,8440.600,1440.370,3269.470,3767.536,1027.270,588.638,1175.403,428.045,130.290,81.427,698.790,426.460,1056.880,447.213,22978.392,-,9632.920,32611.312,70.46
2022,059002,Lazio,Latina,BASSIANO,1440,Comune,135.440,20.040,29.440,47.588,-,7.362,26.693,9.940,-,0.170,-,-,32.840,10.410,319.922,-,185.300,505.222,63.32
2022,059003,Lazio,Latina,CAMPODIMELE,560,Comune,51.660,-,13.960,39.679,-,1.386,5.025,2.060,0.230,-,-,-,-,1.960,115.960,5.110,57.640,178.710,64.89
2022,059004,Lazio,Latina,CASTELFORTE,4025,Comune,424.500,227.230,178.510,179.520,-,16.485,128.950,6.821,-,1.377,-,-,74.110,-,1237.503,-,467.490,1704.993,72.58
2022,059005,Lazio,Latina,CISTERNA DI LATINA,36159,Comune,1709.200,1724.840,1002.720,647.349,325.440,200.889,441.247,82.745,181.740,11.375,-,264.400,129.250,414.456,7135.650,-,10852.280,17987.930,39.67
2022,059006,Lazio,Latina,CORI,10366,Comune,1262.460,17.020,257.640,229.180,-,153.200,257.640,57.505,33.400,0.880,27.220,115.320,400.800,-,2812.265,-,898.340,3710.605,75.79
2022,059007,Lazio,Latina,FONDI,39550,Comune,6577.890,1393.520,2066.360,2814.001,211.180,232.680,628.467,198.543,185.760,15.382,278.120,244.520,1496.920,245.092,16588.435,-,3403.890,19992.325,82.97
2022,059008,Lazio,Latina,FORMIA,37136,Comune,4920.210,1211.700,2011.220,2149.195,553.180,143.464,430.314,122.483,48.050,26.296,335.850,465.220,525.500,152.937,13095.619,-,6088.740,19184.359,68.26
2022,059009,Lazio,Latina,GAETA,19423,Comune,2794.420,167.300,903.800,714.656,-,195.272,1171.632,66.520,45.310,14.600,145.380,248.160,602.480,2.620,7072.150,-,4144.580,11216.730,63.05
2022,059010,Lazio,Latina,ITRI,10357,Comune,1585.490,94.060,525.120,437.960,215.380,111.029,310.811,49.185,33.680,5.910,155.355,50.100,266.460,-,3840.540,-,1114.580,4955.120,77.51
2022,059011,Lazio,Latina,LATINA,127564,Comune,10308.300,2138.420,4932.020,4774.822,1519.130,566.345,1505.322,568.075,93.200,86.010,1081.530,343.830,723.400,576.161,29216.565,-,37123.020,66339.585,44.04
2022,059012,Lazio,Latina,LENOLA,4055,Comune,501.320,-,116.500,128.320,36.880,28.118,97.460,17.960,17.620,-,-,-,23.980,-,968.158,-,421.100,1389.258,69.69
2022,059013,Lazio,Latina,MAENZA,2952,Comune,299.790,-,71.780,116.300,-,26.965,107.855,3.100,2.110,0.210,-,-,47.020,-,675.130,-,230.820,905.950,74.52
2022,059014,Lazio,Latina,MINTURNO,20268,Comune,2501.120,421.960,649.480,956.522,287.780,179.900,536.523,103.330,83.450,16.571,304.020,213.816,520.620,218.035,6993.127,-,3146.504,10139.631,68.97
2022,059015,Lazio,Latina,MONTE SAN BIAGIO,6044,Comune,573.040,74.680,218.830,145.764,33.100,28.031,250.960,17.840,-,-,-,-,31.040,31.885,1405.170,-,730.825,2135.995,65.79
2022,059016,Lazio,Latina,NORMA,3623,Comune,307.940,49.160,-,276.691,-,42.806,155.199,16.955,5.380,1.080,43.720,8.180,178.500,60.525,1146.135,-,248.780,1394.915,82.17
2022,059017,Lazio,Latina,PONTINIA,15046,Comune,1209.520,110.130,832.360,699.435,120.660,177.402,308.300,83.900,62.230,4.250,50.800,122.100,148.680,371.183,4300.950,-,2559.400,6860.350,62.69
2022,059018,Lazio,Latina,PONZA,3289,Comune,-,-,90.140,71.434,-,11.051,40.068,13.900,-,3.200,-,-,95.640,15.626,341.060,-,2350.720,2691.780,12.67
2022,059019,Lazio,Latina,PRIVERNO,13735,Comune,1230.560,19.080,666.440,764.790,1.840,50.770,237.154,28.695,9.100,1.170,85.320,83.780,174.860,72.166,3425.725,-,1670.080,5095.805,67.23
2022,059020,Lazio,Latina,PROSSEDI,1137,Comune,164.560,-,53.320,78.475,-,12.141,44.018,5.728,15.330,0.080,-,-,39.200,17.166,430.018,-,110.660,540.678,79.53
2022,059022,Lazio,Latina,ROCCA MASSIMA,1064,Comune,84.420,-,43.120,64.197,-,9.932,36.009,13.285,3.570,0.500,-,-,21.820,14.043,290.895,-,137.640,428.535,67.88
2022,059021,Lazio,Latina,ROCCAGORGA,4169,Comune,24.370,4.800,119.700,93.809,24.370,14.513,55.278,3.830,-,0.117,11.100,-,27.380,20.520,399.787,-,374.620,774.407,51.63
2022,059023,Lazio,Latina,ROCCASECCA DEI VOLSCI,1043,Comune,58.900,-,18.720,54.197,-,2.391,8.670,2.965,-,0.070,4.620,-,23.280,3.381,177.195,-,143.120,320.315,55.32
2022,059024,Lazio,Latina,SABAUDIA,19434,Comune,2687.120,382.180,848.440,1322.856,-,187.176,678.633,42.640,2.480,10.601,-,169.380,1052.860,264.655,7649.021,-,2718.760,10367.781,73.78
2022,059025,Lazio,Latina,SAN FELICE CIRCEO,10137,Comune,1612.420,1612.680,534.820,1015.545,-,86.194,312.508,76.590,56.540,7.000,152.055,169.660,1193.740,124.253,6954.005,-,1982.820,8936.825,77.81
2022,059026,Lazio,Latina,SANTI COSMA E DAMIANO,6885,Comune,872.380,149.670,230.300,266.770,-,25.650,309.320,13.270,44.060,2.338,1.700,20.640,137.700,-,2073.798,-,691.640,2765.438,74.99
2022,059027,Lazio,Latina,SERMONETA,10037,Comune,1812.020,162.520,402.040,771.906,112.003,-,85.185,38.150,13.120,14.268,-,3.720,157.200,109.295,3681.428,-,1258.620,4940.048,74.52
2022,059028,Lazio,Latina,SEZZE,23697,Comune,1335.240,34.020,535.060,705.080,-,66.480,355.340,30.961,47.795,1.150,64.440,-,168.980,-,3344.546,-,5639.960,8984.506,37.23
2022,059029,Lazio,Latina,SONNINO,7352,Comune,650.800,25.280,137.860,453.831,73.080,24.894,90.257,31.785,-,0.380,-,-,248.240,35.199,1771.605,-,886.860,2658.465,66.64
2022,059030,Lazio,Latina,SPERLONGA,3050,Comune,827.420,49.900,230.800,559.690,-,21.871,79.296,-,-,0.050,-,13.440,70.600,30.924,1883.990,-,713.440,2597.430,72.53
2022,059031,Lazio,Latina,SPIGNO SATURNIA,2852,Comune,460.200,-,113.280,111.570,-,10.035,133.150,4.780,33.940,1.252,0.226,-,43.340,-,911.773,-,181.900,1093.673,83.37
2022,059032,Lazio,Latina,TERRACINA,44720,Comune,6771.170,702.620,2116.240,3551.445,543.560,290.620,763.580,248.915,114.860,27.350,84.420,433.120,1393.240,303.456,17344.595,-,6593.460,23938.055,72.46
2022,059033,Lazio,Latina,VENTOTENE,704,Comune,41.400,-,38.260,74.113,-,2.180,7.905,-,-,-,-,-,75.420,3.083,242.360,-,446.100,688.460,35.20
2022,057001,Lazio,Rieti,ACCUMOLI,522,Comune,-,-,15.620,-,-,-,-,0.510,-,-,-,-,1.720,-,17.850,-,316.470,334.320,5.34
2022,057002,Lazio,Rieti,AMATRICE,2251,Comune,-,-,-,-,-,-,-,0.870,1.610,-,-,-,4.200,-,6.680,-,1058.270,1064.950,0.63
2022,057003,Lazio,Rieti,ANTRODOCO,2334,Comune,201.765,-,71.290,104.183,-,5.144,18.644,8.721,-,-,-,-,19.700,7.264,436.711,-,251.360,688.071,63.47
2022,057004,Lazio,Rieti,ASCREA,212,Comune,10.775,-,5.100,11.100,-,1.004,3.640,2.450,-,-,-,-,6.650,0.710,41.430,-,30.165,71.595,57.87
2022,057005,Lazio,Rieti,BELMONTE IN SABINA,636,Comune,33.760,-,13.900,30.244,-,2.943,10.667,2.376,-,-,-,-,6.620,2.082,102.591,-,81.080,183.671,55.86
2022,057006,Lazio,Rieti,BORBONA,576,Comune,35.340,-,-,-,-,-,-,5.660,1.700,0.010,-,-,9.220,1.080,53.010,-,348.320,401.330,13.21
2022,057008,Lazio,Rieti,BORGO VELINO,925,Comune,91.740,-,36.020,46.184,-,5.113,18.532,5.336,3.050,-,-,-,13.480,3.617,223.071,-,130.005,353.076,63.18
2022,057007,Lazio,Rieti,BORGOROSE,4218,Comune,369.180,-,176.160,237.360,39.330,22.840,136.310,28.705,20.860,3.070,63.270,-,38.400,-,1135.485,-,427.460,1562.945,72.65
2022,057009,Lazio,Rieti,CANTALICE,2438,Comune,189.075,-,57.250,99.119,-,8.203,30.533,9.110,4.440,0.710,-,-,17.600,5.793,421.833,-,242.905,664.738,63.46
2022,057010,Lazio,Rieti,CANTALUPO IN SABINA,1656,Comune,257.605,-,66.064,90.385,-,9.671,29.623,5.835,-,0.221,-,-,6.800,5.295,471.498,-,123.870,595.368,79.19
2022,057011,Lazio,Rieti,CASAPROTA,692,Vedi aggregazione: Unione 'Alta Sabina',-,-,-,-,-,-,-,-,-,-,-,-,-,-,-,-,-,-,-
2022,057012,Lazio,Rieti,CASPERIA,1178,Comune,85.580,-,40.130,65.633,-,4.452,16.135,4.195,-,0.114,-,-,13.770,3.143,233.151,-,251.840,484.991,48.07
2022,057013,Lazio,Rieti,CASTEL DI TORA,266,Comune,18.865,-,13.840,31.569,-,2.352,8.525,1.302,-,0.210,2.480,-,5.910,1.664,86.717,-,54.065,140.782,61.60
2022,057015,Lazio,Rieti,CASTEL SANT'ANGELO,1174,Comune,111.845,-,33.848,60.137,-,7.545,23.110,4.790,-,-,-,-,15.080,4.131,260.486,-,141.680,402.166,64.77
2022,057014,Lazio,Rieti,CASTELNUOVO DI FARFA,1000,Comune,-,-,-,-,-,-,-,-,1.550,0.740,-,-,-,-,2.290,-,115.855,118.145,1.94
2022,057016,Lazio,Rieti,CITTADUCALE,6443,Comune,699.905,-,299.460,311.079,-,32.317,122.313,17.147,-,-,-,61.800,41.290,22.807,1608.118,-,798.370,2406.488,66.82
2022,057017,Lazio,Rieti,CITTAREALE,401,Comune,-,-,-,8.060,-,-,-,1.680,-,-,-,-,4.980,-,14.720,-,208.320,223.040,6.60
2022,057018,Lazio,Rieti,COLLALTO SABINO,391,Comune,46.400,-,18.590,34.240,-,-,8.901,5.179,-,0.120,-,-,6.040,-,119.469,-,52.705,172.174,69.39
2022,057019,Lazio,Rieti,COLLE DI TORA,363,Comune,18.485,-,13.620,27.788,-,2.164,7.845,2.060,-,-,-,-,2.090,1.528,75.581,-,65.880,141.461,53.43
2022,057020,Lazio,Rieti,COLLEGIOVE,128,Comune,6.790,-,2.620,8.004,-,0.620,2.248,1.120,-,-,-,-,5.390,0.439,27.230,-,15.370,42.600,63.92
2022,057021,Lazio,Rieti,COLLEVECCHIO,1581,Comune,175.609,-,51.210,46.360,3.240,9.770,46.220,-,10.920,-,-,-,2.080,-,345.409,-,98.070,443.479,77.89
2022,057022,Lazio,Rieti,COLLI SUL VELINO,452,Comune,34.220,-,15.900,17.895,-,9.975,9.705,2.015,-,-,-,-,1.480,-,91.190,-,44.350,135.540,67.28
2022,057023,Lazio,Rieti,CONCERVIANO,282,Comune,-,-,-,-,-,-,-,0.440,-,-,-,-,13.840,-,14.280,-,138.190,152.470,9.37
2022,057024,Lazio,Rieti,CONFIGNI,574,Comune,32.340,-,18.210,25.358,-,2.574,9.331,1.773,-,0.074,-,-,2.580,1.818,94.058,-,49.050,143.108,65.73
2022,057025,Lazio,Rieti,CONTIGLIANO,3674,Comune,439.165,62.360,132.680,158.509,-,30.672,57.283,18.170,-,1.320,-,19.430,194.750,10.161,1124.500,-,383.170,1507.670,74.59
2022,057026,Lazio,Rieti,COTTANELLO,526,Comune,23.510,-,12.950,19.461,-,2.105,7.629,3.084,-,0.060,-,-,7.370,1.486,77.655,-,45.630,123.285,62.99
2022,057027,Lazio,Rieti,FARA IN SABINA,13835,Comune,1076.560,48.640,541.160,664.352,-,61.137,221.595,42.960,59.970,6.950,-,95.430,134.940,43.141,2996.835,-,1808.760,4805.595,62.36
2022,057028,Lazio,Rieti,FIAMIGNANO,1194,Comune,101.345,-,32.125,78.772,-,6.901,21.139,7.906,0.640,0.009,-,-,16.230,3.778,268.846,-,143.580,412.426,65.19
2022,057029,Lazio,Rieti,FORANO,3148,Comune,276.890,-,107.224,156.856,-,17.536,53.715,9.671,-,0.321,-,-,21.640,9.601,653.454,-,314.690,968.144,67.50
2022,057030,Lazio,Rieti,FRASSO SABINO,754,Comune,73.475,-,31.170,26.860,-,20.083,8.607,4.655,-,0.180,-,-,10.750,-,175.780,-,72.895,248.675,70.69
2022,057031,Lazio,Rieti,GRECCIO,1495,Comune,194.250,-,90.540,60.080,-,26.101,55.000,2.619,-,-,-,-,9.050,0.300,437.940,-,187.666,625.606,70.00
2022,057032,Lazio,Rieti,LABRO,355,Comune,32.655,-,12.630,28.785,-,2.010,7.286,2.875,-,0.300,-,-,4.010,1.420,91.971,-,55.935,147.906,62.18
2022,057033,Lazio,Rieti,LEONESSA,2110,Comune,-,13.480,41.170,36.500,21.040,-,-,11.030,2.440,0.150,26.280,12.600,14.930,-,179.620,-,1146.380,1326.000,13.55
2022,057034,Lazio,Rieti,LONGONE SABINO,526,Comune,20.975,-,7.655,25.160,-,-,-,5.135,0.970,-,-,-,11.397,-,71.292,-,91.040,162.332,43.92
2022,057035,Lazio,Rieti,MAGLIANO SABINA,3433,Comune,462.826,9.600,241.780,174.940,91.600,51.650,115.480,49.730,18.170,4.940,51.495,-,128.330,-,1400.541,-,356.030,1756.571,79.73
2022,057036,Lazio,Rieti,MARCETELLI,70,Comune,-,-,-,-,1.500,-,-,0.370,-,-,-,-,3.420,-,5.290,-,31.440,36.730,14.40
2022,057037,Lazio,Rieti,MICIGLIANO,113,Comune,-,-,-,-,-,-,-,2.360,-,-,-,-,20.340,-,22.700,-,60.860,83.560,27.17
2022,057038,Lazio,Rieti,MOMPEO,508,Comune,86.417,0.689,15.546,19.497,-,-,16.653,2.721,1.980,0.034,-,-,12.078,-,155.614,-,47.775,203.389,76.51
2022,057039,Lazio,Rieti,MONTASOLA,391,Comune,20.500,-,10.753,16.249,-,2.056,6.297,1.815,-,0.088,-,-,-,1.125,58.883,3.650,33.380,95.913,61.39
2022,057043,Lazio,Rieti,MONTE SAN GIOVANNI IN SABINA,643,Comune,-,-,0.860,1.645,-,0.509,2.936,-,-,-,-,-,-,0.360,6.310,-,278.150,284.460,2.22
2022,057040,Lazio,Rieti,MONTEBUONO,811,Comune,47.725,-,26.550,40.910,-,2.584,9.367,4.870,1.770,0.145,-,-,17.920,3.649,155.490,-,96.790,252.280,61.63
2022,057041,Lazio,Rieti,MONTELEONE SABINO,1169,Comune,-,-,-,-,-,-,-,-,1.550,0.890,-,-,-,-,2.440,-,222.275,224.715,1.09
2022,057042,Lazio,Rieti,MONTENERO SABINO,276,Vedi aggregazione: Unione 'Alta Sabina',-,-,-,-,-,-,-,-,-,-,-,-,-,-,-,-,-,-,-
2022,057044,Lazio,Rieti,MONTOPOLI DI SABINA,4084,Comune,402.085,-,151.835,194.195,-,24.048,73.661,9.285,-,0.133,-,-,36.280,13.166,904.687,-,290.120,1194.807,75.72
2022,057045,Lazio,Rieti,MORRO REATINO,321,Comune,22.145,-,13.040,17.543,-,1.655,5.999,3.530,1.000,0.050,-,-,5.440,1.169,71.571,-,37.540,109.111,65.60
2022,057046,Lazio,Rieti,NESPOLO,194,Comune,15.170,-,5.540,11.145,-,-,10.790,2.000,-,-,-,-,5.460,-,50.105,-,28.470,78.575,63.77
2022,057047,Lazio,Rieti,ORVINIO,396,Vedi aggregazione: Unione 'Alta Sabina',-,-,-,-,-,-,-,-,-,-,-,-,-,-,-,-,-,-,-
2022,057048,Lazio,Rieti,PAGANICO,156,Comune,13.990,-,5.810,12.521,-,1.099,3.983,2.540,-,-,-,-,7.160,0.777,47.880,-,35.975,83.855,57.10
2022,057049,Lazio,Rieti,PESCOROCCHIANO,1872,Comune,158.375,-,42.624,114.441,-,9.682,29.658,10.925,4.300,-,-,-,-,5.301,375.307,24.030,244.305,643.642,58.31
2022,057050,Lazio,Rieti,PETRELLA SALTO,1026,Comune,91.525,-,30.120,82.637,-,4.891,17.726,3.825,-,-,-,-,10.150,3.453,244.327,-,208.110,452.437,54.00
2022,057051,Lazio,Rieti,POGGIO BUSTONE,1959,Comune,-,-,25.920,49.272,-,3.514,12.735,4.865,0.870,-,-,-,25.495,2.481,125.151,-,537.440,662.591,18.89
2022,057052,Lazio,Rieti,POGGIO CATINO,1269,Comune,122.665,-,36.680,64.344,-,5.498,19.928,4.738,2.630,-,-,-,17.450,3.882,277.815,-,118.830,396.645,70.04
2022,057053,Lazio,Rieti,POGGIO MIRTETO,6140,Comune,552.295,-,249.436,288.324,-,33.062,101.273,13.495,-,0.821,-,-,-,18.101,1256.807,55.270,609.745,1921.822,65.40
2022,057054,Lazio,Rieti,POGGIO MOIANO,2808,Vedi aggregazione: Unione 'Alta Sabina',-,-,-,-,-,-,-,-,-,-,-,-,-,-,-,-,-,-,-
2022,057055,Lazio,Rieti,POGGIO NATIVO,2592,Comune,230.940,-,67.410,126.169,-,10.605,38.438,14.618,0.650,0.420,-,-,20.330,7.483,517.062,-,269.582,786.644,65.73
2022,057056,Lazio,Rieti,POGGIO SAN LORENZO,547,Comune,50.610,-,16.110,27.235,-,13.720,5.880,5.995,1.160,0.390,-,-,5.690,-,126.790,-,53.170,179.960,70.46
2022,057057,Lazio,Rieti,POSTA,557,Comune,54.445,-,30.970,59.257,-,3.442,12.477,9.770,2.850,0.003,-,-,15.030,2.431,190.674,-,96.610,287.284,66.37
2022,057058,Lazio,Rieti,POZZAGLIA SABINA,301,Vedi aggregazione: Unione 'Alta Sabina',-,-,-,-,-,-,-,-,-,-,-,-,-,-,-,-,-,-,-
2022,057059,Lazio,Rieti,RIETI,45276,Comune,3367.200,924.000,2272.240,2106.587,887.000,334.081,438.810,322.240,1.000,37.490,117.100,636.380,593.660,179.741,12217.530,-,9857.910,22075.440,55.34
2022,057060,Lazio,Rieti,RIVODUTRI,1149,Comune,84.825,-,37.190,60.037,-,5.538,20.072,4.185,-,-,-,-,6.470,3.910,222.227,-,111.580,333.807,66.57
2022,057062,Lazio,Rieti,ROCCA SINIBALDA,791,Comune,42.385,-,28.752,52.160,-,5.397,16.532,3.985,-,-,9.800,-,7.630,2.955,169.596,-,151.518,321.114,52.82
2022,057061,Lazio,Rieti,ROCCANTICA,545,Comune,31.715,-,14.260,21.768,-,1.427,5.171,4.443,-,0.095,-,-,13.120,2.015,94.013,-,43.760,137.773,68.24
2022,057063,Lazio,Rieti,SALISANO,471,Comune,32.340,-,11.520,21.474,-,1.844,6.685,3.940,-,-,-,-,6.600,1.302,85.706,-,39.625,125.331,68.38
2022,057064,Lazio,Rieti,SCANDRIGLIA,3255,Aggregazione: Unione 'Alta Sabina',752.006,-,271.292,427.234,-,41.826,128.118,46.968,44.280,0.455,-,12.320,235.406,22.899,1982.804,-,989.170,2971.974,66.72
2022,057065,Lazio,Rieti,SELCI,1109,Comune,69.265,-,28.730,43.771,-,4.324,16.413,5.653,3.640,0.215,-,-,11.020,3.053,186.085,-,83.655,269.740,68.99
2022,057066,Lazio,Rieti,STIMIGLIANO,2177,Comune,203.775,-,60.920,63.280,7.040,11.500,61.780,-,-,-,-,-,14.960,-,423.255,-,148.090,571.345,74.08
2022,057067,Lazio,Rieti,TARANO,1387,Comune,180.465,-,46.730,68.762,-,6.127,22.206,6.935,-,0.240,-,-,12.870,4.326,348.660,-,86.790,435.450,80.07
2022,057068,Lazio,Rieti,TOFFIA,1075,Comune,67.110,-,20.178,42.939,-,4.712,14.433,8.125,2.630,0.650,-,-,-,2.580,163.356,18.810,105.530,287.696,56.78
2022,057070,Lazio,Rieti,TORRI IN SABINA,1211,Comune,96.285,-,38.870,83.775,-,8.706,26.666,4.780,-,0.205,-,-,9.420,4.766,273.472,-,198.030,471.502,58.00
2022,057069,Lazio,Rieti,TORRICELLA IN SABINA,1327,Vedi aggregazione: Unione 'Alta Sabina',-,-,-,-,-,-,-,-,-,-,-,-,-,-,-,-,-,-,-
2022,057071,Lazio,Rieti,TURANIA,234,Comune,15.825,-,5.995,15.380,-,1.536,4.704,1.330,-,-,-,-,3.160,0.841,48.770,-,40.300,89.070,54.76
2022,057072,Lazio,Rieti,VACONE,233,Comune,14.405,-,8.720,13.003,-,1.288,4.670,2.400,-,0.075,-,-,5.820,0.910,51.291,-,23.665,74.956,68.43
2022,057073,Lazio,Rieti,VARCO SABINO,171,Comune,-,-,-,-,-,-,-,-,-,-,-,-,-,-,-,8.160,93.260,101.420,-
2022,058001,Lazio,Roma,AFFILE,1432,Comune,-,-,28.371,15.869,0.005,4.293,29.796,-,8.390,0.919,-,-,-,4.846,92.489,-,470.950,563.439,16.42
2022,058002,Lazio,Roma,AGOSTA,1707,Comune,145.490,-,41.380,25.755,10.400,3.985,60.406,5.851,0.221,0.200,2.710,-,12.200,5.634,314.232,-,216.365,530.597,59.22
2022,058003,Lazio,Roma,ALBANO LAZIALE,39718,Comune,4402.500,512.570,1853.600,778.913,-,187.983,1791.331,188.628,301.740,35.502,66.260,391.340,1135.880,171.324,11817.570,-,3513.800,15331.370,77.08
2022,058004,Lazio,Roma,ALLUMIERE,3754,Comune,414.660,13.290,137.310,153.349,59.030,30.130,104.950,26.755,8.860,3.315,56.310,-,69.800,-,1077.759,-,359.800,1437.559,74.97
2022,058005,Lazio,Roma,ANGUILLARA SABAZIA,19091,Comune,1808.660,797.740,869.997,835.634,344.630,99.386,641.555,127.765,72.290,10.190,286.365,320.090,211.550,6.768,6432.620,-,2261.210,8693.830,73.99
2022,058006,Lazio,Roma,ANTICOLI CORRADO,833,Vedi aggregazione: UNIONE COMUNI MEDANIENE,-,-,-,-,-,-,-,-,-,-,-,-,-,-,-,-,-,-,-
2022,058007,Lazio,Roma,ANZIO,58949,Comune,4260.660,5160.460,2269.980,2175.040,977.140,571.987,1629.310,325.315,-,32.037,884.235,621.000,719.120,429.603,20055.887,-,14585.840,34641.727,57.90
2022,058008,Lazio,Roma,ARCINAZZO ROMANO,1226,Comune,-,22.500,24.030,24.017,6.800,6.580,14.340,16.030,-,0.030,18.390,-,31.420,2.303,166.440,-,791.870,958.310,17.37
2022,058117,Lazio,Roma,ARDEA,49057,Comune,3668.790,2641.700,1649.000,1743.100,-,104.262,1027.578,149.445,186.870,4.642,2.020,849.860,1533.200,362.162,13922.629,-,8762.280,22684.909,61.37
2022,058009,Lazio,Roma,ARICCIA,17987,Comune,2582.440,332.190,1140.840,445.211,286.220,113.297,1074.844,95.020,84.150,14.371,175.970,376.740,387.820,103.808,7212.921,-,2322.280,9535.201,75.65
2022,058010,Lazio,Roma,ARSOLI,1372,Vedi aggregazione: UNIONE COMUNI MEDANIENE,-,-,-,-,-,-,-,-,-,-,-,-,-,-,-,-,-,-,-
2022,058011,Lazio,Roma,ARTENA,13616,Comune,1652.670,104.900,508.520,782.953,-,43.157,156.473,35.257,34.030,0.848,10.060,22.960,112.860,61.022,3525.710,-,1527.040,5052.750,69.78
2022,058012,Lazio,Roma,BELLEGRA,2649,Comune,324.920,-,124.861,-,-,6.600,107.952,14.805,1.920,-,-,-,35.220,23.647,639.925,-,215.400,855.325,74.82
2022,058013,Lazio,Roma,BRACCIANO,18380,Comune,1713.820,190.600,917.910,509.744,461.210,233.041,1038.841,143.530,44.180,22.955,275.700,271.130,174.460,111.034,6108.155,-,2317.850,8426.005,72.49
2022,058014,Lazio,Roma,CAMERATA NUOVA,403,Comune,12.890,-,10.720,9.592,-,1.484,15.370,-,-,-,-,-,-,2.098,52.155,-,60.712,112.867,46.21
2022,058015,Lazio,Roma,CAMPAGNANO DI ROMA,10966,Comune,755.730,126.300,431.620,258.628,162.250,94.971,145.067,-,-,7.506,164.190,117.530,41.950,56.574,2362.316,-,1020.240,3382.556,69.84
2022,058016,Lazio,Roma,CANALE MONTERANO,4169,Comune,655.200,74.920,119.740,202.760,63.560,54.000,117.280,25.030,5.430,13.195,37.140,24.900,216.430,-,1609.585,-,384.100,1993.685,80.73
2022,058017,Lazio,Roma,CANTERANO,368,Comune,37.600,-,10.725,9.967,-,1.542,16.571,-,-,-,-,-,-,2.180,78.585,-,35.890,114.475,68.65
2022,058018,Lazio,Roma,CAPENA,10795,Comune,845.670,208.660,693.885,521.599,220.794,74.907,358.728,70.510,18.340,11.318,143.080,69.700,222.900,4.633,3464.723,2.030,1662.640,5129.393,67.55
2022,058019,Lazio,Roma,CAPRANICA PRENESTINA,306,Comune,28.840,-,9.300,26.027,-,0.929,3.370,-,-,-,-,-,9.840,1.314,79.620,-,52.960,132.580,60.05
2022,058020,Lazio,Roma,CARPINETO ROMANO,4025,Comune,264.016,-,91.192,113.096,-,24.555,82.045,-,12.005,0.040,-,-,53.320,21.604,661.873,-,524.701,1186.574,55.78
2022,058021,Lazio,Roma,CASAPE,638,Comune,54.460,-,21.875,12.797,8.430,4.870,25.408,5.865,-,0.597,9.570,-,5.140,2.799,151.810,-,69.300,221.110,68.66
2022,058022,Lazio,Roma,CASTEL GANDOLFO,8564,Comune,1242.100,246.450,399.390,305.837,-,47.315,498.887,51.135,48.260,5.690,128.460,140.480,256.568,66.901,3437.473,-,1274.140,4711.613,72.96
2022,058023,Lazio,Roma,CASTEL MADAMA,7069,Comune,543.560,31.980,320.740,243.532,158.080,96.995,217.954,60.492,0.360,11.475,106.035,0.500,154.510,14.594,1960.806,-,609.885,2570.691,76.28
2022,058025,Lazio,Roma,CASTEL SAN PIETRO ROMANO,846,Comune,57.430,12.288,22.857,20.477,7.400,5.568,26.295,-,-,0.378,11.670,-,8.970,4.479,177.812,-,86.789,264.601,67.20
2022,058024,Lazio,Roma,CASTELNUOVO DI PORTO,8567,Comune,753.440,262.330,309.340,326.132,192.430,337.231,33.209,50.330,41.930,8.038,82.510,66.870,154.870,3.500,2622.160,-,720.780,3342.940,78.44
2022,058026,Lazio,Roma,CAVE,10777,Comune,948.320,24.340,391.390,556.442,134.790,65.121,101.739,64.040,5.925,4.220,161.655,94.380,244.880,39.677,2836.918,-,1543.870,4380.788,64.76
2022,058027,Lazio,Roma,CERRETO LAZIALE,1078,Comune,86.550,-,30.810,36.971,-,5.964,23.420,-,-,-,-,-,-,1.295,185.010,-,71.280,256.290,72.19
2022,058028,Lazio,Roma,CERVARA DI ROMA,449,Comune,34.070,-,12.790,9.745,-,1.508,17.846,-,0.221,0.040,6.735,-,4.670,2.132,89.756,-,100.672,190.428,47.13
2022,058029,Lazio,Roma,CERVETERI,37855,Comune,4961.400,682.520,1466.325,1129.919,82.480,441.260,1157.660,241.557,165.620,26.470,567.825,463.480,1278.115,109.736,12774.366,-,3755.040,16529.406,77.28
2022,058118,Lazio,Roma,CIAMPINO,38595,Comune,4128.720,561.840,2091.360,1845.449,688.625,215.327,343.800,178.035,90.640,47.271,578.925,338.900,636.900,119.643,11865.434,-,4764.720,16630.154,71.35
2022,058030,Lazio,Roma,CICILIANO,1236,Comune,110.620,-,40.195,47.360,-,6.608,33.470,1.720,1.016,0.197,-,21.240,15.040,1.101,278.568,-,121.400,399.968,69.65
2022,058031,Lazio,Roma,CINETO ROMANO,576,Vedi aggregazione: UNIONE COMUNI MEDANIENE,-,-,-,-,-,-,-,-,-,-,-,-,-,-,-,-,-,-,-
2022,058032,Lazio,Roma,CIVITAVECCHIA,51653,Comune,5073.180,195.650,1940.960,1893.910,949.190,300.474,1410.413,66.220,381.100,20.365,336.900,461.960,562.580,245.012,13837.915,-,8885.400,22723.315,60.90
2022,058033,Lazio,Roma,CIVITELLA SAN PAOLO,1999,Comune,47.600,-,57.375,140.828,-,-,60.290,1.442,-,-,-,-,-,-,307.535,22.820,235.028,565.383,54.39
2022,058034,Lazio,Roma,COLLEFERRO,20536,Comune,1894.400,173.490,1071.150,1139.648,-,94.042,206.776,184.735,88.620,11.148,308.040,139.380,429.000,80.639,5821.068,-,3239.590,9060.658,64.25
2022,058035,Lazio,Roma,COLONNA,4240,Comune,388.240,52.730,157.190,140.496,-,7.395,98.148,18.294,20.310,3.812,50.860,-,151.320,-,1088.794,-,521.700,1610.494,67.61
2022,058036,Lazio,Roma,FIANO ROMANO,16237,Comune,1244.620,328.290,941.165,658.217,392.305,79.413,509.873,91.870,28.320,13.450,140.590,-,275.560,5.008,4708.680,-,3041.350,7750.030,60.76
2022,058037,Lazio,Roma,FILACCIANO,464,Comune,37.480,-,14.670,12.310,-,3.697,11.670,-,-,-,-,-,0.960,0.283,81.070,-,48.290,129.360,62.67
2022,058120,Lazio,Roma,FIUMICINO,81426,Comune,11322.840,460.600,3490.020,4285.822,-,3.500,7.240,338.665,218.355,52.585,630.120,677.690,2249.740,3036.318,26773.495,-,8160.010,34933.505,76.64
2022,058122,Lazio,Roma,FONTE NUOVA,32684,Comune,3499.770,87.570,1238.410,1629.155,0.380,85.341,309.414,115.605,89.445,22.076,41.820,161.100,433.080,122.747,7835.912,-,2273.740,10109.652,77.51
2022,058038,Lazio,Roma,FORMELLO,13614,Comune,1016.580,442.820,810.390,291.807,293.300,122.424,516.018,131.170,-,16.429,204.210,282.190,259.820,70.632,4457.789,-,1923.130,6380.919,69.86
2022,058039,Lazio,Roma,FRASCATI,22794,Comune,2467.850,419.820,1112.483,547.505,237.540,126.181,847.775,14.125,51.160,1.698,81.880,156.990,172.120,110.827,6347.953,-,4283.290,10631.243,59.71
2022,058040,Lazio,Roma,GALLICANO NEL LAZIO,6522,Comune,452.560,28.790,221.970,139.170,79.180,43.401,239.008,45.290,15.310,7.672,88.560,-,75.780,30.443,1467.134,-,914.140,2381.274,61.61
2022,058041,Lazio,Roma,GAVIGNANO,1891,Comune,74.120,-,16.933,-,-,15.342,70.887,-,-,-,-,-,22.620,13.498,213.400,-,360.326,573.726,37.20
2022,058042,Lazio,Roma,GENAZZANO,5614,Comune,429.030,29.260,215.260,133.119,-,37.554,240.240,38.445,30.080,4.334,-,32.720,167.280,29.119,1386.441,-,707.640,2094.081,66.21
2022,058043,Lazio,Roma,GENZANO DI ROMA,22865,Comune,3286.160,411.630,1254.210,1299.161,266.800,147.612,272.060,111.075,143.530,28.585,243.040,496.430,278.860,105.186,8344.340,-,2173.040,10517.380,79.34
2022,058044,Lazio,Roma,GERANO,1152,Aggregazione: UNIONE DEI COMUNI VALLE DEL GIOVENZANO,203.550,8.880,89.331,56.340,38.348,36.920,103.706,29.920,0.447,5.840,43.110,-,56.480,22.606,695.477,-,336.451,1031.928,67.40
2022,058045,Lazio,Roma,GORGA,665,Comune,32.150,-,14.113,32.144,-,1.365,4.949,-,-,0.270,-,-,23.580,1.930,110.501,-,55.114,165.615,66.72
2022,058046,Lazio,Roma,GROTTAFERRATA,20494,Comune,2304.572,851.720,935.010,675.290,-,101.165,595.087,99.824,131.500,7.857,-,363.580,509.080,-,6574.685,-,2331.520,8906.205,73.82
2022,058047,Lazio,Roma,GUIDONIA MONTECELIO,89114,Comune,8516.380,272.360,3886.690,4502.664,635.290,374.993,940.178,217.127,346.300,38.003,596.440,932.440,673.390,374.834,22307.090,-,9547.980,31855.070,70.03
2022,058048,Lazio,Roma,JENNE,325,Comune,-,-,5.000,7.510,-,0.682,2.474,-,-,-,-,-,-,0.965,16.630,-,90.850,107.480,15.47
2022,058049,Lazio,Roma,LABICO,6465,Comune,475.020,124.070,184.360,116.529,-,18.028,208.988,17.740,32.390,0.175,-,-,169.620,25.490,1372.411,-,1054.880,2427.291,56.54
2022,058116,Lazio,Roma,LADISPOLI,40658,Comune,5213.240,968.240,1808.970,2496.671,667.480,236.830,478.383,188.975,242.215,40.769,339.360,543.590,393.460,178.697,13796.880,-,5340.660,19137.540,72.09
2022,058050,Lazio,Roma,LANUVIO,12858,Comune,692.940,172.490,452.580,688.186,153.060,100.132,156.142,68.055,8.780,13.704,192.870,56.760,192.740,60.460,3008.899,-,1154.220,4163.119,72.28
2022,058115,Lazio,Roma,LARIANO,13212,Comune,1593.620,539.160,549.740,748.487,236.840,86.529,183.119,78.000,49.060,4.509,2.308,111.740,216.460,70.766,4470.337,-,1370.100,5840.437,76.54
2022,058051,Lazio,Roma,LICENZA,889,Vedi aggregazione: UNIONE COMUNI VALLE USTICA,-,-,-,-,-,-,-,-,-,-,-,-,-,-,-,-,-,-,-
2022,058052,Lazio,Roma,MAGLIANO ROMANO,1389,Comune,93.660,-,32.780,57.340,-,-,30.980,6.500,1.870,-,-,8.340,17.160,-,248.630,-,104.900,353.530,70.33
2022,058053,Lazio,Roma,MANDELA,910,Vedi aggregazione: UNIONE COMUNI VALLE USTICA,-,-,-,-,-,-,-,-,-,-,-,-,-,-,-,-,-,-,-
2022,058054,Lazio,Roma,MANZIANA,7792,Comune,654.880,300.330,358.840,375.570,174.550,54.220,300.769,58.505,7.900,10.759,116.880,90.650,96.700,-,2600.553,-,798.590,3399.143,76.51
2022,058055,Lazio,Roma,MARANO EQUO,778,Comune,15.360,-,24.970,-,-,22.061,47.461,8.300,4.270,0.450,-,-,3.780,6.708,133.360,-,88.047,221.407,60.23
2022,058056,Lazio,Roma,MARCELLINA,7022,Comune,621.980,36.180,231.200,245.844,114.800,77.041,199.300,42.821,42.310,10.320,99.100,20.540,80.270,18.115,1839.821,-,707.955,2547.776,72.21
2022,058057,Lazio,Roma,MARINO,46347,Comune,4297.870,761.490,1573.430,1381.840,-,251.010,1280.610,193.515,23.940,4.947,383.400,614.510,1254.700,-,12021.262,-,5348.740,17370.002,69.21
2022,058058,Lazio,Roma,MAZZANO ROMANO,2948,Comune,194.910,17.680,103.070,138.420,41.700,9.790,86.120,18.040,1.840,-,-,11.780,27.840,-,651.190,-,273.600,924.790,70.42
2022,058059,Lazio,Roma,MENTANA,22544,Comune,2771.100,138.440,850.240,1206.647,75.600,96.600,257.855,106.854,18.100,20.696,52.740,148.390,376.900,103.979,6224.140,-,1656.960,7881.100,78.98
2022,058064,Lazio,Roma,MONTE PORZIO CATONE,8581,Comune,683.140,214.330,301.025,312.245,125.140,37.540,122.610,54.815,12.220,9.926,-,48.250,82.990,75.213,2079.444,-,1241.740,3321.184,62.61
2022,058060,Lazio,Roma,MONTECOMPATRI,11852,Comune,1548.720,42.040,532.310,620.046,151.360,81.877,134.100,56.345,9.440,14.176,120.010,191.120,132.920,57.667,3692.131,-,1216.460,4908.591,75.22
2022,058061,Lazio,Roma,MONTEFLAVIO,1176,Comune,188.931,1.906,34.620,40.116,3.408,8.004,18.990,10.776,3.930,0.517,2.390,-,9.175,18.899,341.662,-,106.337,447.999,76.26
2022,058062,Lazio,Roma,MONTELANICO,2053,Comune,133.500,-,49.520,74.370,4.880,1.590,37.166,5.360,-,0.220,-,15.080,39.470,14.246,375.403,-,222.320,597.723,62.81
2022,058063,Lazio,Roma,MONTELIBRETTI,5132,Comune,414.480,2.740,193.270,152.273,45.443,12.551,164.705,27.235,-,4.092,18.470,32.570,97.080,5.409,1170.317,-,611.920,1782.237,65.67
2022,058065,Lazio,Roma,MONTEROTONDO,40979,Comune,5908.900,113.440,1730.290,1983.753,76.680,135.134,500.652,142.380,39.430,33.455,-,318.060,676.710,139.491,11798.375,-,6824.860,18623.235,63.35
2022,058066,Lazio,Roma,MONTORIO ROMANO,1929,Comune,234.879,2.161,53.100,88.904,5.680,6.173,18.919,6.615,1.860,0.297,3.490,-,7.767,8.037,437.881,-,160.320,598.201,73.20
2022,058067,Lazio,Roma,MORICONE,2429,Comune,255.930,3.816,57.850,116.762,9.708,8.340,37.355,7.072,6.960,0.640,4.800,-,13.769,10.179,533.181,-,206.824,740.005,72.05
2022,058068,Lazio,Roma,MORLUPO,8485,Comune,723.360,97.540,370.580,-,136.562,36.340,400.774,50.685,-,5.577,127.275,42.050,179.260,180.582,2350.585,-,731.590,3082.175,76.26
2022,058069,Lazio,Roma,NAZZANO,1348,Comune,93.360,-,40.960,-,6.280,0.926,36.161,-,-,-,-,-,16.760,0.463,194.910,-,224.400,419.310,46.48
2022,058070,Lazio,Roma,NEMI,1877,Comune,276.900,52.240,114.480,142.108,-,9.534,34.568,-,-,-,-,19.840,50.580,13.481,713.730,-,375.200,1088.930,65.54
2022,058071,Lazio,Roma,NEROLA,1905,Comune,317.863,1.557,76.820,94.810,1.573,7.602,73.398,-,3.230,1.574,3.650,-,12.189,9.320,603.586,-,306.306,909.892,66.34
2022,058072,Lazio,Roma,NETTUNO,48033,Comune,4745.480,2540.920,1910.560,2665.737,486.920,216.812,684.572,168.790,103.100,29.772,555.450,583.160,334.620,231.240,15257.132,-,8663.960,23921.092,63.78
2022,058073,Lazio,Roma,OLEVANO ROMANO,6371,Comune,486.780,19.300,227.270,-,59.480,57.738,336.469,60.275,3.900,2.553,53.880,49.030,101.400,43.190,1501.265,-,779.980,2281.245,65.81
2022,058074,Lazio,Roma,PALESTRINA,22063,Comune,2012.790,288.022,1012.053,507.789,188.700,136.268,873.850,116.625,15.620,20.313,270.250,167.700,204.450,111.077,5925.507,-,2566.841,8492.348,69.78
2022,058075,Lazio,Roma,PALOMBARA SABINA,12873,Comune,1524.780,17.540,440.930,561.670,-,-,380.040,40.318,-,1.170,0.420,-,110.790,0.290,3077.948,-,1369.480,4447.428,69.21
2022,058076,Lazio,Roma,PERCILE,219,Vedi aggregazione: UNIONE COMUNI VALLE USTICA,-,-,-,-,-,-,-,-,-,-,-,-,-,-,-,-,-,-,-
2022,058077,Lazio,Roma,PISONIANO,731,Vedi aggregazione: UNIONE DEI COMUNI VALLE DEL GIOVENZANO,-,-,-,-,-,-,-,-,-,-,-,-,-,-,-,-,-,-,-
2022,058078,Lazio,Roma,POLI,2220,Comune,213.920,-,60.315,-,39.765,28.231,109.207,20.739,11.550,2.041,27.940,-,27.020,14.140,554.868,-,322.390,877.258,63.25
2022,058079,Lazio,Roma,POMEZIA,64119,Comune,7506.590,1147.200,3377.120,2617.180,374.660,499.261,1941.646,343.700,354.910,62.767,742.490,809.370,1693.920,677.933,22148.747,-,9462.860,31611.607,70.07
2022,058080,Lazio,Roma,PONZANO ROMANO,1212,Comune,79.634,-,42.626,65.425,1.840,-,27.850,6.970,0.820,-,-,-,13.740,-,238.905,-,98.779,337.684,70.75
2022,058081,Lazio,Roma,RIANO,10322,Comune,1006.300,329.640,321.180,412.770,35.220,-,242.320,44.827,25.680,0.880,-,87.650,168.490,0.740,2675.697,-,1232.100,3907.797,68.47
2022,058082,Lazio,Roma,RIGNANO FLAMINIO,10135,Comune,926.300,180.720,326.920,430.990,78.640,19.700,263.080,29.940,8.820,6.980,35.040,117.980,100.330,0.817,2526.257,-,1076.270,3602.527,70.13
2022,058083,Lazio,Roma,RIOFREDDO,737,Vedi aggregazione: UNIONE COMUNI MEDANIENE,-,-,-,-,-,-,-,-,-,-,-,-,-,-,-,-,-,-,-
2022,058084,Lazio,Roma,ROCCA CANTERANO,174,Comune,-,-,3.940,5.330,-,-,5.710,-,-,-,-,-,8.040,-,23.020,-,36.740,59.760,38.52
2022,058085,Lazio,Roma,ROCCA DI CAVE,351,Comune,-,-,-,-,-,-,-,-,-,-,-,-,-,-,-,-,102.420,102.420,-
2022,058086,Lazio,Roma,ROCCA DI PAPA,17512,Comune,1438.140,835.840,466.400,523.036,283.940,252.125,449.560,84.110,71.720,14.775,262.680,151.760,625.340,-,5459.426,-,2485.640,7945.066,68.72
2022,058088,Lazio,Roma,ROCCA PRIORA,12040,Comune,1531.600,320.380,465.850,150.107,177.990,105.180,232.439,75.950,37.440,13.975,152.310,183.690,200.000,11.040,3657.950,34.260,1100.190,4792.400,76.33
2022,058089,Lazio,Roma,ROCCA SANTO STEFANO,912,Comune,86.470,-,23.030,34.794,-,4.484,21.600,-,-,-,-,-,-,1.033,171.410,-,54.070,225.480,76.02
2022,058087,Lazio,Roma,ROCCAGIOVINE,258,Aggregazione: UNIONE COMUNI VALLE USTICA,529.250,1.800,216.678,108.494,52.864,52.928,270.203,14.920,2.366,2.403,27.770,-,71.660,37.673,1389.009,-,609.557,1998.566,69.50
2022,058090,Lazio,Roma,ROIATE,648,Comune,30.720,-,14.140,32.493,-,1.716,6.222,-,3.220,0.015,-,-,11.480,2.427,102.433,-,55.678,158.111,64.79
2022,058091,Lazio,Roma,ROMA,2748109,Comune,163750.392,78882.430,243309.167,77287.065,18605.576,12850.607,47807.498,13927.864,6608.500,1102.284,11944.855,14406.840,24161.424,15728.781,730373.283,1157.287,860777.084,1592307.654,45.87
2022,058092,Lazio,Roma,ROVIANO,1234,Aggregazione: UNIONE COMUNI MEDANIENE,306.830,-,158.124,99.408,70.941,63.890,187.318,25.395,4.922,1.810,73.665,-,90.390,32.379,1115.072,-,772.572,1887.644,59.07
2022,058093,Lazio,Roma,SACROFANO,7380,Comune,665.960,219.570,239.230,173.282,102.050,55.478,302.176,55.940,69.190,19.729,62.900,128.140,122.520,39.225,2255.389,-,425.740,2681.129,84.12
2022,058094,Lazio,Roma,SAMBUCI,829,Vedi aggregazione: UNIONE DEI COMUNI VALLE DEL GIOVENZANO,-,-,-,-,-,-,-,-,-,-,-,-,-,-,-,-,-,-,-
2022,058119,Lazio,Roma,SAN CESAREO,15988,Comune,1060.400,341.990,1092.850,528.456,250.120,202.804,668.740,171.525,58.800,28.388,232.640,140.580,144.340,6.900,4928.533,-,2979.080,7907.613,62.33
2022,058095,Lazio,Roma,SAN GREGORIO DA SASSOLA,1438,Comune,136.530,-,47.490,51.956,25.330,22.229,35.450,13.435,5.137,6.009,21.570,-,18.820,8.654,392.611,-,145.630,538.241,72.94
2022,058096,Lazio,Roma,SAN POLO DEI CAVALIERI,2756,Comune,303.800,2.560,96.810,116.459,9.060,15.351,85.730,2.477,7.750,0.080,-,6.470,46.810,3.970,697.327,-,299.320,996.647,69.97
2022,058100,Lazio,Roma,SAN VITO ROMANO,3058,Comune,285.580,-,140.340,-,58.640,35.357,143.179,14.829,7.290,3.237,45.870,37.220,44.000,19.492,835.034,-,356.300,1191.334,70.09
2022,058098,Lazio,Roma,SANT'ANGELO ROMANO,4920,Comune,402.380,7.720,116.090,212.040,-,37.034,111.092,-,-,0.620,-,7.200,111.140,32.584,1037.900,-,439.260,1477.160,70.26
2022,058099,Lazio,Roma,SANT'ORESTE,3479,Comune,272.900,6.600,120.000,146.980,-,-,119.810,15.460,1.770,0.300,-,21.310,87.220,-,792.350,-,372.990,1165.340,67.99
2022,058097,Lazio,Roma,SANTA MARINELLA,18397,Comune,1404.090,822.960,746.180,722.630,452.800,46.060,488.780,141.525,36.150,8.550,275.955,297.500,431.790,-,5874.970,-,6049.430,11924.400,49.27
2022,058101,Lazio,Roma,SARACINESCO,162,Vedi aggregazione: UNIONE DEI COMUNI VALLE DEL GIOVENZANO,-,-,-,-,-,-,-,-,-,-,-,-,-,-,-,-,-,-,-
2022,058102,Lazio,Roma,SEGNI,8959,Comune,64.344,-,49.022,56.774,-,8.783,68.539,-,18.390,2.340,-,34.470,39.820,12.419,354.902,-,3876.661,4231.563,8.39
2022,058103,Lazio,Roma,SUBIACO,8466,Comune,750.600,16.140,398.780,288.781,81.330,109.118,273.242,30.242,26.640,2.105,37.890,57.120,124.060,29.051,2225.099,-,1290.451,3515.550,63.29
2022,058104,Lazio,Roma,TIVOLI,54916,Comune,6548.380,561.490,2771.960,3426.370,758.670,349.998,647.751,315.450,269.920,50.156,462.360,409.350,560.810,267.772,17400.436,-,4996.820,22397.256,77.69
2022,058105,Lazio,Roma,TOLFA,4761,Comune,443.130,42.900,206.010,205.240,75.810,18.630,150.020,37.945,10.440,3.073,71.415,-,88.040,-,1352.653,-,498.560,1851.213,73.07
2022,058106,Lazio,Roma,TORRITA TIBERINA,1085,Comune,71.253,-,21.044,45.090,4.680,0.220,39.490,9.850,1.280,-,-,-,8.040,0.260,201.207,-,233.203,434.410,46.32
2022,058107,Lazio,Roma,TREVIGNANO ROMANO,5865,Comune,678.780,213.060,373.940,369.610,111.460,67.570,220.740,56.545,9.930,4.517,87.975,30.190,144.090,-,2368.407,-,846.590,3214.997,73.67
2022,058108,Lazio,Roma,VALLEPIETRA,239,Comune,-,-,5.932,8.625,0.001,0.829,2.387,0.280,-,-,-,-,8.240,0.936,27.230,-,119.240,146.470,18.59
2022,058109,Lazio,Roma,VALLINFREDA,290,Comune,8.820,-,10.170,6.858,-,5.321,13.677,-,-,-,-,-,-,1.500,46.345,-,36.860,83.205,55.70
2022,058110,Lazio,Roma,VALMONTONE,15661,Comune,1411.020,216.580,722.860,366.266,143.190,96.364,718.064,97.115,-,11.832,234.915,117.420,263.620,88.409,4487.655,-,2699.660,7187.315,62.44
2022,058111,Lazio,Roma,VELLETRI,52528,Comune,5904.500,908.940,2476.640,1933.127,531.000,475.435,1947.308,258.445,185.140,30.850,249.940,394.080,718.500,15.560,16029.465,-,4520.660,20550.125,78.00
2022,058112,Lazio,Roma,VICOVARO,3561,Vedi aggregazione: UNIONE COMUNI VALLE USTICA,-,-,-,-,-,-,-,-,-,-,-,-,-,-,-,-,-,-,-
2022,058113,Lazio,Roma,VIVARO ROMANO,159,Vedi aggregazione: UNIONE COMUNI MEDANIENE,-,-,-,-,-,-,-,-,-,-,-,-,-,-,-,-,-,-,-
2022,058114,Lazio,Roma,ZAGAROLO,18483,Comune,1410.980,233.510,526.000,337.677,156.410,93.281,622.798,70.180,27.669,19.676,157.240,133.740,197.180,74.466,4060.806,-,2389.280,6450.086,62.96
2022,056001,Lazio,Viterbo,ACQUAPENDENTE,5266,Comune,487.710,130.330,352.280,-,104.330,48.950,200.700,42.010,15.540,1.424,-,88.210,-,264.670,1736.154,46.420,446.380,2228.954,77.89
2022,056002,Lazio,Viterbo,ARLENA DI CASTRO,839,Comune,-,-,24.400,-,-,-,-,3.619,-,1.181,-,-,-,-,29.200,-,68.500,97.700,29.89
2022,056003,Lazio,Viterbo,BAGNOREGIO,3364,Comune,247.210,88.520,162.090,85.976,80.620,43.560,168.382,31.322,5.620,5.165,-,49.410,22.140,20.660,1010.674,-,612.110,1622.784,62.28
2022,056004,Lazio,Viterbo,BARBARANO ROMANO,1004,Comune,35.340,-,42.690,44.850,10.070,9.500,24.850,5.280,3.760,0.300,-,-,6.400,-,183.040,-,238.420,421.460,43.43
2022,056006,Lazio,Viterbo,BASSANO IN TEVERINA,1260,Comune,112.520,4.600,42.860,69.487,14.160,8.423,12.234,-,-,1.235,-,-,14.720,4.966,285.205,-,139.760,424.965,67.11
2022,056005,Lazio,Viterbo,BASSANO ROMANO,4600,Comune,291.800,52.800,146.809,200.540,-,35.719,50.379,16.250,-,1.390,69.000,-,197.480,20.861,1083.029,-,682.320,1765.349,61.35
2022,056007,Lazio,Viterbo,BLERA,2959,Comune,231.060,23.430,111.930,55.760,40.060,23.190,24.430,12.835,0.810,2.000,-,-,17.900,140.740,684.145,-,305.340,989.485,69.14
2022,056008,Lazio,Viterbo,BOLSENA,3708,Comune,557.230,150.590,270.550,309.829,102.770,58.993,204.790,51.240,12.680,1.118,55.620,-,67.100,6.809,1849.319,-,460.080,2309.399,80.08
2022,056009,Lazio,Viterbo,BOMARZO,1674,Comune,292.000,3.600,59.860,89.614,20.900,10.460,15.268,-,4.530,1.210,-,-,13.340,6.168,516.950,-,125.880,642.830,80.42
2022,056010,Lazio,Viterbo,CALCATA,905,Comune,64.540,-,28.210,48.260,-,-,26.470,5.450,-,-,-,-,18.130,-,191.060,-,95.190,286.250,66.75
2022,056011,Lazio,Viterbo,CANEPINA,2913,Comune,282.300,-,128.230,106.380,-,6.820,90.600,13.100,4.340,-,-,-,82.340,-,714.110,-,302.660,1016.770,70.23
2022,056012,Lazio,Viterbo,CANINO,5029,Comune,624.580,18.010,259.010,204.341,62.710,40.619,177.220,4.820,-,1.174,7.140,55.120,33.640,4.490,1492.874,-,404.840,1897.714,78.67
2022,056013,Lazio,Viterbo,CAPODIMONTE,1667,Comune,167.068,67.330,89.340,66.557,-,21.256,99.606,7.880,5.760,0.251,-,17.400,67.200,14.546,624.194,-,166.490,790.684,78.94
2022,056014,Lazio,Viterbo,CAPRANICA,6302,Comune,539.980,81.010,386.180,251.060,63.060,28.467,288.200,44.175,25.880,6.931,-,77.240,41.260,32.283,1865.726,-,522.330,2388.056,78.13
2022,056015,Lazio,Viterbo,CAPRAROLA,5155,Comune,331.630,124.620,198.780,161.480,108.280,77.460,128.640,43.490,15.700,9.276,-,-,112.110,-,1311.466,-,1076.310,2387.776,54.92
2022,056016,Lazio,Viterbo,CARBOGNANO,1940,Comune,155.910,-,68.540,78.420,32.560,17.180,60.030,8.753,8.140,3.139,29.100,-,37.300,-,499.072,-,187.050,686.122,72.74
2022,056017,Lazio,Viterbo,CASTEL SANT'ELIA,2453,Comune,208.590,35.280,87.140,103.300,30.590,1.450,106.660,8.245,-,0.660,-,-,36.240,2.060,620.215,-,203.000,823.215,75.34
2022,056018,Lazio,Viterbo,CASTIGLIONE IN TEVERINA,2272,Comune,-,1.380,92.300,-,-,4.540,-,11.010,-,3.510,-,-,-,-,112.740,16.860,203.140,332.740,33.88
2022,056019,Lazio,Viterbo,CELLENO,1309,Comune,126.631,-,51.920,53.891,-,4.145,44.620,-,-,0.141,-,4.560,6.640,1.185,293.733,-,153.480,447.213,65.68
2022,056020,Lazio,Viterbo,CELLERE,1071,Comune,-,-,35.180,-,-,7.200,-,12.000,-,0.634,-,-,-,-,55.014,13.600,67.740,136.354,40.35
2022,056021,Lazio,Viterbo,CIVITA CASTELLANA,15247,Comune,1600.330,131.480,825.490,653.871,283.540,59.840,642.270,96.655,-,17.091,-,92.360,105.360,0.720,4509.007,-,1557.570,6066.577,74.33
2022,056022,Lazio,Viterbo,CIVITELLA D'AGLIANO,1441,Comune,40.962,7.060,69.925,74.740,-,7.800,53.640,-,-,0.090,8.620,-,44.090,-,306.927,-,201.930,508.857,60.32
2022,056023,Lazio,Viterbo,CORCHIANO,3580,Comune,232.060,9.300,144.940,142.230,44.130,24.600,132.520,18.481,25.170,3.240,8.230,2.360,30.620,1.000,818.881,-,226.060,1044.941,78.37
2022,056024,Lazio,Viterbo,FABRICA DI ROMA,8217,Comune,707.440,73.650,352.820,350.500,43.760,5.700,302.040,37.030,6.500,3.275,-,14.820,50.880,0.600,1949.015,-,613.380,2562.395,76.06
2022,056025,Lazio,Viterbo,FALERIA,1977,Comune,146.120,-,65.800,115.984,30.320,21.775,25.283,7.990,-,0.175,-,-,80.500,9.599,503.545,-,167.040,670.585,75.09
2022,056026,Lazio,Viterbo,FARNESE,1390,Comune,156.552,6.899,49.580,36.748,21.370,15.205,66.827,13.170,2.820,0.183,20.850,15.620,11.000,8.031,424.854,-,148.260,573.114,74.13
2022,056027,Lazio,Viterbo,GALLESE,2577,Comune,144.030,10.710,88.430,62.178,23.520,13.519,120.204,14.600,-,1.274,38.655,14.125,13.980,13.589,558.814,-,166.810,725.624,77.01
2022,056028,Lazio,Viterbo,GRADOLI,1249,Comune,136.344,6.410,61.790,66.521,-,10.917,47.360,14.410,2.520,1.249,18.735,-,38.040,1.682,405.978,-,143.700,549.678,73.86
2022,056029,Lazio,Viterbo,GRAFFIGNANO,2097,Comune,165.200,-,75.010,113.113,-,6.369,23.100,11.372,1.510,0.430,-,-,17.180,8.998,422.282,-,142.660,564.942,74.75
2022,056030,Lazio,Viterbo,GROTTE DI CASTRO,2361,Comune,253.807,15.560,103.480,110.019,-,20.813,69.780,-,4.720,0.347,-,-,43.600,2.418,624.544,-,195.300,819.844,76.18
2022,056031,Lazio,Viterbo,ISCHIA DI CASTRO,2137,Comune,85.150,14.390,72.860,39.002,47.210,24.873,84.661,23.030,7.300,0.285,32.055,-,15.400,8.524,454.740,-,368.750,823.490,55.22
2022,056032,Lazio,Viterbo,LATERA,766,Comune,78.001,0.910,30.250,31.824,-,2.448,20.200,6.112,-,0.280,-,-,15.760,0.699,186.484,-,72.332,258.816,72.05
2022,056033,Lazio,Viterbo,LUBRIANO,864,Comune,52.284,-,40.610,38.993,-,6.700,34.634,3.720,2.800,0.130,-,-,18.980,2.444,201.294,-,141.630,342.924,58.70
2022,056034,Lazio,Viterbo,MARTA,3238,Comune,444.720,22.930,211.630,170.198,55.340,41.612,186.995,24.707,-,1.921,-,-,27.460,3.741,1191.254,-,468.970,1660.224,71.75
2022,056035,Lazio,Viterbo,MONTALTO DI CASTRO,8725,Comune,610.860,563.460,564.110,245.452,151.600,56.990,563.586,70.770,15.140,3.943,22.030,342.160,94.370,53.642,3358.113,-,2309.960,5668.073,59.25
2022,056037,Lazio,Viterbo,MONTE ROMANO,1877,Comune,119.210,20.920,82.130,50.000,-,24.025,48.605,6.660,-,0.583,-,-,38.120,-,390.253,-,167.260,557.513,70.00
2022,056036,Lazio,Viterbo,MONTEFIASCONE,12955,Comune,1268.620,187.280,652.530,917.223,240.760,136.392,232.549,78.820,49.960,21.590,194.325,212.940,46.506,73.199,4312.695,72.894,1424.550,5810.139,74.23
2022,056038,Lazio,Viterbo,MONTEROSI,4824,Comune,317.080,257.000,157.120,199.120,89.360,22.230,145.080,37.060,0.750,3.344,-,-,32.160,-,1260.304,-,491.310,1751.614,71.95
2022,056039,Lazio,Viterbo,NEPI,9381,Comune,895.860,461.690,470.370,608.956,140.260,82.968,151.317,70.150,33.880,10.995,140.715,89.200,57.280,77.930,3291.570,-,615.620,3907.190,84.24
2022,056040,Lazio,Viterbo,ONANO,898,Comune,92.732,-,35.000,43.317,-,4.732,28.170,-,-,0.388,-,-,17.920,0.952,223.211,-,79.940,303.151,73.63
2022,056041,Lazio,Viterbo,ORIOLO ROMANO,3702,Comune,540.150,199.280,215.810,224.924,73.260,45.126,63.548,34.710,7.640,4.725,55.530,23.920,16.092,18.912,1523.627,21.168,295.280,1840.075,82.80
2022,056042,Lazio,Viterbo,ORTE,9065,Comune,908.440,32.480,435.500,544.487,92.600,46.111,117.594,-,30.985,3.849,-,121.140,91.780,42.808,2467.774,-,933.120,3400.894,72.56
2022,056043,Lazio,Viterbo,PIANSANO,1927,Comune,174.755,7.608,79.345,33.708,72.324,16.664,64.605,17.304,-,2.795,28.905,-,26.390,10.718,535.121,-,194.850,729.971,73.31
2022,056044,Lazio,Viterbo,PROCENO,519,Comune,58.017,-,19.510,22.641,-,1.742,16.110,-,-,0.143,-,-,3.020,0.497,121.680,-,44.440,166.120,73.25
2022,056045,Lazio,Viterbo,RONCIGLIONE,8447,Comune,888.200,126.420,347.480,328.500,126.780,32.900,413.130,56.960,-,5.611,-,187.900,51.900,-,2565.781,-,959.350,3525.131,72.79
2022,056047,Lazio,Viterbo,SAN LORENZO NUOVO,2011,Comune,264.944,29.310,98.730,91.693,32.730,17.953,67.850,16.720,5.720,0.777,30.165,22.505,14.900,2.015,696.012,-,210.270,906.282,76.80
2022,056048,Lazio,Viterbo,SORIANO NEL CIMINO,7954,Comune,924.370,26.480,333.730,381.283,108.100,45.645,78.197,90.870,9.440,13.554,-,89.600,58.080,31.415,2190.764,-,1077.980,3268.744,67.02
2022,056049,Lazio,Viterbo,SUTRI,6663,Comune,692.200,64.240,273.240,275.530,33.680,38.816,310.944,13.895,-,4.435,6.470,73.900,15.660,0.171,1803.181,-,557.650,2360.831,76.38
2022,056050,Lazio,Viterbo,TARQUINIA,15942,Comune,1032.600,368.120,725.160,643.420,398.000,190.040,470.890,122.400,70.730,8.855,239.130,412.240,87.660,7.260,4776.505,-,6722.280,11498.785,41.54
2022,056051,Lazio,Viterbo,TESSENNANO,284,Comune,-,-,-,-,-,-,-,-,-,-,-,-,-,-,-,-,93.500,93.500,-
2022,056052,Lazio,Viterbo,TUSCANIA,8220,Comune,143.630,28.950,131.300,148.693,121.810,34.107,81.989,48.815,12.120,-,0.400,128.560,41.820,0.151,922.345,-,2864.480,3786.825,24.36
2022,056053,Lazio,Viterbo,VALENTANO,2729,Comune,250.845,39.250,147.020,124.107,-,23.047,89.520,26.254,10.220,0.588,-,19.640,56.360,2.727,789.578,-,243.740,1033.318,76.41
2022,056054,Lazio,Viterbo,VALLERANO,2403,Comune,239.051,19.501,96.053,80.988,27.627,12.543,77.160,15.745,-,1.346,20.624,-,15.448,9.393,615.479,-,227.618,843.097,73.00
2022,056055,Lazio,Viterbo,VASANELLO,3987,Comune,320.473,29.655,153.399,87.150,42.016,21.058,169.760,23.346,-,2.081,31.365,-,-,21.382,901.685,-,273.660,1175.345,76.72
2022,056056,Lazio,Viterbo,VEJANO,2143,Comune,175.620,14.440,59.700,79.380,-,17.891,76.409,16.580,-,0.430,32.145,-,85.830,-,558.425,-,181.880,740.305,75.43
2022,056057,Lazio,Viterbo,VETRALLA,13279,Comune,1317.100,47.140,669.768,599.830,122.270,41.370,469.560,70.510,49.970,8.662,49.150,218.560,52.340,2.920,3719.150,-,872.630,4591.780,81.00
2022,056058,Lazio,Viterbo,VIGNANELLO,4279,Comune,397.227,33.684,150.525,145.193,47.719,22.159,114.871,20.667,15.850,3.223,35.622,59.897,26.682,19.494,1092.812,-,452.950,1545.762,70.70
2022,056046,Lazio,Viterbo,VILLA SAN GIOVANNI IN TUSCIA,1196,Comune,62.460,-,39.510,50.900,20.840,6.220,38.160,6.060,-,1.000,-,-,11.740,-,236.890,-,88.740,325.630,72.75
2022,056059,Lazio,Viterbo,VITERBO,65949,Comune,4308.849,65.700,3411.860,3614.288,342.990,297.180,681.089,180.687,215.740,21.048,-,1223.870,401.560,263.562,15028.424,-,11920.760,26949.184,55.77
2022,056060,Lazio,Viterbo,VITORCHIANO,5256,Comune,431.100,44.840,193.100,302.631,34.260,24.764,64.716,13.095,4.070,1.792,-,87.080,34.040,26.009,1261.497,-,349.380,1610.877,78.31
2023,060001,Lazio,Frosinone,ACQUAFONDATA,258,Aggregazione: XIV COMUNITA' VALLE DI COMINO,73.200,-,97.120,121.168,0.358,6.656,62.923,3.514,-,0.087,-,-,7.401,3.512,375.939,2.000,1079.984,1457.923,25.79
2023,060002,Lazio,Frosinone,ACUTO,1820,Comune,191.400,-,54.520,-,-,11.425,154.295,7.955,11.540,0.090,-,-,48.100,-,479.325,-,166.360,645.685,74.24
2023,060003,Lazio,Frosinone,ALATRI,27639,Comune,2685.920,342.140,1185.330,1728.106,-,107.120,363.377,135.655,77.520,16.405,104.860,66.040,767.520,150.357,7730.350,-,2951.241,10681.591,72.37
2023,060004,Lazio,Frosinone,ALVITO,2483,Aggregazione: Unione Comuni 'Val Comino',526.540,-,237.130,367.290,9.550,13.140,182.700,28.504,-,0.215,-,3.270,70.460,94.220,1533.019,-,889.820,2422.839,63.27
2023,060005,Lazio,Frosinone,AMASENO,4087,Comune,300.780,-,174.530,277.882,-,16.354,59.304,18.365,-,0.020,-,-,23.130,23.080,893.445,-,392.160,1285.605,69.50
2023,060006,Lazio,Frosinone,ANAGNI,20635,Comune,1706.960,4.580,795.236,1106.674,0.610,74.896,269.571,34.680,43.480,0.100,16.500,-,246.420,116.707,4416.414,-,2965.300,7381.714,59.83
2023,060007,Lazio,Frosinone,AQUINO,4908,Comune,488.440,18.240,141.240,255.539,-,14.158,51.325,-,14.040,-,-,-,50.400,19.998,1053.380,-,574.100,1627.480,64.73
2023,060008,Lazio,Frosinone,ARCE,5387,Comune,292.800,28.720,251.253,362.165,0.193,34.740,85.015,-,-,-,-,8.440,-,36.806,1100.131,128.950,539.120,1768.201,62.22
2023,060009,Lazio,Frosinone,ARNARA,2202,Comune,138.800,-,48.740,107.585,-,6.376,23.113,7.260,-,-,-,-,20.330,9.006,361.210,-,195.960,557.170,64.83
2023,060010,Lazio,Frosinone,ARPINO,6619,Comune,545.320,-,215.640,263.640,-,46.299,114.387,30.605,1.400,2.480,-,-,54.880,112.324,1386.975,-,604.080,1991.055,69.66
2023,060011,Lazio,Frosinone,ATINA,4125,Comune,294.480,17.300,309.350,232.770,-,30.071,140.956,15.100,-,0.710,-,-,29.260,50.763,1120.760,-,491.940,1612.700,69.50
2023,060012,Lazio,Frosinone,AUSONIA,2395,Comune,335.180,-,97.080,119.674,-,5.898,21.379,4.680,11.900,0.080,-,-,34.730,8.330,638.930,-,285.500,924.430,69.12
2023,060013,Lazio,Frosinone,BELMONTE CASTELLO,677,Vedi aggregazione: XIV COMUNITA' VALLE DI COMINO,-,-,-,-,-,-,-,-,-,-,-,-,-,-,-,-,-,-,-
2023,060014,Lazio,Frosinone,BOVILLE ERNICA,8301,Comune,805.200,13.950,183.520,393.246,-,21.440,77.720,23.120,-,0.170,-,-,44.410,30.284,1593.060,-,1110.660,2703.720,58.92
2023,060015,Lazio,Frosinone,BROCCOSTELLA,2638,Comune,165.900,18.480,87.290,239.588,4.090,4.492,5.520,7.201,4.440,0.800,9.130,-,8.220,-,555.151,-,380.960,936.111,59.30
2023,060016,Lazio,Frosinone,CAMPOLI APPENNINO,1612,Comune,66.820,-,33.150,102.763,-,4.486,16.264,1.680,-,0.180,-,-,5.830,6.337,237.510,-,122.400,359.910,65.99
2023,060017,Lazio,Frosinone,CASALATTICO,524,Comune,-,-,11.870,34.109,0.450,1.721,5.260,1.760,-,-,-,-,-,2.049,57.220,3.320,49.860,110.400,51.83
2023,060018,Lazio,Frosinone,CASALVIERI,2442,Comune,-,-,71.690,152.171,9.110,7.838,27.455,10.160,3.110,-,-,-,13.920,10.506,305.960,-,365.160,671.120,45.59
2023,060019,Lazio,Frosinone,CASSINO,35039,Comune,4359.340,127.670,2760.561,1943.694,95.460,23.600,14.820,47.361,92.340,1.360,194.600,477.720,500.800,4.070,10643.396,-,5798.320,16441.716,64.73
2023,060020,Lazio,Frosinone,CASTELLIRI,3173,Comune,382.320,-,130.970,132.240,-,-,136.740,6.160,13.340,0.508,2.900,-,17.140,-,822.318,-,294.240,1116.558,73.65
2023,060021,Lazio,Frosinone,CASTELNUOVO PARANO,845,Comune,94.800,-,40.780,55.991,-,3.118,11.303,1.230,-,-,-,-,11.230,4.408,222.860,-,57.260,280.120,79.56
2023,060023,Lazio,Frosinone,CASTRO DEI VOLSCI,4423,Comune,303.620,-,148.564,253.216,0.128,15.669,56.397,12.825,5.050,-,-,-,30.930,24.416,850.816,-,383.060,1233.876,68.96
2023,060022,Lazio,Frosinone,CASTROCIELO,3780,Comune,58.020,-,136.840,240.559,-,18.972,43.999,9.566,11.285,0.440,-,-,23.775,17.145,560.601,-,776.600,1337.201,41.92
2023,060024,Lazio,Frosinone,CECCANO,22215,Comune,1730.860,189.900,795.800,1543.236,41.320,130.095,-,35.080,39.200,3.763,91.580,4.630,207.720,110.439,4923.623,-,2728.760,7652.383,64.34
2023,060025,Lazio,Frosinone,CEPRANO,8031,Comune,798.680,38.950,347.320,319.660,7.310,70.500,158.071,44.560,34.920,1.045,-,28.110,120.350,157.119,2126.595,-,772.900,2899.495,73.34
2023,060026,Lazio,Frosinone,CERVARO,7785,Comune,631.380,10.000,217.800,406.631,-,18.307,66.365,16.340,4.720,0.830,-,-,111.180,28.078,1511.630,-,1023.760,2535.390,59.62
2023,060027,Lazio,Frosinone,COLFELICE,1782,Comune,95.840,-,49.600,61.020,-,10.697,24.960,1.340,5.390,-,-,-,10.630,27.483,286.960,-,258.500,545.460,52.61
2023,060029,Lazio,Frosinone,COLLE SAN MAGNO,616,Comune,57.180,-,12.840,27.626,-,1.393,5.052,-,3.560,-,-,-,9.800,1.969,119.420,-,45.340,164.760,72.48
2023,060028,Lazio,Frosinone,COLLEPARDO,883,Comune,71.660,-,16.420,35.812,-,1.986,7.198,1.720,1.950,0.545,-,-,14.800,2.803,154.895,-,70.840,225.735,68.62
2023,060030,Lazio,Frosinone,CORENO AUSONIO,1517,Comune,116.840,2.100,50.130,56.550,-,5.530,46.490,3.640,9.680,0.676,0.100,-,30.500,-,322.236,-,96.580,418.816,76.94
2023,060031,Lazio,Frosinone,ESPERIA,3557,Comune,415.620,-,80.360,179.566,-,9.953,36.082,6.850,14.240,1.590,-,-,33.930,14.060,792.250,-,433.460,1225.710,64.64
2023,060032,Lazio,Frosinone,FALVATERRA,513,Comune,44.860,-,13.260,29.372,-,1.562,5.661,4.250,-,0.190,-,-,12.030,2.206,113.390,-,66.000,179.390,63.21
2023,060033,Lazio,Frosinone,FERENTINO,20068,Comune,1834.600,91.680,948.280,1257.249,11.440,81.328,279.684,72.360,50.940,10.891,70.080,40.860,312.680,108.409,5170.481,-,2606.260,7776.741,66.49
2023,060034,Lazio,Frosinone,FILETTINO,535,Comune,22.020,-,26.334,45.148,-,1.132,4.104,4.375,-,-,-,-,18.820,1.599,123.532,-,224.800,348.332,35.46
2023,060035,Lazio,Frosinone,FIUGGI,10102,Comune,1130.860,68.150,495.950,500.768,-,47.194,290.277,61.375,-,0.300,151.530,238.160,341.470,54.184,3380.218,-,1836.500,5216.718,64.80
2023,060036,Lazio,Frosinone,FONTANA LIRI,2683,Comune,162.840,-,73.460,74.860,-,13.792,30.648,4.940,-,-,-,-,19.360,32.180,412.080,-,360.320,772.400,53.35
2023,060037,Lazio,Frosinone,FONTECHIARI,1222,Comune,39.360,-,20.874,41.481,0.114,2.893,10.531,0.570,-,0.150,-,-,2.380,4.507,122.860,-,172.040,294.900,41.66
2023,060038,Lazio,Frosinone,FROSINONE,43454,Comune,5002.380,697.500,3145.530,2968.908,421.520,217.607,771.878,172.995,147.940,22.902,151.360,405.520,342.850,269.447,14738.337,-,6510.200,21248.537,69.36
2023,060039,Lazio,Frosinone,FUMONE,1947,Comune,162.270,-,47.143,111.615,0.037,20.193,16.171,10.720,-,-,-,-,23.240,7.001,398.390,-,170.160,568.550,70.07
2023,060040,Lazio,Frosinone,GALLINARO,1182,Vedi aggregazione: Unione Comuni 'Val Comino',-,-,-,-,-,-,-,-,-,-,-,-,-,-,-,-,-,-,-
2023,060041,Lazio,Frosinone,GIULIANO DI ROMA,2294,Comune,242.440,-,73.720,135.353,-,11.190,40.568,7.480,6.960,0.320,-,-,21.000,15.809,554.840,-,190.750,745.590,74.42
2023,060042,Lazio,Frosinone,GUARCINO,1504,Comune,126.920,-,-,139.863,-,10.163,36.832,-,-,-,-,-,9.440,14.767,337.985,-,241.640,579.625,58.31
2023,060043,Lazio,Frosinone,ISOLA DEL LIRI,10644,Comune,1074.580,94.380,541.975,739.832,-,41.592,156.496,40.325,85.600,2.500,-,-,128.990,51.530,2957.800,-,1237.800,4195.600,70.50
2023,060044,Lazio,Frosinone,MONTE SAN GIOVANNI CAMPANO,11982,Comune,1090.380,-,425.520,677.186,-,38.774,141.477,50.645,-,0.750,-,-,137.160,54.769,2616.661,-,1265.640,3882.301,67.40
2023,060045,Lazio,Frosinone,MOROLO,3156,Comune,186.600,-,96.400,257.666,-,9.556,34.641,7.360,-,-,-,-,29.240,13.497,634.960,-,457.420,1092.380,58.13
2023,060046,Lazio,Frosinone,PALIANO,7880,Comune,621.160,2.210,353.760,453.344,9.640,33.445,93.811,42.985,-,8.671,30.060,31.650,113.720,36.552,1831.007,-,731.420,2562.427,71.46
2023,060047,Lazio,Frosinone,PASTENA,1263,Comune,-,-,11.500,39.260,-,5.753,19.667,-,-,-,-,-,-,-,76.180,1.750,320.520,398.450,19.12
2023,060048,Lazio,Frosinone,PATRICA,3064,Comune,352.860,12.320,173.420,246.734,-,15.525,56.281,-,2.000,2.357,10.080,-,68.973,21.930,962.480,-,315.120,1277.600,75.34
2023,060049,Lazio,Frosinone,PESCOSOLIDO,1401,Comune,60.900,-,58.230,60.900,-,-,-,-,-,-,-,-,-,-,180.030,-,148.540,328.570,54.79
2023,060050,Lazio,Frosinone,PICINISCO,1098,Vedi aggregazione: XIV COMUNITA' VALLE DI COMINO,-,-,-,-,-,-,-,-,-,-,-,-,-,-,-,-,-,-,-
2023,060051,Lazio,Frosinone,PICO,2621,Comune,158.440,-,62.020,102.948,-,5.170,18.740,4.200,-,1.060,-,-,11.270,7.302,371.150,-,328.700,699.850,53.03
2023,060052,Lazio,Frosinone,PIEDIMONTE SAN GERMANO,6304,Comune,524.460,8.160,262.680,332.638,-,19.955,68.713,-,17.060,-,-,-,102.040,26.774,1362.480,-,1104.480,2466.960,55.23
2023,060053,Lazio,Frosinone,PIGLIO,4326,Comune,480.970,4.910,133.698,147.248,-,24.437,138.477,9.640,2.340,0.545,-,9.580,33.092,-,984.937,-,336.880,1321.817,74.51
2023,060054,Lazio,Frosinone,PIGNATARO INTERAMNA,2429,Comune,143.660,-,90.180,127.954,-,6.240,22.624,-,-,0.040,-,-,21.560,8.823,421.080,-,425.060,846.140,49.77
2023,060055,Lazio,Frosinone,POFI,3873,Comune,-,-,105.680,133.070,-,14.710,132.390,9.818,1.400,0.243,-,-,41.970,-,439.281,-,618.740,1058.021,41.52
2023,060056,Lazio,Frosinone,PONTECORVO,12198,Comune,675.280,-,324.280,503.202,-,27.487,99.846,2.990,-,0.395,-,-,24.780,39.965,1698.225,-,1503.780,3202.005,53.04
2023,060057,Lazio,Frosinone,POSTA FIBRENO,1021,Comune,52.470,-,-,58.260,0.033,-,0.049,0.028,2.410,-,-,-,-,-,113.250,28.340,197.120,338.710,33.44
2023,060058,Lazio,Frosinone,RIPI,5028,Comune,387.480,7.690,209.180,289.858,-,17.963,65.118,10.020,7.700,-,-,-,45.740,25.372,1066.120,-,534.550,1600.670,66.61
2023,060059,Lazio,Frosinone,ROCCA D'ARCE,873,Comune,60.620,-,21.730,30.840,-,-,28.440,4.350,-,-,-,-,11.490,-,157.470,-,80.098,237.568,66.28
2023,060060,Lazio,Frosinone,ROCCASECCA,6760,Comune,563.680,-,232.300,221.720,-,44.000,102.000,5.985,-,0.130,-,4.750,41.170,110.060,1325.795,-,878.120,2203.915,60.16
2023,060061,Lazio,Frosinone,SAN BIAGIO SARACINISCO,294,Vedi aggregazione: XIV COMUNITA' VALLE DI COMINO,-,-,-,-,-,-,-,-,-,-,-,-,-,-,-,-,-,-,-
2023,060062,Lazio,Frosinone,SAN DONATO VAL DI COMINO,1860,Vedi aggregazione: Unione Comuni 'Val Comino',-,-,-,-,-,-,-,-,-,-,-,-,-,-,-,-,-,-,-
2023,060063,Lazio,Frosinone,SAN GIORGIO A LIRI,2972,Comune,493.060,16.570,182.800,390.162,-,-,0.180,4.380,16.000,0.650,-,7.750,46.220,53.218,1210.990,-,477.660,1688.650,71.71
2023,060064,Lazio,Frosinone,SAN GIOVANNI INCARICO,3052,Comune,278.820,-,74.600,148.587,-,7.517,27.249,10.860,8.180,-,-,-,22.270,10.617,588.700,-,399.120,987.820,59.60
2023,060070,Lazio,Frosinone,SAN VITTORE DEL LAZIO,2353,Comune,167.300,19.300,75.440,123.924,-,5.239,18.997,8.575,1.850,1.940,-,-,52.140,8.720,483.425,-,355.200,838.625,57.65
2023,060065,Lazio,Frosinone,SANT'AMBROGIO SUL GARIGLIANO,872,Comune,69.760,-,31.840,34.480,-,7.723,30.557,2.080,2.947,-,-,-,12.240,-,191.627,-,34.060,225.687,84.91
2023,060066,Lazio,Frosinone,SANT'ANDREA DEL GARIGLIANO,1272,Comune,59.900,-,42.060,-,-,-,-,2.570,-,-,-,-,-,6.580,111.110,12.730,73.830,197.670,56.21
2023,060067,Lazio,Frosinone,SANT'APOLLINARE,1813,Comune,56.070,-,23.419,72.534,0.129,0.220,0.900,1.900,-,-,-,-,12.220,0.287,167.678,-,206.590,374.268,44.80
2023,060068,Lazio,Frosinone,SANT'ELIA FIUMERAPIDO,5658,Comune,404.660,35.080,181.360,314.458,-,15.092,54.712,12.030,36.410,0.454,28.140,4.820,81.420,22.358,1190.994,-,790.900,1981.894,60.09
2023,060069,Lazio,Frosinone,SANTOPADRE,1168,Comune,-,-,-,33.300,-,-,-,4.300,0.900,-,-,-,42.330,-,80.830,-,307.380,388.210,20.82
2023,060071,Lazio,Frosinone,SERRONE,2955,Comune,215.000,-,92.550,68.022,-,20.185,112.806,17.645,1.280,1.369,44.325,-,80.280,14.867,668.329,-,292.480,960.809,69.56
2023,060072,Lazio,Frosinone,SETTEFRATI,717,Vedi aggregazione: Unione Comuni 'Val Comino',-,-,-,-,-,-,-,-,-,-,-,-,-,-,-,-,-,-,-
2023,060073,Lazio,Frosinone,SGURGOLA,2367,Comune,164.660,-,36.810,78.340,-,9.313,60.538,6.690,-,-,-,5.260,15.100,-,376.711,-,222.320,599.031,62.89
2023,060074,Lazio,Frosinone,SORA,24825,Comune,2111.040,988.900,1503.198,1317.254,406.864,109.017,392.782,177.085,162.290,5.906,177.390,-,2.720,107.918,7462.365,-,4367.960,11830.325,63.08
2023,060075,Lazio,Frosinone,STRANGOLAGALLI,2277,Comune,65.380,-,103.040,138.158,-,9.237,33.487,4.120,3.440,0.244,-,9.600,7.650,13.048,387.404,-,279.740,667.144,58.07
2023,060076,Lazio,Frosinone,SUPINO,4590,Comune,331.720,-,146.790,299.112,-,13.891,50.357,8.842,9.950,-,-,-,28.060,19.621,908.342,-,480.580,1388.922,65.40
2023,060077,Lazio,Frosinone,TERELLE,287,Vedi aggregazione: XIV COMUNITA' VALLE DI COMINO,-,-,-,-,-,-,-,-,-,-,-,-,-,-,-,-,-,-,-
2023,060078,Lazio,Frosinone,TORRE CAJETANI,1301,Comune,61.460,-,14.838,40.445,-,1.108,25.857,2.080,12.700,0.105,-,-,-,9.973,168.566,10.775,206.820,386.161,43.65
2023,060079,Lazio,Frosinone,TORRICE,4679,Comune,382.340,-,155.630,161.870,-,-,201.530,0.160,-,0.290,-,-,35.320,-,937.140,-,388.140,1325.280,70.71
2023,060080,Lazio,Frosinone,TREVI NEL LAZIO,1728,Comune,184.670,-,81.580,-,-,14.361,76.367,2.716,-,0.080,-,-,17.950,38.459,416.184,-,235.040,651.224,63.91
2023,060081,Lazio,Frosinone,TRIVIGLIANO,1609,Comune,92.340,-,28.680,84.353,-,3.616,13.108,1.530,7.080,0.110,-,-,11.195,5.107,247.119,-,156.620,403.739,61.21
2023,060082,Lazio,Frosinone,VALLECORSA,2401,Comune,175.200,-,68.990,148.165,-,8.464,30.649,6.480,-,-,-,-,29.950,11.941,479.840,-,107.940,587.780,81.64
2023,060083,Lazio,Frosinone,VALLEMAIO,894,Comune,-,-,12.060,30.280,-,2.354,21.186,2.590,1.000,-,-,-,11.850,-,81.320,-,97.780,179.100,45.41
2023,060084,Lazio,Frosinone,VALLEROTONDA,1386,Comune,-,-,-,-,-,-,-,4.380,1.080,-,-,-,-,-,5.460,33.480,589.920,628.860,0.87
2023,060085,Lazio,Frosinone,VEROLI,19532,Comune,1156.110,42.510,656.510,1234.118,-,61.353,222.407,54.191,-,3.403,18.200,65.420,193.800,86.662,3794.684,-,3203.460,6998.144,54.22
2023,060086,Lazio,Frosinone,VICALVI,722,Vedi aggregazione: Unione Comuni 'Val Comino',-,-,-,-,-,-,-,-,-,-,-,-,-,-,-,-,-,-,-
2023,060087,Lazio,Frosinone,VICO NEL LAZIO,2072,Comune,160.040,-,50.510,130.825,-,7.081,25.671,3.680,5.080,-,-,-,11.580,10.002,404.470,-,143.280,547.750,73.84
2023,060088,Lazio,Frosinone,VILLA LATINA,1141,Vedi aggregazione: XIV COMUNITA' VALLE DI COMINO,-,-,-,-,-,-,-,-,-,-,-,-,-,-,-,-,-,-,-
2023,060089,Lazio,Frosinone,VILLA SANTA LUCIA,2477,Comune,251.320,-,67.700,149.702,-,8.056,29.203,-,10.460,-,-,-,39.040,11.379,566.860,-,378.080,944.940,59.99
2023,060090,Lazio,Frosinone,VILLA SANTO STEFANO,1595,Comune,85.280,-,36.030,116.614,-,5.761,20.886,-,3.775,0.125,-,-,-,8.138,276.610,-,163.210,439.820,62.89
2023,060091,Lazio,Frosinone,VITICUSO,296,Vedi aggregazione: XIV COMUNITA' VALLE DI COMINO,-,-,-,-,-,-,-,-,-,-,-,-,-,-,-,-,-,-,-
2023,059001,Lazio,Latina,APRILIA,74572,Comune,6929.390,1406.770,3245.240,4005.887,733.800,433.541,972.763,356.005,110.140,80.657,563.850,491.200,662.800,374.469,20366.512,-,9588.130,29954.642,67.99
2023,059002,Lazio,Latina,BASSIANO,1430,Comune,112.300,32.000,60.940,86.726,-,13.417,48.646,8.820,-,0.120,-,-,50.420,18.971,432.360,-,172.800,605.160,71.45
2023,059003,Lazio,Latina,CAMPODIMELE,564,Comune,43.490,-,15.880,32.278,-,1.593,5.776,-,0.990,-,-,-,19.250,2.253,121.510,-,48.500,170.010,71.47
2023,059004,Lazio,Latina,CASTELFORTE,4073,Comune,450.360,290.320,171.440,176.280,-,-,116.900,-,-,1.381,-,-,76.110,-,1282.791,-,481.640,1764.431,72.70
2023,059005,Lazio,Latina,CISTERNA DI LATINA,36168,Comune,1521.520,1225.590,1000.640,655.835,278.820,189.794,403.118,104.510,172.450,9.980,4.020,239.860,105.250,413.972,6325.360,-,10396.540,16721.900,37.83
2023,059006,Lazio,Latina,CORI,10461,Comune,1017.560,21.460,279.780,253.580,-,69.580,247.220,58.135,17.240,3.485,37.780,94.840,399.020,-,2499.680,-,1084.460,3584.140,69.74
2023,059007,Lazio,Latina,FONDI,39709,Comune,6429.760,1480.140,2101.880,2755.900,255.640,225.879,621.433,176.393,174.100,16.335,323.580,186.120,1686.380,242.348,16675.888,-,3523.080,20198.968,82.56
2023,059008,Lazio,Latina,FORMIA,36937,Comune,4378.860,821.700,2076.005,2193.189,546.020,146.378,427.335,118.240,57.600,30.721,308.480,419.600,492.870,157.298,12174.296,-,5576.120,17750.416,68.59
2023,059009,Lazio,Latina,GAETA,19332,Comune,2721.680,222.130,1139.020,677.560,149.880,262.480,1362.660,71.210,59.300,13.970,169.600,242.180,487.040,1.200,7579.910,-,3460.360,11040.270,68.66
2023,059010,Lazio,Latina,ITRI,10425,Comune,1560.310,105.150,538.500,458.780,325.240,137.980,301.040,43.380,31.320,8.270,156.375,35.460,280.900,-,3982.705,-,1075.460,5058.165,78.74
2023,059011,Lazio,Latina,LATINA,127486,Comune,9305.710,2821.340,5350.840,5995.464,1733.740,587.619,1571.288,593.655,129.630,108.788,1371.600,1341.510,758.340,585.434,32254.958,-,29146.480,61401.438,52.53
2023,059012,Lazio,Latina,LENOLA,4066,Comune,489.160,-,120.820,173.500,46.370,27.980,102.320,20.500,10.250,0.520,-,-,33.620,-,1025.040,-,427.380,1452.420,70.58
2023,059013,Lazio,Latina,MAENZA,2929,Comune,304.580,-,70.280,113.380,19.000,26.800,98.500,11.340,5.440,-,-,-,31.080,-,680.400,-,219.180,899.580,75.64
2023,059014,Lazio,Latina,MINTURNO,20276,Comune,2406.580,446.780,772.300,913.851,181.800,174.039,512.589,100.880,102.760,14.095,259.890,125.997,795.200,209.041,7015.802,-,3265.303,10281.105,68.24
2023,059015,Lazio,Latina,MONTE SAN BIAGIO,6053,Comune,546.940,63.500,225.900,146.694,47.300,30.095,247.962,23.900,0.400,0.250,-,-,34.580,32.089,1399.610,-,777.680,2177.290,64.28
2023,059016,Lazio,Latina,NORMA,3669,Comune,309.720,57.390,-,264.583,-,40.933,148.408,18.295,3.400,-,21.220,-,232.460,57.876,1154.285,-,254.200,1408.485,81.95
2023,059017,Lazio,Latina,PONTINIA,15075,Comune,1135.020,133.750,843.420,694.519,138.560,183.013,306.133,57.070,65.270,4.600,77.660,193.000,138.360,368.574,4338.950,-,2624.120,6963.070,62.31
2023,059018,Lazio,Latina,PONZA,3287,Comune,-,-,73.400,16.460,-,2.546,9.233,16.060,-,4.500,-,-,158.920,3.601,284.720,-,2435.640,2720.360,10.47
2023,059019,Lazio,Latina,PRIVERNO,13794,Comune,1479.560,18.380,944.580,644.176,0.480,67.393,258.842,42.250,17.800,2.140,17.280,72.760,-,96.349,3661.990,328.900,1462.300,5453.190,67.15
2023,059020,Lazio,Latina,PROSSEDI,1146,Comune,143.320,-,51.360,80.791,-,12.499,45.317,9.210,4.630,0.080,-,-,52.420,17.673,417.300,-,111.160,528.460,78.97
2023,059022,Lazio,Latina,ROCCA MASSIMA,1081,Comune,74.460,-,42.940,66.358,-,10.266,37.221,2.950,3.200,0.320,-,-,33.170,14.515,285.400,-,142.600,428.000,66.68
2023,059021,Lazio,Latina,ROCCAGORGA,4150,Comune,341.380,6.220,91.480,76.066,22.220,11.768,153.806,11.028,1.100,-,19.760,-,23.420,16.639,774.888,-,342.980,1117.868,69.32
2023,059023,Lazio,Latina,ROCCASECCA DEI VOLSCI,1049,Comune,58.700,-,18.480,57.828,-,2.535,9.192,2.230,-,0.080,-,-,18.380,3.585,171.010,-,150.160,321.170,53.25
2023,059024,Lazio,Latina,SABAUDIA,19415,Comune,2784.660,412.040,917.480,753.233,-,205.504,1190.011,26.430,0.700,9.196,-,199.220,1657.200,240.832,8396.506,-,2782.430,11178.936,75.11
2023,059025,Lazio,Latina,SAN FELICE CIRCEO,10171,Comune,1549.440,3278.140,604.900,853.914,-,92.037,333.694,73.780,48.610,8.760,152.565,141.560,2271.620,131.495,9540.515,-,2120.180,11660.695,81.82
2023,059026,Lazio,Latina,SANTI COSMA E DAMIANO,6841,Comune,809.700,43.520,351.000,267.250,-,28.500,268.850,14.060,28.740,1.910,2.750,14.160,157.450,0.240,1988.130,-,788.600,2776.730,71.60
2023,059027,Lazio,Latina,SERMONETA,9971,Comune,1372.700,207.090,532.540,576.706,53.542,-,57.909,46.805,20.210,3.359,50.640,70.500,261.680,150.262,3403.944,-,1136.460,4540.404,74.97
2023,059028,Lazio,Latina,SEZZE,23735,Comune,1368.180,39.220,610.620,776.580,-,74.280,405.520,41.560,37.610,0.400,83.880,-,261.980,1.380,3701.210,-,4859.660,8560.870,43.23
2023,059029,Lazio,Latina,SONNINO,7367,Comune,550.640,34.960,124.240,440.857,62.720,25.254,91.561,27.180,-,0.240,-,-,287.260,35.707,1680.620,-,1130.860,2811.480,59.78
2023,059030,Lazio,Latina,SPERLONGA,3041,Comune,759.440,43.120,265.680,557.547,-,20.020,72.586,-,-,-,-,11.940,110.980,28.307,1869.620,-,672.740,2542.360,73.54
2023,059031,Lazio,Latina,SPIGNO SATURNIA,2869,Comune,240.220,-,103.930,115.440,-,10.415,109.360,6.150,21.130,1.057,0.560,-,39.460,-,647.722,-,204.120,851.842,76.04
2023,059032,Lazio,Latina,TERRACINA,44651,Comune,6510.680,832.320,2244.340,3315.009,633.640,277.765,747.553,281.150,99.680,25.394,108.600,381.880,1467.920,296.793,17222.724,-,6739.620,23962.344,71.87
2023,059033,Lazio,Latina,VENTOTENE,692,Comune,77.530,-,29.680,49.610,4.400,-,34.600,7.820,-,-,-,-,73.730,-,277.370,-,418.700,696.070,39.85
2023,057001,Lazio,Rieti,ACCUMOLI,516,Comune,-,-,12.420,-,-,-,-,0.665,-,0.090,-,-,2.600,-,15.775,-,351.460,367.235,4.30
2023,057002,Lazio,Rieti,AMATRICE,2215,Comune,-,-,-,-,-,-,-,1.435,1.720,-,-,-,4.400,-,7.555,-,984.160,991.715,0.76
2023,057003,Lazio,Rieti,ANTRODOCO,2306,Comune,199.771,-,62.290,94.240,-,5.482,19.870,5.350,-,-,-,-,12.640,7.742,407.386,-,293.935,701.321,58.09
2023,057004,Lazio,Rieti,ASCREA,205,Comune,8.690,-,5.230,12.203,-,1.092,3.958,1.075,-,-,-,-,7.640,0.772,40.660,-,29.480,70.140,57.97
2023,057005,Lazio,Rieti,BELMONTE IN SABINA,629,Comune,25.465,-,16.030,31.529,-,3.200,11.598,1.178,-,-,-,-,10.740,2.263,102.003,-,84.790,186.793,54.61
2023,057006,Lazio,Rieti,BORBONA,573,Comune,35.340,-,-,-,-,-,-,4.220,0.960,0.023,-,-,16.180,-,56.723,-,347.360,404.083,14.04
2023,057008,Lazio,Rieti,BORGO VELINO,915,Comune,85.825,-,44.090,44.583,-,4.467,16.191,3.175,3.140,-,-,-,7.930,3.160,212.560,-,125.735,338.295,62.83
2023,057007,Lazio,Rieti,BORGOROSE,4202,Comune,358.160,4.740,173.080,213.080,43.620,29.370,139.830,14.410,54.410,0.740,63.030,-,24.820,25.480,1144.770,-,424.700,1569.470,72.94
2023,057009,Lazio,Rieti,CANTALICE,2456,Comune,190.754,-,56.730,102.453,-,8.447,31.708,6.560,7.460,0.680,-,-,16.695,5.965,427.452,-,272.180,699.632,61.10
2023,057010,Lazio,Rieti,CANTALUPO IN SABINA,1662,Comune,283.640,-,51.373,85.032,-,10.484,32.113,5.915,-,-,-,-,13.690,5.740,487.987,-,156.200,644.187,75.75
2023,057011,Lazio,Rieti,CASAPROTA,670,Aggregazione: Unione 'Alta Sabina',855.396,22.540,268.580,334.337,-,219.842,94.218,47.060,36.345,2.550,-,-,277.560,-,2158.428,-,1027.885,3186.313,67.74
2023,057012,Lazio,Rieti,CASPERIA,1199,Comune,70.140,-,37.520,59.090,-,4.349,15.762,6.665,-,0.030,-,-,24.380,3.071,221.007,-,112.550,333.557,66.26
2023,057013,Lazio,Rieti,CASTEL DI TORA,274,Comune,13.970,-,12.610,29.772,-,2.159,7.827,1.755,-,0.250,-,-,4.870,1.527,74.740,-,48.780,123.520,60.51
2023,057015,Lazio,Rieti,CASTEL SANT'ANGELO,1187,Comune,103.440,-,33.333,54.536,-,6.538,20.026,3.975,3.975,0.480,-,-,-,3.579,229.881,19.650,139.240,388.771,59.13
2023,057014,Lazio,Rieti,CASTELNUOVO DI FARFA,996,Aggregazione: Unione dei Comuni della Valle dell'Olio,251.600,-,96.000,116.750,-,121.761,3.400,21.480,-,0.000,-,-,83.120,-,694.111,-,327.805,1021.916,67.92
2023,057016,Lazio,Rieti,CITTADUCALE,6411,Comune,745.075,16.160,300.020,320.423,18.010,32.170,124.910,18.205,-,0.250,-,40.020,56.210,22.703,1694.156,-,844.600,2538.756,66.73
2023,057017,Lazio,Rieti,CITTAREALE,395,Comune,-,-,-,7.460,-,-,-,3.900,-,-,-,-,14.200,-,25.560,-,201.980,227.540,11.23
2023,057018,Lazio,Rieti,COLLALTO SABINO,382,Comune,48.790,-,13.550,21.540,-,-,22.760,2.570,-,-,-,-,4.770,-,113.980,-,62.790,176.770,64.48
2023,057019,Lazio,Rieti,COLLE DI TORA,371,Comune,15.110,-,11.660,24.475,-,2.182,7.909,2.010,-,-,-,-,16.280,1.541,81.166,-,66.970,148.136,54.79
2023,057020,Lazio,Rieti,COLLEGIOVE,123,Comune,5.220,-,2.530,6.822,-,0.479,1.735,1.420,-,-,-,-,6.260,0.339,24.805,-,18.650,43.455,57.08
2023,057021,Lazio,Rieti,COLLEVECCHIO,1593,Comune,417.320,-,58.260,68.230,12.520,21.360,48.700,3.990,6.940,2.405,-,-,7.980,-,647.705,-,106.590,754.295,85.87
2023,057022,Lazio,Rieti,COLLI SUL VELINO,455,Comune,33.215,-,16.120,17.645,-,13.883,13.507,1.805,-,-,-,-,4.435,-,100.610,-,44.170,144.780,69.49
2023,057023,Lazio,Rieti,CONCERVIANO,278,Comune,-,-,1.720,5.895,-,0.376,1.363,-,-,-,-,-,9.540,0.266,19.160,-,128.060,147.220,13.02
2023,057024,Lazio,Rieti,CONFIGNI,574,Comune,32.155,-,18.280,26.700,-,2.482,8.997,2.283,-,0.010,-,-,7.910,1.753,100.569,-,51.650,152.219,66.07
2023,057025,Lazio,Rieti,CONTIGLIANO,3673,Comune,233.166,48.520,123.410,150.670,-,28.814,55.563,28.010,0.800,0.002,-,-,156.930,9.612,835.498,-,378.260,1213.758,68.84
2023,057026,Lazio,Rieti,COTTANELLO,526,Comune,25.065,-,13.420,20.259,-,2.064,7.481,2.463,-,-,-,-,7.070,1.457,79.279,-,58.320,137.599,57.62
2023,057027,Lazio,Rieti,FARA IN SABINA,13853,Comune,1056.220,56.000,536.570,671.540,124.060,76.731,219.685,68.995,69.250,6.420,55.960,51.790,145.480,42.769,3181.470,-,2136.475,5317.945,59.83
2023,057028,Lazio,Rieti,FIAMIGNANO,1170,Comune,90.975,-,27.937,76.969,-,6.934,21.240,7.075,-,-,-,-,20.410,3.796,255.336,-,156.280,411.616,62.03
2023,057029,Lazio,Rieti,FORANO,3259,Comune,331.590,-,114.787,165.715,-,16.230,49.715,8.050,-,0.050,-,-,15.230,8.886,710.253,-,284.890,995.143,71.37
2023,057030,Lazio,Rieti,FRASSO SABINO,771,Comune,70.903,-,24.980,26.315,-,17.367,7.443,3.273,0.500,0.230,-,-,7.610,-,158.621,-,72.460,231.081,68.64
2023,057031,Lazio,Rieti,GRECCIO,1464,Comune,165.490,-,0.750,65.800,-,25.566,53.872,2.870,2.310,0.220,-,-,10.335,0.294,327.506,-,200.215,527.721,62.06
2023,057032,Lazio,Rieti,LABRO,354,Comune,29.375,-,12.090,25.584,-,2.126,7.705,0.550,-,0.180,-,-,3.550,1.501,82.661,-,55.760,138.421,59.72
2023,057033,Lazio,Rieti,LEONESSA,2085,Comune,-,7.680,27.580,6.940,30.240,-,-,10.535,4.380,0.100,14.720,14.933,16.760,-,133.868,-,1141.060,1274.928,10.50
2023,057034,Lazio,Rieti,LONGONE SABINO,517,Comune,25.635,-,10.905,28.009,-,3.943,12.078,3.890,-,-,-,-,6.180,2.159,92.799,-,38.480,131.279,70.69
2023,057035,Lazio,Rieti,MAGLIANO SABINA,3443,Comune,458.750,19.750,229.268,149.020,138.760,62.800,139.200,56.960,25.720,5.895,51.645,0.460,143.720,0.720,1482.668,-,312.260,1794.928,82.60
2023,057036,Lazio,Rieti,MARCETELLI,57,Comune,-,-,-,-,-,-,-,0.176,0.760,-,-,-,-,-,0.936,-,27.360,28.296,3.31
2023,057037,Lazio,Rieti,MICIGLIANO,112,Comune,-,-,-,-,-,-,-,2.080,-,-,-,-,-,0.560,2.640,8.460,70.320,81.420,3.24
2023,057038,Lazio,Rieti,MOMPEO,518,Comune,85.588,1.219,14.530,18.128,-,-,16.991,1.893,1.720,0.018,-,-,14.761,-,154.848,-,45.045,199.893,77.47
2023,057039,Lazio,Rieti,MONTASOLA,396,Comune,23.210,-,12.387,17.625,-,2.162,6.622,2.035,-,0.030,-,-,6.970,1.184,72.225,-,46.710,118.935,60.73
2023,057043,Lazio,Rieti,MONTE SAN GIOVANNI IN SABINA,650,Comune,-,-,4.040,1.396,-,0.432,4.636,-,-,-,-,-,-,0.305,10.810,-,275.180,285.990,3.78
2023,057040,Lazio,Rieti,MONTEBUONO,801,Comune,44.360,-,28.020,43.362,-,2.617,9.486,3.540,1.830,0.030,-,-,9.270,3.695,146.210,-,101.910,248.120,58.93
2023,057041,Lazio,Rieti,MONTELEONE SABINO,1159,Vedi aggregazione: Unione dei Comuni della Valle dell'Olio,-,-,-,-,-,-,-,-,-,-,-,-,-,-,-,-,-,-,-
2023,057042,Lazio,Rieti,MONTENERO SABINO,267,Vedi aggregazione: Unione 'Alta Sabina',-,-,-,-,-,-,-,-,-,-,-,-,-,-,-,-,-,-,-
2023,057044,Lazio,Rieti,MONTOPOLI DI SABINA,4089,Comune,373.050,-,129.503,157.843,-,21.724,66.541,6.950,-,0.020,-,-,19.720,11.893,787.244,-,353.750,1140.994,69.00
2023,057045,Lazio,Rieti,MORRO REATINO,340,Comune,20.930,-,10.270,11.490,-,-,10.990,1.890,1.100,0.200,-,-,3.685,-,60.555,-,33.430,93.985,64.43
2023,057046,Lazio,Rieti,NESPOLO,199,Comune,13.160,-,6.580,9.770,-,-,9.080,0.370,-,-,-,-,4.040,-,43.000,-,31.060,74.060,58.06
2023,057047,Lazio,Rieti,ORVINIO,392,Vedi aggregazione: Unione 'Alta Sabina',-,-,-,-,-,-,-,-,-,-,-,-,-,-,-,-,-,-,-
2023,057048,Lazio,Rieti,PAGANICO,156,Comune,10.890,-,5.990,14.403,-,1.239,4.491,0.445,-,-,-,-,6.070,0.876,44.405,-,40.380,84.785,52.37
2023,057049,Lazio,Rieti,PESCOROCCHIANO,1827,Comune,147.350,-,41.670,92.500,-,29.145,29.145,8.005,-,-,-,-,18.450,-,366.265,-,250.990,617.255,59.34
2023,057050,Lazio,Rieti,PETRELLA SALTO,1027,Comune,95.165,-,27.710,75.569,-,4.783,17.337,4.120,0.660,0.500,-,-,9.170,3.378,238.392,-,193.890,432.282,55.15
2023,057051,Lazio,Rieti,POGGIO BUSTONE,1968,Comune,147.200,-,60.270,87.949,-,8.304,30.097,1.000,1.490,-,-,-,34.140,5.863,376.313,-,173.160,549.473,68.49
2023,057052,Lazio,Rieti,POGGIO CATINO,1273,Comune,149.015,-,39.250,43.180,-,-,48.950,3.512,3.220,0.030,-,-,15.780,-,302.937,-,134.780,437.717,69.21
2023,057053,Lazio,Rieti,POGGIO MIRTETO,6167,Comune,610.040,-,237.321,310.262,-,32.914,100.820,10.370,-,0.050,-,-,-,18.020,1319.796,36.570,665.050,2021.416,65.29
2023,057054,Lazio,Rieti,POGGIO MOIANO,2827,Vedi aggregazione: Unione 'Alta Sabina',-,-,-,-,-,-,-,-,-,-,-,-,-,-,-,-,-,-,-
2023,057055,Lazio,Rieti,POGGIO NATIVO,2571,Comune,230.145,-,69.310,117.250,-,7.926,28.730,10.244,6.670,0.400,-,-,19.855,5.593,496.123,-,267.045,763.168,65.01
2023,057056,Lazio,Rieti,POGGIO SAN LORENZO,550,Comune,50.490,-,16.500,29.375,-,13.594,5.826,5.319,1.200,0.330,-,-,12.110,-,134.744,-,48.060,182.804,73.71
2023,057057,Lazio,Rieti,POSTA,555,Comune,51.160,-,29.530,54.204,-,3.307,11.986,8.817,1.980,0.001,-,-,12.760,2.335,176.079,-,103.825,279.904,62.91
2023,057058,Lazio,Rieti,POZZAGLIA SABINA,308,Vedi aggregazione: Unione 'Alta Sabina',-,-,-,-,-,-,-,-,-,-,-,-,-,-,-,-,-,-,-
2023,057059,Lazio,Rieti,RIETI,45273,Comune,3144.380,1009.240,2191.790,2015.832,925.140,323.319,445.729,284.840,106.380,28.810,136.260,677.120,446.060,178.151,11913.050,-,10185.960,22099.010,53.91
2023,057060,Lazio,Rieti,RIVODUTRI,1152,Comune,78.840,-,40.160,63.012,-,5.514,19.987,7.235,-,-,-,-,30.515,3.894,249.157,-,116.280,365.437,68.18
2023,057062,Lazio,Rieti,ROCCA SINIBALDA,778,Comune,30.360,-,27.841,46.438,-,5.384,16.492,2.700,-,-,-,-,19.150,2.948,151.314,-,164.845,316.159,47.86
2023,057061,Lazio,Rieti,ROCCANTICA,542,Comune,32.555,-,16.540,23.058,-,1.566,5.675,2.043,-,-,-,-,4.590,2.211,88.238,-,59.660,147.898,59.66
2023,057063,Lazio,Rieti,SALISANO,481,Comune,30.890,-,12.080,21.839,-,1.982,7.185,3.465,-,-,-,-,11.030,1.400,89.871,-,37.610,127.481,70.50
2023,057064,Lazio,Rieti,SCANDRIGLIA,3247,Vedi aggregazione: Unione 'Alta Sabina',-,-,-,-,-,-,-,-,-,-,-,-,-,-,-,-,-,-,-
2023,057065,Lazio,Rieti,SELCI,1144,Comune,61.740,-,28.960,30.590,-,-,37.060,3.645,5.190,-,-,-,9.070,-,176.255,-,102.840,279.095,63.15
2023,057066,Lazio,Rieti,STIMIGLIANO,2192,Comune,200.930,-,84.660,81.060,26.880,12.040,56.180,9.360,-,-,-,-,4.960,-,476.070,-,148.230,624.300,76.26
2023,057067,Lazio,Rieti,TARANO,1386,Comune,146.780,-,41.900,57.642,-,6.243,22.629,4.885,-,0.040,-,-,12.820,4.409,297.347,-,97.030,394.377,75.40
2023,057068,Lazio,Rieti,TOFFIA,1074,Vedi aggregazione: Unione dei Comuni della Valle dell'Olio,-,-,-,-,-,-,-,-,-,-,-,-,-,-,-,-,-,-,-
2023,057070,Lazio,Rieti,TORRI IN SABINA,1223,Comune,86.840,-,27.859,66.132,-,5.327,16.316,5.050,-,0.035,-,-,51.900,2.916,262.376,-,164.410,426.786,61.48
2023,057069,Lazio,Rieti,TORRICELLA IN SABINA,1285,Vedi aggregazione: Unione 'Alta Sabina',-,-,-,-,-,-,-,-,-,-,-,-,-,-,-,-,-,-,-
2023,057071,Lazio,Rieti,TURANIA,237,Comune,11.990,-,5.553,13.282,-,1.504,4.607,-,-,-,-,-,-,0.823,37.760,8.340,37.270,83.370,45.29
2023,057072,Lazio,Rieti,VACONE,234,Comune,15.615,-,8.410,11.877,-,1.299,4.708,1.980,-,-,-,-,7.230,0.917,52.036,-,31.100,83.136,62.59
2023,057073,Lazio,Rieti,VARCO SABINO,161,Comune,-,-,-,9.420,-,-,-,0.600,-,-,-,-,3.080,-,13.100,-,127.985,141.085,9.29
2023,058001,Lazio,Roma,AFFILE,1410,Comune,19.800,-,30.058,13.727,0.004,3.713,27.556,-,-,0.030,-,-,-,4.192,99.080,-,458.290,557.370,17.78
2023,058002,Lazio,Roma,AGOSTA,1680,Comune,145.700,-,66.730,28.294,10.030,4.377,62.270,5.360,0.610,0.160,0.900,-,14.570,6.189,345.190,-,211.100,556.290,62.05
2023,058003,Lazio,Roma,ALBANO LAZIALE,39753,Comune,4421.090,588.560,1867.120,760.124,-,180.556,1720.602,201.545,366.300,31.258,54.820,428.780,1175.720,166.274,11962.749,-,3574.520,15537.269,76.99
2023,058004,Lazio,Roma,ALLUMIERE,3745,Comune,407.010,20.310,151.730,156.240,60.280,30.900,94.960,29.065,9.780,5.289,56.175,-,63.140,-,1084.879,-,356.800,1441.679,75.25
2023,058005,Lazio,Roma,ANGUILLARA SABAZIA,19089,Comune,1891.910,839.540,931.481,836.142,362.170,98.349,702.343,126.130,103.420,14.977,286.335,297.960,231.280,7.435,6729.472,-,1784.600,8514.072,79.04
2023,058006,Lazio,Roma,ANTICOLI CORRADO,847,Aggregazione: UNIONE COMUNI MEDANIENE,298.360,6.740,157.750,180.920,75.060,102.250,143.190,-,4.470,7.199,42.040,-,55.890,3.260,1077.129,-,809.680,1886.809,57.09
2023,058007,Lazio,Roma,ANZIO,59355,Comune,4207.260,5830.400,2310.380,2195.320,1066.060,184.239,1929.415,282.850,-,28.430,890.325,662.440,833.060,443.246,20863.425,-,13867.480,34730.905,60.07
2023,058008,Lazio,Roma,ARCINAZZO ROMANO,1218,Comune,-,34.430,29.060,-,27.410,-,15.112,24.000,-,-,18.270,-,34.430,-,182.712,-,795.260,977.972,18.68
2023,058117,Lazio,Roma,ARDEA,50116,Comune,4117.190,3366.980,1693.300,1703.950,458.800,158.181,1063.052,248.741,272.255,42.144,415.640,785.980,1412.922,382.026,16121.162,-,8923.720,25044.882,64.37
2023,058009,Lazio,Roma,ARICCIA,17997,Comune,2608.280,419.980,1127.560,439.514,288.680,117.796,997.428,100.625,62.895,22.982,170.270,416.620,501.720,100.182,7374.532,-,2517.210,9891.742,74.55
2023,058010,Lazio,Roma,ARSOLI,1367,Vedi aggregazione: UNIONE COMUNI MEDANIENE,-,-,-,-,-,-,-,-,-,-,-,-,-,-,-,-,-,-,-
2023,058011,Lazio,Roma,ARTENA,13638,Comune,1593.500,132.520,508.220,741.771,-,41.491,150.431,32.966,35.200,0.928,-,14.380,116.870,58.666,3426.942,-,1633.060,5060.002,67.73
2023,058012,Lazio,Roma,BELLEGRA,2626,Comune,202.360,-,132.571,-,-,9.960,116.412,8.295,-,0.330,-,-,32.280,21.877,524.085,-,229.280,753.365,69.57
2023,058013,Lazio,Roma,BRACCIANO,18516,Comune,1713.520,246.320,920.420,484.547,403.860,215.303,996.508,149.380,33.700,23.421,277.740,209.940,215.160,105.993,5995.811,-,2461.080,8456.891,70.90
2023,058014,Lazio,Roma,CAMERATA NUOVA,413,Comune,12.150,-,11.170,5.046,-,0.781,13.210,-,-,0.350,-,-,-,1.104,43.810,-,70.250,114.060,38.41
2023,058015,Lazio,Roma,CAMPAGNANO DI ROMA,10993,Comune,713.920,129.460,428.450,267.768,212.330,114.125,521.714,83.475,12.030,8.812,164.895,102.450,185.780,58.573,3003.782,-,1072.120,4075.902,73.70
2023,058016,Lazio,Roma,CANALE MONTERANO,4151,Comune,299.040,92.260,130.160,205.280,21.560,59.560,88.020,29.709,4.160,5.090,-,-,321.670,-,1256.509,-,431.800,1688.309,74.42
2023,058017,Lazio,Roma,CANTERANO,370,Comune,40.110,-,12.570,9.124,-,1.412,15.818,-,-,-,-,-,-,1.996,81.030,-,35.720,116.750,69.41
2023,058018,Lazio,Roma,CAPENA,10860,Comune,834.810,238.320,637.161,426.571,328.192,85.710,361.259,73.744,17.850,13.672,116.780,40.870,217.730,11.618,3404.287,-,1724.200,5128.487,66.38
2023,058019,Lazio,Roma,CAPRANICA PRENESTINA,316,Comune,23.680,-,8.530,23.267,-,0.691,2.505,-,-,-,-,-,21.550,0.977,81.200,-,68.900,150.100,54.10
2023,058020,Lazio,Roma,CARPINETO ROMANO,3999,Comune,346.220,7.120,100.170,126.162,-,24.359,73.084,-,-,-,-,-,46.140,21.431,744.686,-,393.835,1138.521,65.41
2023,058021,Lazio,Roma,CASAPE,612,Comune,52.570,-,22.620,13.052,8.355,7.439,24.989,3.320,-,0.269,9.180,-,4.820,2.855,149.470,-,65.680,215.150,69.47
2023,058022,Lazio,Roma,CASTEL GANDOLFO,8651,Comune,1305.540,249.933,431.630,290.706,-,44.974,519.010,78.080,51.150,6.350,96.630,-,223.234,63.591,3360.827,-,1072.680,4433.507,75.81
2023,058023,Lazio,Roma,CASTEL MADAMA,7047,Comune,549.470,17.620,316.480,257.912,121.310,61.972,220.366,46.886,-,5.882,82.070,-,133.790,8.776,1822.534,-,669.680,2492.214,73.13
2023,058025,Lazio,Roma,CASTEL SAN PIETRO ROMANO,848,Comune,55.830,13.765,26.240,19.846,-,5.440,24.972,-,-,0.963,-,-,14.310,4.341,165.708,-,95.300,261.008,63.49
2023,058024,Lazio,Roma,CASTELNUOVO DI PORTO,8622,Comune,671.950,299.920,278.360,308.654,101.740,317.624,34.932,30.615,36.800,5.090,54.660,16.080,77.300,2.400,2236.125,-,782.180,3018.305,74.09
2023,058026,Lazio,Roma,CAVE,10822,Comune,878.820,74.910,409.930,529.856,155.460,63.945,95.446,68.220,3.260,3.210,162.330,135.380,303.320,37.222,2921.310,-,1681.380,4602.690,63.47
2023,058027,Lazio,Roma,CERRETO LAZIALE,1073,Comune,85.900,-,34.520,34.614,-,5.584,27.298,-,-,-,-,-,-,1.212,189.128,-,65.790,254.918,74.19
2023,058028,Lazio,Roma,CERVARA DI ROMA,461,Comune,84.650,-,10.800,13.110,-,2.028,18.164,1.297,-,-,-,-,2.210,2.868,135.127,12.770,103.030,250.927,53.85
2023,058029,Lazio,Roma,CERVETERI,37950,Comune,5080.270,770.440,1582.310,1407.498,666.150,428.847,907.180,224.339,159.220,32.049,556.590,517.360,319.090,103.534,12754.877,-,3602.400,16357.277,77.98
2023,058118,Lazio,Roma,CIAMPINO,38774,Comune,4041.880,640.590,2062.140,1272.650,693.985,144.620,1065.971,191.615,134.040,50.631,581.610,434.340,634.200,-,11948.272,-,4659.880,16608.152,71.94
2023,058030,Lazio,Roma,CICILIANO,1250,Comune,99.830,7.240,40.990,44.918,10.130,8.948,31.510,3.306,-,0.726,0.020,-,26.250,1.045,274.912,-,127.160,402.072,68.37
2023,058031,Lazio,Roma,CINETO ROMANO,589,Vedi aggregazione: UNIONE COMUNI MEDANIENE,-,-,-,-,-,-,-,-,-,-,-,-,-,-,-,-,-,-,-
2023,058032,Lazio,Roma,CIVITAVECCHIA,51750,Comune,4349.660,190.490,2430.430,1843.520,929.230,412.887,1155.727,76.310,457.840,31.397,476.910,547.270,551.970,334.826,13788.467,-,9539.020,23327.487,59.11
2023,058033,Lazio,Roma,CIVITELLA SAN PAOLO,1998,Comune,86.643,-,53.790,60.065,-,-,63.320,0.240,0.860,-,-,-,-,-,264.918,-,233.068,497.986,53.20
2023,058034,Lazio,Roma,COLLEFERRO,20487,Comune,1827.130,187.030,1063.250,1090.581,138.440,96.663,206.925,140.415,58.520,17.840,265.620,246.450,278.700,80.697,5698.261,-,3312.020,9010.281,63.24
2023,058035,Lazio,Roma,COLONNA,4248,Comune,344.420,58.380,155.760,132.823,-,6.991,100.077,21.977,24.430,2.263,63.720,-,132.700,-,1043.541,-,546.000,1589.541,65.65
2023,058036,Lazio,Roma,FIANO ROMANO,16467,Comune,1200.300,348.440,1543.709,776.382,593.747,139.333,975.577,94.607,31.730,14.759,102.200,161.130,287.382,74.764,6344.060,-,2968.540,9312.600,68.12
2023,058037,Lazio,Roma,FILACCIANO,457,Comune,26.840,-,11.840,15.268,-,1.932,11.380,-,-,-,-,-,-,0.351,67.610,-,50.180,117.790,57.40
2023,058120,Lazio,Roma,FIUMICINO,82506,Comune,12538.360,537.520,3612.840,4317.060,-,15.980,18.390,373.705,313.795,48.700,785.040,1070.700,2563.860,3093.299,29289.249,-,7564.820,36854.069,79.47
2023,058122,Lazio,Roma,FONTE NUOVA,32752,Comune,3338.240,122.640,1313.750,1595.352,-,84.349,314.937,114.275,127.560,19.740,39.030,114.030,400.220,121.944,7706.066,-,2046.000,9752.066,79.02
2023,058038,Lazio,Roma,FORMELLO,13765,Comune,1005.130,513.450,741.780,292.830,329.380,119.683,496.072,132.970,-,23.611,206.475,205.270,298.940,70.735,4436.326,-,1917.300,6353.626,69.82
2023,058039,Lazio,Roma,FRASCATI,22849,Comune,2396.696,440.370,1391.438,1006.680,230.140,42.068,678.018,55.693,94.750,5.743,106.370,190.150,194.480,0.068,6832.664,-,3459.560,10292.224,66.39
2023,058040,Lazio,Roma,GALLICANO NEL LAZIO,6492,Comune,436.780,43.970,231.480,210.000,86.240,61.360,160.640,42.105,12.990,5.268,97.380,-,82.800,-,1471.013,-,940.260,2411.273,61.01
2023,058041,Lazio,Roma,GAVIGNANO,1875,Comune,73.030,1.440,18.180,-,-,16.049,81.896,-,-,-,-,5.580,30.020,14.120,240.314,-,403.506,643.820,37.33
2023,058042,Lazio,Roma,GENAZZANO,5669,Comune,399.270,52.080,213.220,127.635,-,27.506,234.032,29.155,14.790,3.298,-,24.410,170.863,27.920,1324.178,-,782.200,2106.378,62.87
2023,058043,Lazio,Roma,GENZANO DI ROMA,22724,Comune,3194.880,436.930,1268.400,851.567,297.580,150.407,663.968,115.520,24.460,25.924,217.960,430.440,327.060,100.428,8105.524,-,2030.760,10136.284,79.97
2023,058044,Lazio,Roma,GERANO,1143,Comune,89.550,-,99.960,-,-,-,26.194,-,-,-,-,-,-,-,215.704,-,158.450,374.154,57.65
2023,058045,Lazio,Roma,GORGA,654,Comune,39.050,6.980,15.480,33.969,-,1.382,5.011,-,-,0.140,-,-,4.640,1.954,108.606,-,80.844,189.450,57.33
2023,058046,Lazio,Roma,GROTTAFERRATA,20429,Comune,2327.150,864.950,934.180,795.178,-,166.244,442.478,106.256,126.660,13.477,25.440,317.450,507.990,-,6627.453,-,2375.020,9002.473,73.62
2023,058047,Lazio,Roma,GUIDONIA MONTECELIO,89411,Comune,8558.760,352.590,3843.790,4377.930,624.720,386.063,912.060,283.153,406.474,48.102,703.650,1157.420,894.270,365.517,22914.499,-,9817.480,32731.979,70.01
2023,058048,Lazio,Roma,JENNE,321,Comune,-,-,11.980,4.000,-,-,12.480,2.600,-,-,-,-,-,-,31.060,28.380,93.920,153.360,20.25
2023,058049,Lazio,Roma,LABICO,6448,Comune,437.550,135.060,191.300,113.489,-,17.557,216.503,17.142,19.420,0.064,-,-,175.680,24.825,1348.590,-,932.580,2281.170,59.12
2023,058116,Lazio,Roma,LADISPOLI,40876,Comune,5235.560,1088.430,1751.270,2451.039,695.320,241.189,456.372,190.545,283.335,36.875,313.630,513.090,401.560,177.114,13835.330,-,5661.300,19496.630,70.96
2023,058050,Lazio,Roma,LANUVIO,12900,Comune,628.180,204.180,441.620,669.472,171.860,96.828,199.041,76.020,23.260,13.104,193.500,69.380,152.760,59.280,2998.484,-,1194.900,4193.384,71.51
2023,058115,Lazio,Roma,LARIANO,13187,Comune,1565.269,589.700,553.200,395.460,255.060,196.985,476.525,89.080,55.490,5.349,2.260,99.440,236.780,-,4520.598,-,1399.440,5920.038,76.36
2023,058051,Lazio,Roma,LICENZA,892,Aggregazione: UNIONE COMUNI VALLE USTICA,556.350,6.020,248.978,-,113.240,60.890,290.973,-,4.480,4.545,65.170,-,114.785,79.175,1544.605,-,664.220,2208.825,69.93
2023,058052,Lazio,Roma,MAGLIANO ROMANO,1383,Comune,87.930,-,33.110,51.889,-,0.571,29.328,7.022,1.130,0.200,-,6.480,18.940,-,236.600,-,115.960,352.560,67.11
2023,058053,Lazio,Roma,MANDELA,903,Vedi aggregazione: UNIONE COMUNI VALLE USTICA,-,-,-,-,-,-,-,-,-,-,-,-,-,-,-,-,-,-,-
2023,058054,Lazio,Roma,MANZIANA,7765,Comune,661.950,337.170,428.580,322.431,140.570,44.073,321.884,48.515,20.700,8.667,116.475,188.330,98.140,51.232,2788.717,-,735.260,3523.977,79.14
2023,058055,Lazio,Roma,MARANO EQUO,771,Comune,9.820,-,27.120,-,-,15.121,45.102,7.220,8.710,1.980,-,-,-,6.427,121.500,-,74.720,196.220,61.92
2023,058056,Lazio,Roma,MARCELLINA,7035,Comune,619.790,27.380,225.830,231.390,125.500,84.720,197.390,44.330,55.170,9.447,92.470,23.510,85.700,15.300,1837.927,-,628.300,2466.227,74.52
2023,058057,Lazio,Roma,MARINO,46514,Comune,4271.567,1015.070,1612.270,1362.160,-,247.311,1293.219,194.169,101.030,4.726,403.070,587.960,1254.790,-,12347.341,-,5011.380,17358.721,71.13
2023,058058,Lazio,Roma,MAZZANO ROMANO,2932,Comune,183.620,27.980,101.910,130.078,68.680,11.837,81.268,20.720,0.720,1.160,-,9.060,32.320,0.473,669.825,-,292.040,961.865,69.64
2023,058059,Lazio,Roma,MENTANA,22686,Comune,2740.500,175.700,1094.930,1192.038,26.320,86.153,273.349,92.728,14.500,16.375,60.820,91.010,528.250,108.162,6500.835,-,1643.500,8144.335,79.82
2023,058064,Lazio,Roma,MONTE PORZIO CATONE,8581,Comune,655.250,158.650,298.010,309.957,34.640,10.120,120.650,38.540,16.020,4.268,3.800,56.240,176.400,74.010,1956.556,-,1262.800,3219.356,60.78
2023,058060,Lazio,Roma,MONTECOMPATRI,11824,Comune,1660.920,85.580,561.790,637.838,175.290,78.536,137.035,49.597,16.860,10.318,158.030,169.440,144.112,58.951,3944.297,-,996.840,4941.137,79.83
2023,058061,Lazio,Roma,MONTEFLAVIO,1164,Comune,158.300,2.640,28.620,39.240,2.280,6.495,16.207,2.989,4.630,0.590,-,-,10.170,15.439,287.600,-,94.820,382.420,75.21
2023,058062,Lazio,Roma,MONTELANICO,2030,Comune,129.820,10.410,49.020,58.400,-,1.547,36.162,7.830,-,0.250,-,4.400,3.240,13.861,314.940,-,234.400,549.340,57.33
2023,058063,Lazio,Roma,MONTELIBRETTI,5139,Comune,656.710,-,224.212,150.023,73.308,43.269,241.645,58.287,6.600,7.705,27.940,36.910,94.840,20.283,1641.732,-,390.670,2032.402,80.78
2023,058065,Lazio,Roma,MONTEROTONDO,41191,Comune,3897.300,117.860,1735.963,1941.143,31.910,125.236,487.060,129.692,41.620,59.397,43.040,234.220,576.690,137.401,9558.532,-,6822.100,16380.632,58.35
2023,058066,Lazio,Roma,MONTORIO ROMANO,1920,Comune,223.520,2.400,48.300,88.704,3.960,5.335,17.166,12.687,5.740,0.273,-,-,17.420,7.035,432.540,-,139.520,572.060,75.61
2023,058067,Lazio,Roma,MORICONE,2440,Comune,248.600,1.520,71.020,104.511,8.140,6.232,20.530,10.237,2.000,0.403,-,-,25.790,8.006,506.990,-,160.700,667.690,75.93
2023,058068,Lazio,Roma,MORLUPO,8513,Comune,729.270,124.120,367.450,-,157.595,27.900,403.149,52.290,6.590,12.066,127.695,50.000,160.600,186.764,2405.489,-,771.788,3177.277,75.71
2023,058069,Lazio,Roma,NAZZANO,1341,Comune,64.240,-,36.360,-,-,13.294,77.364,-,-,-,-,-,-,6.652,197.910,-,215.960,413.870,47.82
2023,058070,Lazio,Roma,NEMI,1851,Comune,278.420,74.030,118.480,151.554,-,10.515,38.123,-,-,-,-,15.260,40.500,14.867,741.748,-,389.600,1131.348,65.56
2023,058071,Lazio,Roma,NEROLA,1898,Comune,165.900,-,71.370,23.220,5.500,8.981,86.657,15.318,1.695,2.052,3.485,-,16.695,6.804,407.677,-,105.590,513.267,79.43
2023,058072,Lazio,Roma,NETTUNO,48297,Comune,4294.340,2640.090,1874.740,2556.235,536.040,208.525,660.565,168.515,154.120,29.005,402.720,615.140,377.500,214.954,14732.490,-,9130.060,23862.550,61.74
2023,058073,Lazio,Roma,OLEVANO ROMANO,6374,Comune,454.260,23.080,204.120,-,65.500,65.879,330.875,40.265,8.960,2.224,83.800,47.140,104.600,42.126,1472.830,-,830.740,2303.570,63.94
2023,058074,Lazio,Roma,PALESTRINA,22158,Comune,2117.840,343.695,1057.550,512.137,191.220,137.306,938.232,121.530,31.730,20.110,263.070,163.920,258.630,112.028,6268.997,-,1860.630,8129.627,77.11
2023,058075,Lazio,Roma,PALOMBARA SABINA,12997,Comune,903.830,19.200,423.360,521.807,-,7.412,405.352,39.336,12.780,0.750,-,86.580,88.620,10.618,2519.644,-,1252.100,3771.744,66.80
2023,058076,Lazio,Roma,PERCILE,221,Vedi aggregazione: UNIONE COMUNI VALLE USTICA,-,-,-,-,-,-,-,-,-,-,-,-,-,-,-,-,-,-,-
2023,058077,Lazio,Roma,PISONIANO,729,Comune,49.440,-,21.130,14.739,-,2.280,23.397,-,-,-,-,-,-,3.224,114.210,-,102.900,217.110,52.61
2023,058078,Lazio,Roma,POLI,2202,Comune,204.030,-,62.410,-,33.240,24.984,100.990,13.879,4.840,1.467,33.030,-,25.960,13.070,517.900,-,307.500,825.400,62.75
2023,058079,Lazio,Roma,POMEZIA,64617,Comune,7333.060,1226.010,3365.360,2544.100,362.540,482.383,1842.651,317.840,337.580,67.981,674.140,822.780,1512.900,670.066,21559.391,-,9355.100,30914.491,69.74
2023,058080,Lazio,Roma,PONZANO ROMANO,1270,Comune,88.770,-,47.700,52.560,-,-,41.475,8.180,-,0.150,-,-,26.080,-,264.915,-,78.480,343.395,77.15
2023,058081,Lazio,Roma,RIANO,10419,Comune,1000.040,347.160,336.480,372.869,43.490,6.264,257.301,43.640,9.900,4.087,-,89.020,171.980,9.090,2691.320,-,1257.560,3948.880,68.15
2023,058082,Lazio,Roma,RIGNANO FLAMINIO,10103,Comune,936.900,220.100,326.400,421.304,121.460,35.856,240.626,64.259,15.610,9.217,60.490,138.820,131.930,0.037,2723.009,-,1028.280,3751.289,72.59
2023,058083,Lazio,Roma,RIOFREDDO,756,Vedi aggregazione: UNIONE COMUNI MEDANIENE,-,-,-,-,-,-,-,-,-,-,-,-,-,-,-,-,-,-,-
2023,058084,Lazio,Roma,ROCCA CANTERANO,173,Comune,-,-,2.640,8.432,-,0.106,3.213,-,1.025,-,-,-,-,0.149,15.565,-,28.040,43.605,35.70
2023,058085,Lazio,Roma,ROCCA DI CAVE,360,Comune,12.440,-,3.210,8.634,-,0.373,1.354,-,-,-,-,-,2.000,0.528,28.540,-,82.480,111.020,25.71
2023,058086,Lazio,Roma,ROCCA DI PAPA,17833,Comune,1539.620,809.640,520.710,519.045,359.740,234.475,499.601,80.770,46.520,19.683,267.495,157.820,665.260,-,5720.379,-,2451.600,8171.979,70.00
2023,058088,Lazio,Roma,ROCCA PRIORA,12024,Comune,1097.200,368.750,491.020,401.020,194.950,136.093,293.920,76.830,44.320,13.442,180.360,231.148,256.840,13.560,3799.453,-,1179.790,4979.243,76.31
2023,058089,Lazio,Roma,ROCCA SANTO STEFANO,912,Comune,83.360,-,23.880,31.825,-,4.101,19.658,-,-,-,-,-,-,0.944,163.768,-,48.580,212.348,77.12
2023,058087,Lazio,Roma,ROCCAGIOVINE,244,Vedi aggregazione: UNIONE COMUNI VALLE USTICA,-,-,-,-,-,-,-,-,-,-,-,-,-,-,-,-,-,-,-
2023,058090,Lazio,Roma,ROIATE,633,Comune,12.000,-,14.720,33.615,-,1.649,5.979,-,-,0.030,-,-,12.180,2.332,82.504,-,54.350,136.854,60.29
2023,058091,Lazio,Roma,ROMA,2754719,Comune,168358.754,81999.003,247319.732,77465.105,19250.204,9065.616,55687.486,11569.109,6289.860,1168.510,14118.630,19400.240,24627.484,10774.613,747094.346,-,854686.912,1601781.258,46.64
2023,058092,Lazio,Roma,ROVIANO,1244,Vedi aggregazione: UNIONE COMUNI MEDANIENE,-,-,-,-,-,-,-,-,-,-,-,-,-,-,-,-,-,-,-
2023,058093,Lazio,Roma,SACROFANO,7410,Comune,678.280,313.955,259.590,206.203,100.770,58.407,284.087,58.275,63.520,15.244,57.010,52.815,67.660,29.266,2245.081,67.660,473.695,2786.436,80.57
2023,058094,Lazio,Roma,SAMBUCI,832,Comune,60.770,-,25.050,22.648,-,3.504,30.954,-,-,-,-,-,-,4.954,147.880,-,108.820,256.700,57.61
2023,058119,Lazio,Roma,SAN CESAREO,16241,Comune,1047.990,412.820,1301.560,547.520,283.740,214.860,684.091,175.375,29.750,29.988,243.615,157.160,213.700,7.760,5349.929,-,2926.360,8276.289,64.64
2023,058095,Lazio,Roma,SAN GREGORIO DA SASSOLA,1428,Comune,125.290,-,48.510,51.226,25.170,21.757,39.770,15.475,10.590,4.999,21.420,-,22.950,4.518,391.674,-,133.950,525.624,74.52
2023,058096,Lazio,Roma,SAN POLO DEI CAVALIERI,2775,Comune,275.760,8.660,91.280,115.852,-,17.629,92.090,4.311,11.360,-,14.850,5.610,58.620,3.950,699.971,-,310.980,1010.951,69.24
2023,058100,Lazio,Roma,SAN VITO ROMANO,3062,Comune,277.720,-,151.720,-,61.840,40.708,147.522,21.935,12.700,3.482,45.930,47.300,36.520,20.892,868.269,-,350.540,1218.809,71.24
2023,058098,Lazio,Roma,SANT'ANGELO ROMANO,4983,Comune,351.350,5.500,111.890,220.680,-,37.596,112.776,-,-,0.070,-,19.860,91.560,33.078,984.360,-,441.100,1425.460,69.06
2023,058099,Lazio,Roma,SANT'ORESTE,3445,Comune,254.620,14.400,119.920,143.950,-,-,116.540,18.720,2.130,0.607,-,15.870,73.780,-,760.537,-,355.720,1116.257,68.13
2023,058097,Lazio,Roma,SANTA MARINELLA,18471,Comune,1488.710,1003.720,775.090,876.790,427.190,49.490,501.700,137.433,54.760,7.165,277.065,339.210,461.460,-,6399.783,-,5643.320,12043.103,53.14
2023,058101,Lazio,Roma,SARACINESCO,171,Comune,11.940,-,4.800,-,-,2.045,10.056,-,-,-,-,-,-,1.799,30.640,-,29.850,60.490,50.65
2023,058102,Lazio,Roma,SEGNI,8972,Comune,59.880,1.400,91.190,80.125,-,10.561,67.429,45.000,5.990,2.590,-,31.860,74.880,15.023,485.928,-,3664.415,4150.343,11.71
2023,058103,Lazio,Roma,SUBIACO,8533,Comune,635.320,13.120,368.030,291.161,77.570,109.480,247.470,41.745,44.750,9.088,44.210,66.270,83.620,31.890,2063.723,-,1335.223,3398.946,60.72
2023,058104,Lazio,Roma,TIVOLI,55201,Comune,6418.530,610.020,2806.440,3317.474,772.810,345.376,630.051,325.255,304.765,52.813,562.060,392.650,520.460,259.329,17318.033,-,5269.900,22587.933,76.67
2023,058105,Lazio,Roma,TOLFA,4716,Comune,436.960,28.680,193.760,183.052,67.510,22.032,156.233,21.266,8.340,4.855,70.740,13.660,67.760,4.513,1279.361,-,517.040,1796.401,71.22
2023,058106,Lazio,Roma,TORRITA TIBERINA,1094,Comune,2.840,-,19.440,41.305,-,-,41.305,6.440,-,0.107,-,-,210.760,-,322.197,21.760,203.900,547.857,58.81
2023,058107,Lazio,Roma,TREVIGNANO ROMANO,5833,Comune,644.610,210.920,345.660,340.200,104.840,71.620,211.780,63.120,11.080,3.518,87.495,55.920,149.110,0.870,2300.743,-,842.420,3143.163,73.20
2023,058108,Lazio,Roma,VALLEPIETRA,233,Comune,-,-,8.557,5.427,0.000,0.221,0.636,0.480,-,-,-,-,-,0.249,15.570,3.060,91.760,110.390,14.11
2023,058109,Lazio,Roma,VALLINFREDA,292,Comune,7.840,-,9.690,2.885,-,0.446,12.138,-,-,-,-,-,-,0.631,33.630,-,33.890,67.520,49.81
2023,058110,Lazio,Roma,VALMONTONE,15755,Comune,1301.460,255.240,728.910,345.083,154.520,87.547,688.525,94.465,2.400,14.082,236.325,121.900,305.810,82.815,4419.082,-,2926.320,7345.402,60.16
2023,058111,Lazio,Roma,VELLETRI,52898,Comune,5881.040,1015.300,2394.780,1871.978,517.100,459.184,1943.351,283.550,295.510,31.105,273.130,382.410,788.740,13.447,16150.625,-,4350.420,20501.045,78.78
2023,058112,Lazio,Roma,VICOVARO,3540,Vedi aggregazione: UNIONE COMUNI VALLE USTICA,-,-,-,-,-,-,-,-,-,-,-,-,-,-,-,-,-,-,-
2023,058113,Lazio,Roma,VIVARO ROMANO,153,Vedi aggregazione: UNIONE COMUNI MEDANIENE,-,-,-,-,-,-,-,-,-,-,-,-,-,-,-,-,-,-,-
2023,058114,Lazio,Roma,ZAGAROLO,18630,Comune,1341.330,274.840,545.490,328.220,175.910,102.838,607.296,76.645,3.540,18.529,188.560,126.860,231.920,72.147,4094.124,-,2360.840,6454.964,63.43
2023,056001,Lazio,Viterbo,ACQUAPENDENTE,5308,Comune,470.056,102.960,340.030,-,126.480,47.280,192.560,14.540,16.340,1.389,-,66.826,43.720,253.380,1675.561,-,458.570,2134.131,78.51
2023,056002,Lazio,Viterbo,ARLENA DI CASTRO,820,Comune,67.054,4.043,36.653,25.233,26.001,4.804,24.109,8.245,-,1.445,-,1.040,10.467,10.760,219.854,-,76.260,296.114,74.25
2023,056003,Lazio,Viterbo,BAGNOREGIO,3336,Comune,279.160,48.100,173.697,88.000,95.140,105.500,112.260,30.050,6.840,2.435,-,57.550,21.360,-,1020.092,-,655.700,1675.792,60.87
2023,056004,Lazio,Viterbo,BARBARANO ROMANO,1004,Comune,82.670,2.912,38.200,31.055,21.752,9.260,36.158,6.628,2.160,0.321,2.030,-,9.611,3.814,246.571,-,144.660,391.231,63.02
2023,056006,Lazio,Viterbo,BASSANO IN TEVERINA,1283,Comune,89.400,4.280,43.020,72.857,15.200,11.904,12.925,-,-,1.876,-,-,16.640,5.475,273.576,-,138.160,411.736,66.45
2023,056005,Lazio,Viterbo,BASSANO ROMANO,4641,Comune,297.020,49.070,141.961,212.221,-,21.454,40.513,15.314,3.700,5.280,69.280,-,164.520,26.469,1046.803,-,560.480,1607.283,65.13
2023,056007,Lazio,Viterbo,BLERA,2903,Comune,293.090,16.060,123.500,-,52.820,21.200,91.320,28.258,5.220,4.004,7.990,-,30.140,161.050,834.652,-,231.710,1066.362,78.27
2023,056008,Lazio,Viterbo,BOLSENA,3671,Comune,530.610,131.250,256.580,229.156,115.540,42.283,179.029,56.042,-,1.104,55.065,-,77.560,81.642,1755.861,-,474.000,2229.861,78.74
2023,056009,Lazio,Viterbo,BOMARZO,1691,Comune,158.200,4.440,57.060,90.155,21.760,12.807,16.637,-,3.740,1.952,-,-,15.160,7.061,388.972,-,134.740,523.712,74.27
2023,056010,Lazio,Viterbo,CALCATA,913,Comune,61.200,-,24.640,45.931,-,0.492,21.447,5.191,-,0.160,-,-,20.800,-,179.861,-,99.020,278.881,64.49
2023,056011,Lazio,Viterbo,CANEPINA,2920,Comune,295.300,4.240,138.170,104.990,-,9.440,87.520,13.660,3.300,0.180,-,-,82.640,-,739.440,-,303.120,1042.560,70.93
2023,056012,Lazio,Viterbo,CANINO,5005,Comune,613.920,18.140,246.950,157.963,69.170,29.831,166.378,24.508,4.040,1.356,34.080,47.180,36.800,56.278,1506.594,-,438.470,1945.064,77.46
2023,056013,Lazio,Viterbo,CAPODIMONTE,1671,Comune,154.693,61.910,98.090,57.355,-,18.373,107.948,12.288,5.320,1.110,0.155,14.380,79.780,12.710,624.111,-,179.845,803.956,77.63
2023,056014,Lazio,Viterbo,CAPRANICA,6374,Comune,552.280,91.190,396.330,243.500,67.200,34.739,296.115,47.103,5.500,11.479,-,83.560,36.800,32.746,1898.542,-,548.920,2447.462,77.57
2023,056015,Lazio,Viterbo,CAPRAROLA,5153,Comune,277.340,97.240,196.960,122.180,44.890,77.220,119.570,42.204,13.200,16.615,-,-,282.500,-,1289.919,-,1107.186,2397.105,53.81
2023,056016,Lazio,Viterbo,CARBOGNANO,1956,Comune,175.230,-,73.320,76.380,25.680,8.200,50.660,10.578,8.980,1.351,4.400,-,31.080,-,465.859,-,142.690,608.549,76.55
2023,056017,Lazio,Viterbo,CASTEL SANT'ELIA,2429,Comune,271.350,26.900,86.009,97.920,36.650,-,108.360,3.570,8.520,1.418,-,-,33.490,1.520,675.707,-,206.820,882.527,76.57
2023,056018,Lazio,Viterbo,CASTIGLIONE IN TEVERINA,2300,Comune,175.100,23.540,92.210,65.095,18.880,9.809,84.606,12.050,4.840,1.307,26.260,-,-,6.850,520.547,23.780,176.780,721.107,72.19
2023,056019,Lazio,Viterbo,CELLENO,1307,Comune,116.474,-,50.500,41.557,-,0.876,40.642,2.240,-,0.178,-,6.380,12.020,14.805,285.672,-,155.780,441.452,64.71
2023,056020,Lazio,Viterbo,CELLERE,1080,Comune,91.452,-,40.680,32.290,15.950,4.180,37.800,-,-,0.153,-,-,4.240,-,226.745,-,75.830,302.575,74.94
2023,056021,Lazio,Viterbo,CIVITA CASTELLANA,15175,Comune,1311.440,154.030,892.980,616.635,265.060,48.681,641.640,88.708,-,16.491,-,125.260,101.420,1.420,4263.765,-,1532.260,5796.025,73.56
2023,056022,Lazio,Viterbo,CIVITELLA D'AGLIANO,1450,Comune,65.480,-,65.690,66.760,-,8.600,56.020,14.709,-,0.480,21.750,-,46.110,-,345.599,-,171.000,516.599,66.90
2023,056023,Lazio,Viterbo,CORCHIANO,3570,Comune,232.630,9.040,138.949,76.575,44.820,22.542,165.639,13.940,2.600,3.524,10.020,3.600,46.920,17.064,787.863,-,230.460,1018.323,77.37
2023,056024,Lazio,Viterbo,FABRICA DI ROMA,8199,Comune,720.670,54.150,313.630,344.580,55.680,9.660,288.160,35.161,33.120,3.340,-,7.040,61.560,-,1926.751,-,653.370,2580.121,74.68
2023,056025,Lazio,Viterbo,FALERIA,2011,Comune,239.710,-,63.040,119.468,26.670,24.902,47.011,11.052,-,0.730,-,-,53.740,10.429,596.752,-,132.640,729.392,81.82
2023,056026,Lazio,Viterbo,FARNESE,1383,Comune,99.411,12.300,45.340,37.394,24.520,16.285,68.029,15.087,2.400,0.435,16.940,18.950,12.780,8.172,378.043,-,146.020,524.063,72.14
2023,056027,Lazio,Viterbo,GALLESE,2568,Comune,144.946,19.420,87.120,56.037,24.330,15.349,103.668,13.295,-,1.895,27.030,20.458,16.040,12.246,541.834,-,167.280,709.114,76.41
2023,056028,Lazio,Viterbo,GRADOLI,1239,Comune,137.837,3.930,63.290,54.878,-,11.957,47.405,13.980,0.100,0.180,18.585,-,34.180,19.550,405.872,-,141.320,547.192,74.17
2023,056029,Lazio,Viterbo,GRAFFIGNANO,2088,Comune,168.290,6.800,71.270,105.787,19.140,6.013,21.806,37.430,-,0.155,16.580,-,20.300,8.494,482.065,-,136.160,618.225,77.98
2023,056030,Lazio,Viterbo,GROTTE DI CASTRO,2400,Comune,238.542,12.510,104.390,78.666,-,8.359,65.969,11.862,4.060,1.560,13.310,-,34.520,29.326,603.074,-,224.570,827.644,72.87
2023,056031,Lazio,Viterbo,ISCHIA DI CASTRO,2104,Comune,70.160,27.250,65.530,36.960,63.060,22.817,84.906,16.970,3.180,0.270,31.560,-,16.380,8.077,447.120,-,381.110,828.230,53.99
2023,056032,Lazio,Viterbo,LATERA,762,Comune,72.796,-,33.090,23.695,-,0.500,16.674,6.361,-,0.175,-,10.087,24.670,8.441,196.489,-,67.770,264.259,74.36
2023,056033,Lazio,Viterbo,LUBRIANO,851,Comune,54.974,-,41.250,25.477,-,11.661,42.004,5.788,2.180,0.830,-,-,14.160,5.568,203.892,-,126.490,330.382,61.71
2023,056034,Lazio,Viterbo,MARTA,3226,Comune,428.180,25.570,187.520,129.400,57.940,27.119,155.669,23.178,-,1.728,-,-,27.020,46.102,1109.426,-,510.025,1619.451,68.51
2023,056035,Lazio,Viterbo,MONTALTO DI CASTRO,8712,Comune,574.000,614.250,590.310,245.126,168.560,56.420,549.864,89.872,15.780,2.665,105.380,562.130,110.960,57.111,3742.427,-,2479.040,6221.467,60.15
2023,056037,Lazio,Viterbo,MONTE ROMANO,1889,Comune,113.850,21.300,63.910,51.690,-,27.001,48.219,6.580,-,0.960,21.140,16.640,35.740,-,407.030,-,168.700,575.730,70.70
2023,056036,Lazio,Viterbo,MONTEFIASCONE,13007,Comune,1235.450,194.660,631.986,921.355,246.530,127.341,201.652,82.330,48.080,20.366,195.105,298.340,141.060,70.161,4414.417,-,1457.820,5872.237,75.17
2023,056038,Lazio,Viterbo,MONTEROSI,4790,Comune,302.070,294.100,159.360,183.461,107.960,25.559,146.696,36.303,1.030,0.390,-,-,44.090,3.333,1304.353,-,537.680,1842.033,70.81
2023,056039,Lazio,Viterbo,NEPI,9471,Comune,906.950,514.733,459.050,597.266,158.380,89.396,152.515,69.563,27.150,9.022,87.120,80.760,54.910,76.583,3283.398,-,593.540,3876.938,84.69
2023,056040,Lazio,Viterbo,ONANO,884,Comune,84.091,-,27.310,33.895,-,3.315,22.884,-,-,0.151,-,-,15.700,12.076,199.422,-,85.490,284.912,69.99
2023,056041,Lazio,Viterbo,ORIOLO ROMANO,3711,Comune,523.990,130.520,208.770,207.660,74.260,46.301,65.332,24.460,10.260,2.285,29.080,34.080,16.712,16.657,1390.367,21.349,313.580,1725.296,80.59
2023,056042,Lazio,Viterbo,ORTE,9097,Comune,865.120,54.640,423.840,528.415,95.740,42.816,109.965,59.160,45.915,2.722,-,131.600,96.450,41.133,2497.517,-,983.240,3480.757,71.75
2023,056043,Lazio,Viterbo,PIANSANO,2003,Comune,174.823,9.688,78.141,33.697,62.315,15.453,62.944,19.768,-,3.259,28.881,-,25.083,11.606,525.659,-,198.670,724.329,72.57
2023,056044,Lazio,Viterbo,PROCENO,536,Comune,54.806,-,18.080,18.079,-,0.381,14.648,-,-,0.128,-,-,2.770,6.442,115.334,-,46.330,161.664,71.34
2023,056045,Lazio,Viterbo,RONCIGLIONE,8449,Comune,889.720,186.230,363.877,620.596,133.780,64.872,83.620,70.330,5.400,13.093,-,171.500,63.830,6.543,2673.390,-,869.960,3543.350,75.45
2023,056047,Lazio,Viterbo,SAN LORENZO NUOVO,2020,Comune,258.113,32.220,99.980,72.920,27.840,12.338,59.883,12.747,-,0.573,25.750,30.347,16.580,25.979,675.270,-,216.020,891.290,75.76
2023,056048,Lazio,Viterbo,SORIANO NEL CIMINO,7917,Comune,898.600,45.560,120.850,276.534,113.780,25.464,33.886,95.383,14.380,13.903,-,82.980,54.210,8.616,1784.146,-,978.300,2762.446,64.59
2023,056049,Lazio,Viterbo,SUTRI,6750,Comune,681.360,112.580,269.340,270.850,46.050,32.588,309.692,6.180,5.100,3.977,3.870,83.600,24.150,0.180,1849.517,-,546.500,2396.017,77.19
2023,056050,Lazio,Viterbo,TARQUINIA,15985,Comune,694.390,387.590,740.410,648.104,379.820,89.485,498.533,122.167,42.420,16.955,239.775,393.760,100.840,8.898,4363.147,-,6011.900,10375.047,42.05
2023,056051,Lazio,Viterbo,TESSENNANO,283,Comune,-,-,-,-,-,-,-,1.270,-,0.435,-,-,-,-,1.705,-,99.620,101.325,1.68
2023,056052,Lazio,Viterbo,TUSCANIA,8208,Comune,750.640,88.230,339.640,183.860,136.540,48.067,370.946,65.589,14.200,4.821,-,102.960,54.380,32.587,2192.460,-,748.160,2940.620,74.56
2023,056053,Lazio,Viterbo,VALENTANO,2783,Comune,244.199,51.180,137.090,96.883,5.800,10.943,79.637,24.967,5.600,0.356,-,21.110,57.600,34.517,769.882,-,262.160,1032.042,74.60
2023,056054,Lazio,Viterbo,VALLERANO,2390,Comune,237.915,25.508,100.270,79.035,29.194,12.607,76.966,12.149,-,1.672,14.631,-,16.096,9.166,615.209,-,214.846,830.055,74.12
2023,056055,Lazio,Viterbo,VASANELLO,3986,Comune,342.049,38.791,147.960,85.329,44.400,21.150,156.354,23.376,-,2.519,22.249,-,24.484,22.234,930.895,-,284.951,1215.846,76.56
2023,056056,Lazio,Viterbo,VEJANO,2138,Comune,141.660,19.360,63.520,58.440,-,17.459,70.061,16.696,6.840,0.080,22.920,-,90.120,-,507.156,-,185.880,693.036,73.18
2023,056057,Lazio,Viterbo,VETRALLA,13361,Comune,1299.856,63.360,676.166,608.820,122.220,41.610,489.685,81.128,69.230,6.295,69.590,170.260,71.840,2.410,3772.470,-,748.100,4520.570,83.45
2023,056058,Lazio,Viterbo,VIGNANELLO,4299,Comune,362.749,44.059,140.588,144.528,100.856,22.523,114.975,26.170,13.680,2.921,25.270,66.786,27.800,20.837,1113.742,-,463.510,1577.252,70.61
2023,056046,Lazio,Viterbo,VILLA SAN GIOVANNI IN TUSCIA,1231,Comune,141.500,-,38.590,66.380,25.090,3.660,36.590,5.050,0.200,1.966,-,-,12.820,-,331.846,-,73.020,404.866,81.96
2023,056059,Lazio,Viterbo,VITERBO,66241,Comune,4763.460,88.630,3469.025,2137.200,368.490,260.281,999.484,186.954,190.800,26.621,-,1063.780,463.160,1112.685,15130.570,-,12348.200,27478.770,55.06
2023,056060,Lazio,Viterbo,VITORCHIANO,5255,Comune,386.100,53.980,197.320,286.699,41.400,19.911,64.743,21.578,1.410,1.607,-,78.280,51.780,24.067,1228.875,-,362.140,1591.015,77.24
2024,060001,Lazio,Frosinone,ACQUAFONDATA,249,Aggregazione: XIV COMUNITA' VALLE DI COMINO,73.200,-,125.509,214.588,0.390,11.766,57.325,7.281,-,-,-,-,8.187,13.768,512.014,17.090,1168.820,1697.924,30.16
2024,060002,Lazio,Frosinone,ACUTO,1817,Comune,162.580,-,56.650,-,-,11.905,155.691,7.240,7.460,0.516,-,-,51.320,-,453.362,-,180.880,634.242,71.48
2024,060003,Lazio,Frosinone,ALATRI,27531,Comune,2618.480,300.580,1173.080,1728.997,-,104.577,386.711,127.365,49.900,24.064,18.860,70.710,769.380,143.655,7516.359,-,3112.800,10629.159,70.72
2024,060004,Lazio,Frosinone,ALVITO,2461,Aggregazione: Unione Comuni 'Val Comino',600.570,0.180,276.990,372.630,-,290.790,32.300,18.740,-,0.270,-,8.910,50.570,0.200,1652.150,-,645.780,2297.930,71.90
2024,060005,Lazio,Frosinone,AMASENO,4079,Comune,346.440,-,187.360,180.880,-,-,228.920,-,-,0.110,-,-,15.440,-,959.150,-,310.520,1269.670,75.54
2024,060006,Lazio,Frosinone,ANAGNI,20603,Comune,1633.540,-,749.729,1079.472,0.611,74.916,269.641,23.980,41.780,0.470,24.380,-,215.530,116.737,4230.784,-,3106.520,7337.304,57.66
2024,060007,Lazio,Frosinone,AQUINO,4919,Comune,511.760,-,136.680,258.777,-,15.089,54.701,-,10.280,-,-,-,74.300,21.313,1082.900,-,642.620,1725.520,62.76
2024,060008,Lazio,Frosinone,ARCE,5389,Comune,285.840,30.100,216.360,465.080,-,9.500,-,-,-,-,-,2.280,-,31.060,1040.220,158.460,658.140,1856.820,56.02
2024,060009,Lazio,Frosinone,ARNARA,2158,Comune,130.480,-,47.640,63.300,-,38.120,38.120,7.580,-,-,-,-,22.800,-,348.040,-,188.230,536.270,64.90
2024,060010,Lazio,Frosinone,ARPINO,6561,Comune,484.580,-,218.000,258.990,-,14.804,149.692,19.460,-,-,-,-,34.290,109.684,1289.500,-,635.640,1925.140,66.98
2024,060011,Lazio,Frosinone,ATINA,4076,Comune,359.320,1.340,322.660,231.930,-,22.700,204.290,11.450,-,0.360,-,-,35.100,0.210,1189.360,-,506.940,1696.300,70.12
2024,060012,Lazio,Frosinone,AUSONIA,2417,Comune,343.660,-,94.200,81.380,-,-,83.840,3.440,9.760,0.140,-,-,39.040,-,655.460,-,311.400,966.860,67.79
2024,060013,Lazio,Frosinone,BELMONTE CASTELLO,655,Vedi aggregazione: XIV COMUNITA' VALLE DI COMINO,-,-,-,-,-,-,-,-,-,-,-,-,-,-,-,-,-,-,-
2024,060014,Lazio,Frosinone,BOVILLE ERNICA,8253,Comune,508.240,8.770,214.620,431.993,-,24.155,87.563,15.170,-,0.110,-,-,45.110,34.119,1369.850,-,907.780,2277.630,60.14
2024,060015,Lazio,Frosinone,BROCCOSTELLA,2614,Comune,160.260,23.292,81.022,144.278,7.112,7.000,16.225,6.986,3.381,0.462,9.571,-,8.295,90.000,557.884,-,401.130,959.014,58.17
2024,060016,Lazio,Frosinone,CAMPOLI APPENNINO,1592,Comune,134.260,-,34.320,72.970,-,-,30.000,2.640,-,0.070,-,-,6.960,23.720,304.940,-,126.600,431.540,70.66
2024,060017,Lazio,Frosinone,CASALATTICO,512,Comune,35.760,-,13.960,25.440,1.200,4.791,11.179,1.830,-,-,-,-,-,-,94.160,4.630,48.940,147.730,63.74
2024,060018,Lazio,Frosinone,CASALVIERI,2410,Comune,106.320,-,71.810,106.470,-,11.787,90.373,9.980,3.050,-,-,-,24.920,-,424.710,-,240.399,665.109,63.86
2024,060019,Lazio,Frosinone,CASSINO,34925,Comune,3739.300,127.670,2760.561,1943.694,95.460,23.600,14.820,27.720,92.340,1.360,50.720,477.720,500.800,4.070,9859.835,-,5798.320,15658.155,62.97
2024,060020,Lazio,Frosinone,CASTELLIRI,3149,Comune,391.000,8.510,134.990,138.690,-,-,144.380,6.730,9.840,1.070,-,-,17.410,-,852.620,-,302.660,1155.280,73.80
2024,060021,Lazio,Frosinone,CASTELNUOVO PARANO,848,Comune,77.490,-,90.840,68.960,-,-,-,1.620,-,-,-,-,9.900,-,248.810,-,56.540,305.350,81.48
2024,060023,Lazio,Frosinone,CASTRO DEI VOLSCI,4350,Comune,246.070,-,140.201,235.998,0.126,15.507,55.814,7.020,4.200,-,-,-,16.010,24.164,745.111,-,425.140,1170.251,63.67
2024,060022,Lazio,Frosinone,CASTROCIELO,3730,Comune,465.660,-,160.840,147.600,-,66.992,129.248,8.762,12.290,2.186,-,-,31.880,-,1025.458,-,271.740,1297.198,79.05
2024,060024,Lazio,Frosinone,CECCANO,22098,Comune,1748.900,171.530,827.180,844.650,21.460,480.930,473.850,34.010,59.440,4.875,65.820,30.290,244.550,-,5007.485,-,2687.320,7694.805,65.08
2024,060025,Lazio,Frosinone,CEPRANO,7982,Comune,788.760,46.740,348.480,326.370,-,48.410,359.480,41.460,30.880,0.525,-,29.720,165.720,-,2186.545,-,723.880,2910.425,75.13
2024,060026,Lazio,Frosinone,CERVARO,7771,Comune,653.140,5.020,227.840,295.220,-,48.188,192.752,17.600,2.900,0.400,-,-,112.920,1.720,1557.700,-,1117.740,2675.440,58.22
2024,060027,Lazio,Frosinone,COLFELICE,1768,Comune,98.360,-,47.120,63.880,-,6.100,55.140,2.200,2.780,-,-,-,13.360,-,288.940,-,281.860,570.800,50.62
2024,060029,Lazio,Frosinone,COLLE SAN MAGNO,612,Comune,58.140,-,12.940,27.042,-,1.312,4.756,-,1.700,-,-,-,4.340,1.853,112.083,-,49.740,161.823,69.26
2024,060028,Lazio,Frosinone,COLLEPARDO,866,Comune,68.940,-,23.720,83.444,-,-,-,1.720,1.740,0.200,-,-,18.860,-,198.624,-,73.180,271.804,73.08
2024,060030,Lazio,Frosinone,CORENO AUSONIO,1489,Comune,114.060,3.380,49.870,57.860,-,5.510,49.510,2.580,7.658,0.786,0.730,-,36.190,0.060,328.194,-,107.440,435.634,75.34
2024,060031,Lazio,Frosinone,ESPERIA,3560,Comune,146.720,-,72.720,129.071,-,1.744,6.322,5.590,12.520,0.240,-,-,42.390,2.463,419.780,-,437.160,856.940,48.99
2024,060032,Lazio,Frosinone,FALVATERRA,515,Comune,49.840,-,13.710,21.720,-,2.378,19.024,0.800,-,0.385,-,-,9.540,2.378,119.775,-,59.840,179.615,66.68
2024,060033,Lazio,Frosinone,FERENTINO,19969,Comune,1587.140,147.260,988.796,888.250,19.956,98.634,789.794,71.055,52.600,3.196,124.800,85.640,290.370,9.960,5157.451,-,2865.780,8023.231,64.28
2024,060034,Lazio,Frosinone,FILETTINO,536,Comune,19.200,-,19.520,39.540,-,1.280,10.500,5.260,-,-,-,-,17.120,-,112.420,-,214.280,326.700,34.41
2024,060035,Lazio,Frosinone,FIUGGI,10180,Comune,1083.660,72.330,494.320,483.776,42.320,44.602,280.650,40.335,-,0.430,152.700,229.100,19.790,52.387,2996.401,140.970,2015.520,5152.891,58.15
2024,060036,Lazio,Frosinone,FONTANA LIRI,2630,Comune,160.460,-,381.390,346.800,-,-,-,3.740,-,0.240,-,-,19.420,-,912.050,-,364.280,1276.330,71.46
2024,060037,Lazio,Frosinone,FONTECHIARI,1197,Comune,45.980,-,20.950,31.220,0.170,7.010,30.500,2.780,-,0.280,-,-,2.070,-,140.960,-,181.580,322.540,43.70
2024,060038,Lazio,Frosinone,FROSINONE,43099,Comune,5036.740,691.930,3152.810,2830.045,500.900,208.525,1047.597,183.815,155.800,31.405,173.760,406.320,378.340,235.343,15033.330,-,6599.080,21632.410,69.49
2024,060039,Lazio,Frosinone,FUMONE,1940,Comune,132.220,-,48.650,5.600,-,13.410,49.540,3.455,1.850,-,-,-,24.160,-,278.885,-,178.040,456.925,61.04
2024,060040,Lazio,Frosinone,GALLINARO,1176,Vedi aggregazione: Unione Comuni 'Val Comino',-,-,-,-,-,-,-,-,-,-,-,-,-,-,-,-,-,-,-
2024,060041,Lazio,Frosinone,GIULIANO DI ROMA,2297,Comune,243.020,-,153.820,178.320,-,-,-,3.820,5.600,-,-,-,33.840,-,618.420,-,177.340,795.760,77.71
2024,060042,Lazio,Frosinone,GUARCINO,1492,Comune,74.800,4.780,-,61.680,-,-,85.540,-,-,-,-,-,14.460,0.680,241.940,-,285.780,527.720,45.85
2024,060043,Lazio,Frosinone,ISOLA DEL LIRI,10557,Comune,1104.300,99.730,1104.620,1017.960,-,6.140,0.480,37.930,82.260,1.570,-,-,134.930,-,3589.920,-,1227.440,4817.360,74.52
2024,060044,Lazio,Frosinone,MONTE SAN GIOVANNI CAMPANO,11878,Comune,878.500,-,432.560,707.272,-,39.348,142.639,50.790,-,0.860,-,-,158.060,55.581,2465.610,-,1289.480,3755.090,65.66
2024,060045,Lazio,Frosinone,MOROLO,3144,Comune,179.060,-,96.290,143.913,-,10.126,36.708,8.350,-,0.080,-,-,50.100,14.303,538.930,-,378.660,917.590,58.73
2024,060046,Lazio,Frosinone,PALIANO,7854,Comune,617.660,-,353.290,294.114,30.420,167.772,161.062,46.340,11.640,4.481,47.640,42.560,97.320,-,1874.299,-,703.260,2577.559,72.72
2024,060047,Lazio,Frosinone,PASTENA,1265,Comune,-,-,10.080,39.240,-,12.340,12.340,-,-,-,-,-,-,-,74.000,5.480,325.460,404.940,18.27
2024,060048,Lazio,Frosinone,PATRICA,3036,Comune,341.340,9.560,206.625,192.375,-,48.855,50.415,3.000,-,0.960,13.840,-,67.350,-,934.320,-,314.400,1248.720,74.82
2024,060049,Lazio,Frosinone,PESCOSOLIDO,1384,Comune,94.940,-,61.752,39.180,-,-,-,0.630,-,0.070,0.300,-,3.600,-,200.472,-,153.180,353.652,56.69
2024,060050,Lazio,Frosinone,PICINISCO,1100,Vedi aggregazione: XIV COMUNITA' VALLE DI COMINO,-,-,-,-,-,-,-,-,-,-,-,-,-,-,-,-,-,-,-
2024,060051,Lazio,Frosinone,PICO,2587,Comune,182.480,-,71.340,85.900,-,8.890,53.340,5.680,0.640,1.250,-,-,13.970,26.670,450.160,-,229.780,679.940,66.21
2024,060052,Lazio,Frosinone,PIEDIMONTE SAN GERMANO,6306,Comune,539.140,30.770,257.460,307.393,-,20.155,73.583,-,11.560,-,-,-,101.420,29.069,1370.550,-,955.080,2325.630,58.93
2024,060053,Lazio,Frosinone,PIGLIO,4304,Comune,341.960,5.130,141.086,145.924,-,25.552,145.647,11.190,2.390,0.293,0.320,16.640,36.020,-,872.152,-,372.640,1244.792,70.06
2024,060054,Lazio,Frosinone,PIGNATARO INTERAMNA,2378,Comune,123.260,-,73.000,103.700,-,-,-,1.040,0.030,-,-,-,26.940,92.290,420.260,-,391.980,812.240,51.74
2024,060055,Lazio,Frosinone,POFI,3858,Comune,-,-,108.840,137.810,-,28.280,113.120,10.345,3.200,0.200,-,-,41.070,1.000,443.865,-,666.420,1110.285,39.98
2024,060056,Lazio,Frosinone,PONTECORVO,12099,Comune,705.140,-,335.660,329.680,-,-,-,17.240,6.121,2.315,-,-,180.380,371.186,1947.722,-,1598.304,3546.026,54.93
2024,060057,Lazio,Frosinone,POSTA FIBRENO,1036,Comune,47.980,0.430,62.146,60.483,-,0.143,0.506,2.601,0.066,0.063,1.137,-,-,-,175.555,2.227,193.720,371.502,47.26
2024,060058,Lazio,Frosinone,RIPI,5019,Comune,408.280,9.120,186.030,192.150,-,115.900,115.900,2.700,1.490,-,2.680,-,44.140,-,1078.390,8.500,621.140,1708.030,63.14
2024,060059,Lazio,Frosinone,ROCCA D'ARCE,843,Comune,64.540,-,23.900,31.260,-,-,28.460,4.220,-,-,-,-,14.940,-,167.320,-,82.480,249.800,66.98
2024,060060,Lazio,Frosinone,ROCCASECCA,6712,Comune,540.620,-,231.100,229.580,-,26.100,234.920,4.060,-,-,-,3.380,38.090,-,1307.850,-,911.360,2219.210,58.93
2024,060061,Lazio,Frosinone,SAN BIAGIO SARACINISCO,294,Vedi aggregazione: XIV COMUNITA' VALLE DI COMINO,-,-,-,-,-,-,-,-,-,-,-,-,-,-,-,-,-,-,-
2024,060062,Lazio,Frosinone,SAN DONATO VAL DI COMINO,1859,Vedi aggregazione: Unione Comuni 'Val Comino',-,-,-,-,-,-,-,-,-,-,-,-,-,-,-,-,-,-,-
2024,060063,Lazio,Frosinone,SAN GIORGIO A LIRI,2944,Comune,415.840,10.760,163.600,132.340,-,-,-,2.780,15.340,0.700,-,18.360,35.860,154.720,950.300,-,499.980,1450.280,65.53
2024,060064,Lazio,Frosinone,SAN GIOVANNI INCARICO,3025,Comune,324.600,-,97.130,179.551,-,10.641,38.570,11.210,7.350,-,-,-,30.420,15.028,714.500,-,159.540,874.040,81.75
2024,060070,Lazio,Frosinone,SAN VITTORE DEL LAZIO,2311,Comune,168.980,18.040,71.460,93.580,-,12.356,49.424,9.275,0.850,1.380,0.320,-,77.860,1.120,504.645,-,366.040,870.685,57.96
2024,060065,Lazio,Frosinone,SANT'AMBROGIO SUL GARIGLIANO,871,Comune,30.480,-,31.540,34.240,-,-,36.500,1.830,3.493,-,-,-,10.230,-,148.313,-,35.260,183.573,80.79
2024,060066,Lazio,Frosinone,SANT'ANDREA DEL GARIGLIANO,1256,Comune,57.520,-,31.700,41.900,0.300,-,-,1.860,-,-,-,-,11.800,51.200,196.280,-,82.480,278.760,70.41
2024,060067,Lazio,Frosinone,SANT'APOLLINARE,1802,Comune,132.780,-,33.807,89.268,4.986,8.515,34.883,1.540,-,0.100,-,-,21.900,11.120,338.900,-,119.880,458.780,73.87
2024,060068,Lazio,Frosinone,SANT'ELIA FIUMERAPIDO,5596,Comune,441.490,25.900,190.840,236.520,-,39.008,156.032,8.780,1.310,-,8.340,13.320,68.960,0.080,1190.580,-,755.620,1946.200,61.18
2024,060069,Lazio,Frosinone,SANTOPADRE,1179,Comune,-,-,-,33.440,-,-,-,35.800,0.840,1.120,-,-,23.260,-,94.460,-,297.720,392.180,24.09
2024,060071,Lazio,Frosinone,SERRONE,2928,Comune,213.420,-,90.070,79.423,-,64.049,76.872,17.110,2.650,2.063,41.480,-,77.560,-,664.697,-,284.940,949.637,70.00
2024,060072,Lazio,Frosinone,SETTEFRATI,704,Vedi aggregazione: Unione Comuni 'Val Comino',-,-,-,-,-,-,-,-,-,-,-,-,-,-,-,-,-,-,-
2024,060073,Lazio,Frosinone,SGURGOLA,2366,Comune,166.520,0.620,48.772,87.002,-,8.643,56.186,-,-,-,-,2.160,20.280,-,390.183,-,237.520,627.703,62.16
2024,060074,Lazio,Frosinone,SORA,24712,Comune,2025.020,942.848,1531.459,1341.644,374.048,107.576,413.016,144.163,161.775,7.596,190.920,-,10.580,116.301,7366.946,-,4609.771,11976.717,61.51
2024,060075,Lazio,Frosinone,STRANGOLAGALLI,2258,Comune,56.700,-,101.160,72.970,-,28.860,86.580,4.160,1.400,0.370,-,2.900,8.340,-,363.440,-,302.100,665.540,54.61
2024,060076,Lazio,Frosinone,SUPINO,4587,Comune,356.680,-,157.650,197.680,-,59.397,59.397,8.600,-,-,-,-,28.540,69.146,937.090,-,451.860,1388.950,67.47
2024,060077,Lazio,Frosinone,TERELLE,277,Vedi aggregazione: XIV COMUNITA' VALLE DI COMINO,-,-,-,-,-,-,-,-,-,-,-,-,-,-,-,-,-,-,-
2024,060078,Lazio,Frosinone,TORRE CAJETANI,1312,Comune,70.220,-,16.940,41.860,-,16.446,16.446,2.270,13.080,-,-,-,-,-,177.262,6.180,182.980,366.422,48.38
2024,060079,Lazio,Frosinone,TORRICE,4666,Comune,380.980,-,156.280,173.880,-,0.006,0.048,-,-,-,-,-,9.030,202.367,922.590,-,401.800,1324.390,69.66
2024,060080,Lazio,Frosinone,TREVI NEL LAZIO,1694,Comune,181.730,-,66.400,-,-,15.110,69.402,2.262,-,-,-,-,31.040,40.465,406.410,-,268.740,675.150,60.20
2024,060081,Lazio,Frosinone,TRIVIGLIANO,1618,Comune,92.900,-,34.288,63.180,-,28.117,28.117,1.700,9.480,-,-,-,8.440,-,266.222,-,148.640,414.862,64.17
2024,060082,Lazio,Frosinone,VALLECORSA,2359,Comune,178.500,-,64.340,105.220,-,-,-,8.190,6.450,-,-,-,44.160,102.660,509.520,-,104.580,614.100,82.97
2024,060083,Lazio,Frosinone,VALLEMAIO,888,Comune,-,-,13.440,28.280,-,0.015,0.085,1.100,-,-,-,-,6.380,23.900,73.200,-,103.660,176.860,41.39
2024,060084,Lazio,Frosinone,VALLEROTONDA,1373,Comune,-,-,-,-,-,-,-,2.760,1.440,0.800,-,-,-,-,5.000,17.940,600.230,623.170,0.80
2024,060085,Lazio,Frosinone,VEROLI,19451,Comune,1100.880,64.660,633.860,1217.995,-,59.598,216.045,54.485,-,3.463,-,22.870,234.410,84.183,3692.448,-,3296.060,6988.508,52.84
2024,060086,Lazio,Frosinone,VICALVI,723,Vedi aggregazione: Unione Comuni 'Val Comino',-,-,-,-,-,-,-,-,-,-,-,-,-,-,-,-,-,-,-
2024,060087,Lazio,Frosinone,VICO NEL LAZIO,2050,Comune,163.360,-,50.780,130.260,-,7.574,27.458,3.120,6.260,-,-,-,5.680,10.698,405.190,-,147.420,552.610,73.32
2024,060088,Lazio,Frosinone,VILLA LATINA,1115,Vedi aggregazione: XIV COMUNITA' VALLE DI COMINO,-,-,-,-,-,-,-,-,-,-,-,-,-,-,-,-,-,-,-
2024,060089,Lazio,Frosinone,VILLA SANTA LUCIA,2444,Comune,255.120,-,76.520,141.676,-,8.640,31.320,-,5.450,-,-,-,59.560,12.204,590.490,-,553.660,1144.150,51.61
2024,060090,Lazio,Frosinone,VILLA SANTO STEFANO,1580,Comune,83.160,-,35.170,80.560,-,25.095,46.605,6.020,0.800,0.100,-,-,20.700,-,298.210,-,174.280,472.490,63.12
2024,060091,Lazio,Frosinone,VITICUSO,286,Vedi aggregazione: XIV COMUNITA' VALLE DI COMINO,-,-,-,-,-,-,-,-,-,-,-,-,-,-,-,-,-,-,-
2024,059001,Lazio,Latina,APRILIA,74615,Comune,7777.730,1444.530,3427.280,4128.722,908.240,427.861,900.397,349.750,133.940,86.007,625.920,592.180,765.270,363.540,21931.367,-,8762.330,30693.697,71.45
2024,059002,Lazio,Latina,BASSIANO,1421,Comune,103.160,22.620,39.100,72.070,-,11.150,40.425,8.720,-,0.130,-,-,50.740,15.765,363.880,-,194.120,558.000,65.21
2024,059003,Lazio,Latina,CAMPODIMELE,555,Comune,48.520,-,15.230,36.240,-,-,-,-,1.530,0.250,-,-,7.380,19.460,128.610,-,57.240,185.850,69.20
2024,059004,Lazio,Latina,CASTELFORTE,4024,Comune,455.300,157.060,196.310,175.420,-,-,122.380,-,-,1.155,-,23.910,71.750,-,1203.285,-,492.050,1695.335,70.98
2024,059005,Lazio,Latina,CISTERNA DI LATINA,36253,Comune,1741.880,1113.570,1137.140,778.829,314.060,271.891,627.904,125.265,197.630,20.650,522.020,297.500,204.860,208.986,7562.185,-,9905.290,17467.475,43.29
2024,059006,Lazio,Latina,CORI,10407,Comune,954.040,20.860,341.790,315.840,-,47.560,264.600,47.235,7.100,1.359,6.500,60.700,254.700,-,2322.284,-,1161.660,3483.944,66.66
2024,059007,Lazio,Latina,FONDI,39869,Comune,6349.160,1595.590,2511.380,1638.480,379.360,1183.370,1143.380,181.842,164.360,18.470,269.460,238.950,1635.710,-,17309.512,-,3576.040,20885.552,82.88
2024,059008,Lazio,Latina,FORMIA,36781,Comune,4540.650,974.500,2182.040,2263.201,364.430,129.201,439.505,118.680,82.430,24.700,238.770,464.960,198.800,167.242,12189.110,-,5231.940,17421.050,69.97
2024,059009,Lazio,Latina,GAETA,19115,Comune,2553.860,182.010,1295.420,653.520,186.260,243.240,1318.360,79.393,62.980,12.283,172.380,240.840,454.960,2.330,7457.836,-,3568.650,11026.486,67.64
2024,059010,Lazio,Latina,ITRI,10485,Comune,1296.540,117.090,601.080,450.140,346.940,156.160,319.380,42.630,36.370,9.325,157.275,72.780,269.000,-,3874.710,-,1040.060,4914.770,78.84
2024,059011,Lazio,Latina,LATINA,127732,Comune,10476.790,3156.840,5476.508,6198.421,2006.880,580.175,1692.052,608.125,140.870,102.578,1581.160,940.600,873.270,612.402,34446.671,-,30608.440,65055.111,52.95
2024,059012,Lazio,Latina,LENOLA,4119,Comune,402.780,-,106.900,161.080,34.900,23.070,92.450,15.280,11.670,5.520,-,-,23.560,-,877.210,-,423.510,1300.720,67.44
2024,059013,Lazio,Latina,MAENZA,2949,Comune,276.000,2.720,74.200,114.050,26.780,28.710,97.490,17.500,1.500,0.060,-,-,43.100,1.000,683.110,-,229.580,912.690,74.85
2024,059014,Lazio,Latina,MINTURNO,20435,Comune,2383.100,409.520,909.720,1082.998,179.840,294.744,419.938,86.696,100.090,15.270,259.270,148.132,832.120,44.680,7166.118,-,3381.408,10547.526,67.94
2024,059015,Lazio,Latina,MONTE SAN BIAGIO,6019,Comune,596.760,44.180,254.140,148.617,56.480,32.352,299.581,22.710,0.580,0.600,-,-,61.940,32.509,1550.450,-,456.800,2007.250,77.24
2024,059016,Lazio,Latina,NORMA,3751,Comune,306.520,43.770,132.384,198.576,-,22.064,88.256,9.060,11.980,0.030,38.860,-,188.500,-,1040.000,-,421.740,1461.740,71.15
2024,059017,Lazio,Latina,PONTINIA,15099,Comune,1176.960,162.610,898.900,720.785,147.560,198.171,317.711,58.860,92.740,4.698,95.980,179.640,162.660,383.193,4600.468,-,2504.200,7104.668,64.75
2024,059018,Lazio,Latina,PONZA,3311,Comune,-,-,88.720,13.327,-,2.062,7.475,13.380,-,3.800,-,-,122.920,2.915,254.600,-,2277.060,2531.660,10.06
2024,059019,Lazio,Latina,PRIVERNO,13704,Comune,1691.570,32.880,1596.640,-,-,-,-,43.260,2.100,-,-,86.000,303.360,486.390,4242.200,-,1513.313,5755.513,73.71
2024,059020,Lazio,Latina,PROSSEDI,1134,Comune,133.540,-,48.140,85.806,-,13.275,48.130,6.275,-,1.420,-,-,47.602,18.770,402.957,-,116.440,519.397,77.58
2024,059022,Lazio,Latina,ROCCA MASSIMA,1117,Comune,44.040,-,41.103,-,-,-,-,12.590,2.730,0.250,-,-,37.960,121.017,259.690,-,162.300,421.990,61.54
2024,059021,Lazio,Latina,ROCCAGORGA,4112,Comune,344.880,15.940,147.520,14.240,33.740,-,151.000,12.803,0.840,4.180,22.040,-,33.500,110.760,891.443,-,368.088,1259.531,70.78
2024,059023,Lazio,Latina,ROCCASECCA DEI VOLSCI,1055,Comune,52.520,-,19.520,37.920,-,14.080,21.120,-,-,0.170,1.140,-,2.680,-,149.150,-,149.080,298.230,50.01
2024,059024,Lazio,Latina,SABAUDIA,19293,Comune,2429.600,483.120,1095.480,735.107,-,209.335,1212.196,36.610,1.320,12.390,-,204.620,1271.180,245.322,7936.280,-,2855.820,10792.100,73.54
2024,059025,Lazio,Latina,SAN FELICE CIRCEO,10071,Comune,1376.960,624.950,617.500,975.344,97.180,90.403,203.119,63.475,22.820,5.810,151.065,188.480,264.320,80.153,4761.580,-,2594.660,7356.240,64.73
2024,059026,Lazio,Latina,SANTI COSMA E DAMIANO,6875,Comune,749.680,83.540,363.210,274.260,-,25.260,257.666,15.780,6.351,2.715,2.450,6.100,152.310,-,1939.322,-,827.740,2767.062,70.09
2024,059027,Lazio,Latina,SERMONETA,9958,Comune,900.180,161.120,487.260,234.860,-,124.652,498.608,35.895,38.940,5.080,67.500,55.760,248.840,1.820,2860.515,-,1076.140,3936.655,72.66
2024,059028,Lazio,Latina,SEZZE,23683,Comune,1578.660,42.440,703.260,866.460,-,89.460,522.460,45.925,-,0.720,74.880,-,259.340,0.760,4184.365,-,3396.520,7580.885,55.20
2024,059029,Lazio,Latina,SONNINO,7403,Comune,532.580,51.710,116.660,258.900,53.960,134.590,134.590,28.290,-,0.440,-,-,249.520,-,1561.240,-,1245.040,2806.280,55.63
2024,059030,Lazio,Latina,SPERLONGA,3009,Comune,761.920,43.220,272.300,557.436,-,20.250,73.421,10.040,-,0.190,-,-,39.610,28.633,1807.020,-,723.240,2530.260,71.42
2024,059031,Lazio,Latina,SPIGNO SATURNIA,2840,Comune,227.800,2.620,120.970,115.080,-,11.775,104.840,6.750,13.760,1.481,0.210,-,49.960,-,655.246,-,245.800,901.046,72.72
2024,059032,Lazio,Latina,TERRACINA,44792,Comune,6566.060,1201.950,2516.960,3456.311,601.210,279.229,783.318,308.728,120.260,30.730,65.640,431.750,1182.270,312.111,17856.528,-,6945.660,24802.188,72.00
2024,059033,Lazio,Latina,VENTOTENE,685,Comune,66.040,-,17.460,21.170,-,-,14.000,-,-,-,-,-,54.540,-,173.210,-,487.700,660.910,26.21
2024,057001,Lazio,Rieti,ACCUMOLI,501,Comune,-,-,16.280,-,-,-,-,1.085,-,-,-,-,3.780,-,21.145,-,317.520,338.665,6.24
2024,057002,Lazio,Rieti,AMATRICE,2173,Comune,-,-,-,-,-,-,-,1.825,1.100,-,-,-,5.780,-,8.705,-,1045.100,1053.805,0.83
2024,057003,Lazio,Rieti,ANTRODOCO,2263,Comune,197.840,-,71.950,69.540,-,34.000,40.000,6.230,-,0.155,-,-,15.120,-,434.835,-,305.305,740.140,58.75
2024,057004,Lazio,Rieti,ASCREA,204,Comune,8.760,-,6.160,9.810,-,-,9.630,2.270,-,-,-,-,10.460,-,47.090,-,38.460,85.550,55.04
2024,057005,Lazio,Rieti,BELMONTE IN SABINA,630,Comune,23.740,-,16.790,21.250,-,-,26.820,1.363,-,-,-,-,3.640,-,93.603,-,84.945,178.548,52.43
2024,057006,Lazio,Rieti,BORBONA,577,Comune,13.680,-,-,-,-,-,-,2.320,0.420,-,-,-,24.520,0.100,41.040,-,345.860,386.900,10.61
2024,057008,Lazio,Rieti,BORGO VELINO,904,Comune,79.055,-,78.030,27.840,-,3.002,16.012,3.345,4.390,-,-,-,7.630,21.016,240.320,-,147.720,388.040,61.93
2024,057007,Lazio,Rieti,BORGOROSE,4226,Comune,376.500,9.560,169.320,230.540,49.920,28.520,133.400,21.875,56.410,0.890,63.390,-,20.820,-,1161.145,-,425.320,1586.465,73.19
2024,057009,Lazio,Rieti,CANTALICE,2415,Comune,182.425,-,62.600,76.465,-,5.438,35.344,6.569,5.655,0.165,-,-,23.010,27.188,424.859,-,275.500,700.359,60.66
2024,057010,Lazio,Rieti,CANTALUPO IN SABINA,1657,Comune,210.835,-,48.941,84.438,-,8.741,26.776,6.903,3.425,0.065,-,-,14.590,4.786,409.500,-,167.350,576.850,70.99
2024,057011,Lazio,Rieti,CASAPROTA,676,Aggregazione: Unione 'Alta Sabina',787.037,11.195,256.762,333.699,-,-,262.926,581.297,28.675,2.203,-,-,245.675,-,2509.469,-,1060.620,3570.089,70.29
2024,057012,Lazio,Rieti,CASPERIA,1203,Comune,69.250,-,38.230,42.820,-,-,39.480,3.045,-,0.060,-,-,12.340,-,205.225,-,127.040,332.265,61.77
2024,057013,Lazio,Rieti,CASTEL DI TORA,272,Comune,15.050,-,14.320,23.540,-,5.000,10.460,2.370,-,-,-,-,12.090,-,82.830,-,54.175,137.005,60.46
2024,057015,Lazio,Rieti,CASTEL SANT'ANGELO,1171,Comune,102.815,-,63.560,85.800,-,-,-,3.380,2.035,2.690,-,-,-,-,260.280,20.950,148.615,429.845,60.55
2024,057014,Lazio,Rieti,CASTELNUOVO DI FARFA,993,Aggregazione: Unione dei Comuni della Valle dell'Olio,261.705,-,96.227,169.079,-,14.103,53.917,20.840,-,0.001,-,-,75.339,9.953,701.165,-,294.580,995.745,70.42
2024,057016,Lazio,Rieti,CITTADUCALE,6417,Comune,701.505,-,312.950,339.129,76.960,38.270,142.462,31.622,-,0.105,-,49.880,75.500,27.009,1795.393,-,853.435,2648.828,67.78
2024,057017,Lazio,Rieti,CITTAREALE,375,Comune,-,-,-,7.520,-,-,-,1.360,-,-,-,-,19.540,-,28.420,-,223.840,252.260,11.27
2024,057018,Lazio,Rieti,COLLALTO SABINO,381,Comune,54.960,-,10.570,21.400,-,-,22.010,4.065,-,0.165,-,-,4.780,-,117.950,-,53.365,171.315,68.85
2024,057019,Lazio,Rieti,COLLE DI TORA,348,Comune,16.856,-,12.870,21.072,2.000,1.698,13.156,-,-,-,-,-,12.680,1.199,81.532,-,78.880,160.412,50.83
2024,057020,Lazio,Rieti,COLLEGIOVE,128,Comune,5.900,-,2.210,9.850,-,-,-,0.300,-,-,-,-,5.250,-,23.510,-,20.190,43.700,53.80
2024,057021,Lazio,Rieti,COLLEVECCHIO,1609,Comune,121.760,-,57.600,45.300,2.960,9.810,49.710,1.360,14.760,1.390,-,-,11.680,-,316.330,-,127.270,443.600,71.31
2024,057022,Lazio,Rieti,COLLI SUL VELINO,462,Comune,34.945,-,16.610,16.895,-,-,20.110,0.610,-,0.200,-,-,7.460,-,96.830,-,47.820,144.650,66.94
2024,057023,Lazio,Rieti,CONCERVIANO,278,Comune,-,-,3.240,5.722,-,0.484,1.753,-,-,-,-,-,14.860,0.341,26.400,-,122.120,148.520,17.78
2024,057024,Lazio,Rieti,CONFIGNI,568,Comune,29.135,-,15.020,24.040,-,2.510,9.098,1.691,-,-,-,-,6.690,1.772,89.957,-,49.140,139.097,64.67
2024,057025,Lazio,Rieti,CONTIGLIANO,3659,Comune,421.105,60.460,127.270,107.300,-,67.795,56.745,39.753,1.705,1.397,-,14.180,122.340,0.120,1020.170,-,372.145,1392.315,73.27
2024,057026,Lazio,Rieti,COTTANELLO,527,Comune,21.370,-,14.910,23.009,-,2.083,7.549,2.180,-,-,-,-,6.650,1.471,79.221,-,53.140,132.361,59.85
2024,057027,Lazio,Rieti,FARA IN SABINA,13891,Comune,1080.800,17.260,1110.180,983.920,145.460,25.680,23.820,64.610,56.500,12.312,109.580,77.620,104.610,2.750,3815.102,-,1980.130,5795.232,65.83
2024,057028,Lazio,Rieti,FIAMIGNANO,1157,Comune,92.825,-,26.186,60.130,-,-,-,5.814,1.530,-,-,-,25.280,49.154,260.919,-,197.940,458.859,56.86
2024,057029,Lazio,Rieti,FORANO,3276,Comune,248.680,-,122.823,168.816,-,18.915,57.939,11.225,-,0.075,-,-,37.960,10.355,676.788,-,288.280,965.068,70.13
2024,057030,Lazio,Rieti,FRASSO SABINO,738,Comune,67.790,0.884,21.592,27.531,-,15.715,6.735,2.734,0.620,0.062,-,-,18.157,-,161.820,-,68.560,230.380,70.24
2024,057031,Lazio,Rieti,GRECCIO,1464,Comune,161.144,-,58.630,63.930,-,19.742,41.601,3.270,5.010,-,-,-,9.700,0.227,363.255,-,202.660,565.915,64.19
2024,057032,Lazio,Rieti,LABRO,345,Comune,28.260,-,12.882,19.225,-,-,0.002,0.340,-,-,-,-,2.800,18.306,81.815,-,57.770,139.585,58.61
2024,057033,Lazio,Rieti,LEONESSA,2047,Comune,-,25.880,59.380,65.940,35.610,-,8.000,11.380,4.730,0.100,30.705,-,11.100,9.380,262.205,-,1125.870,1388.075,18.89
2024,057034,Lazio,Rieti,LONGONE SABINO,513,Comune,31.465,-,11.492,28.530,-,3.149,9.645,5.780,2.910,-,-,-,6.240,1.724,100.936,-,44.375,145.311,69.46
2024,057035,Lazio,Rieti,MAGLIANO SABINA,3448,Comune,352.980,34.880,225.800,167.120,146.340,56.270,137.840,57.556,38.900,8.490,51.720,-,126.500,0.970,1405.366,-,319.330,1724.696,81.49
2024,057036,Lazio,Rieti,MARCETELLI,53,Comune,-,-,0.589,2.452,-,0.256,1.183,-,0.700,-,-,-,-,0.140,5.320,-,21.760,27.080,19.65
2024,057037,Lazio,Rieti,MICIGLIANO,120,Comune,-,-,-,-,-,-,-,1.300,-,-,-,-,-,0.040,1.340,11.540,71.660,84.540,1.59
2024,057038,Lazio,Rieti,MOMPEO,516,Comune,70.135,0.601,13.966,18.249,-,1.210,13.914,2.163,1.525,0.031,-,-,13.393,-,135.187,-,48.285,183.472,73.68
2024,057039,Lazio,Rieti,MONTASOLA,396,Comune,22.320,-,9.962,17.756,-,2.033,6.226,1.850,-,-,-,-,5.930,1.113,67.190,-,49.180,116.370,57.74
2024,057043,Lazio,Rieti,MONTE SAN GIOVANNI IN SABINA,666,Comune,-,-,1.580,6.500,-,0.500,1.820,-,-,-,-,-,-,-,10.400,-,217.480,227.880,4.56
2024,057040,Lazio,Rieti,MONTEBUONO,835,Comune,54.815,-,30.170,50.073,-,2.884,10.452,2.640,1.690,-,-,-,4.240,4.071,161.035,-,108.470,269.505,59.75
2024,057041,Lazio,Rieti,MONTELEONE SABINO,1131,Vedi aggregazione: Unione dei Comuni della Valle dell'Olio,-,-,-,-,-,-,-,-,-,-,-,-,-,-,-,-,-,-,-
2024,057042,Lazio,Rieti,MONTENERO SABINO,263,Vedi aggregazione: Unione 'Alta Sabina',-,-,-,-,-,-,-,-,-,-,-,-,-,-,-,-,-,-,-
2024,057044,Lazio,Rieti,MONTOPOLI DI SABINA,4107,Comune,336.385,-,131.940,125.170,-,-,-,4.597,-,0.015,-,-,7.860,144.940,750.907,-,397.940,1148.847,65.36
2024,057045,Lazio,Rieti,MORRO REATINO,337,Comune,19.090,-,11.590,12.470,-,-,14.530,1.655,0.170,-,-,-,3.940,-,63.445,-,37.835,101.280,62.64
2024,057046,Lazio,Rieti,NESPOLO,207,Comune,14.370,-,4.630,10.455,-,-,8.400,0.375,-,-,-,-,3.720,-,41.950,-,34.770,76.720,54.68
2024,057047,Lazio,Rieti,ORVINIO,385,Vedi aggregazione: Unione 'Alta Sabina',-,-,-,-,-,-,-,-,-,-,-,-,-,-,-,-,-,-,-
2024,057048,Lazio,Rieti,PAGANICO,162,Comune,11.210,-,6.900,9.255,-,-,10.120,0.900,-,-,-,-,9.160,-,47.545,-,41.205,88.750,53.57
2024,057049,Lazio,Rieti,PESCOROCCHIANO,1805,Comune,144.291,-,41.520,97.135,-,30.000,29.320,6.759,-,-,-,-,13.430,-,362.455,-,259.655,622.110,58.26
2024,057050,Lazio,Rieti,PETRELLA SALTO,1028,Comune,83.855,-,26.790,64.925,-,3.703,18.516,5.865,0.680,0.505,-,-,10.530,24.071,239.440,-,209.410,448.850,53.35
2024,057051,Lazio,Rieti,POGGIO BUSTONE,1963,Comune,141.220,-,59.340,59.440,-,37.470,37.470,2.600,2.200,-,-,-,22.720,-,362.460,-,183.620,546.080,66.38
2024,057052,Lazio,Rieti,POGGIO CATINO,1312,Comune,100.830,-,26.670,43.650,-,-,41.250,4.930,2.450,0.400,-,-,16.150,-,236.330,-,161.145,397.475,59.46
2024,057053,Lazio,Rieti,POGGIO MIRTETO,6077,Comune,662.350,-,253.220,236.360,-,-,226.100,13.119,-,0.105,-,-,51.560,-,1442.814,-,684.845,2127.659,67.81
2024,057054,Lazio,Rieti,POGGIO MOIANO,2764,Vedi aggregazione: Unione 'Alta Sabina',-,-,-,-,-,-,-,-,-,-,-,-,-,-,-,-,-,-,-
2024,057055,Lazio,Rieti,POGGIO NATIVO,2573,Comune,218.718,-,137.760,174.070,-,-,-,11.142,12.680,0.300,-,-,25.560,-,580.230,-,265.310,845.540,68.62
2024,057056,Lazio,Rieti,POGGIO SAN LORENZO,554,Comune,41.865,-,17.490,29.895,-,19.850,19.850,5.355,1.425,0.380,-,-,16.685,-,152.795,-,44.465,197.260,77.46
2024,057057,Lazio,Rieti,POSTA,534,Comune,44.660,-,29.370,41.360,-,0.001,0.001,3.500,3.160,0.004,-,-,6.860,31.978,160.894,-,95.920,256.814,62.65
2024,057058,Lazio,Rieti,POZZAGLIA SABINA,306,Vedi aggregazione: Unione 'Alta Sabina',-,-,-,-,-,-,-,-,-,-,-,-,-,-,-,-,-,-,-
2024,057059,Lazio,Rieti,RIETI,45169,Comune,3139.800,1146.160,2400.500,1988.130,1013.100,297.438,471.613,268.820,94.300,20.410,125.340,632.600,536.660,302.004,12436.875,-,10146.200,22583.075,55.07
2024,057060,Lazio,Rieti,RIVODUTRI,1119,Comune,79.685,-,36.080,43.445,-,22.520,25.000,5.130,-,-,-,-,17.190,-,229.050,-,120.915,349.965,65.45
2024,057062,Lazio,Rieti,ROCCA SINIBALDA,800,Comune,43.860,-,29.140,42.025,-,-,31.660,4.432,-,-,-,-,18.170,5.430,174.717,-,166.130,340.847,51.26
2024,057061,Lazio,Rieti,ROCCANTICA,525,Comune,33.580,-,16.190,19.185,-,8.135,8.135,1.130,0.445,-,-,-,3.140,-,89.940,-,66.160,156.100,57.62
2024,057063,Lazio,Rieti,SALISANO,476,Comune,29.920,-,11.450,15.505,-,1.839,16.551,2.401,-,-,-,-,6.620,-,84.286,-,40.180,124.466,67.72
2024,057064,Lazio,Rieti,SCANDRIGLIA,3313,Vedi aggregazione: Unione 'Alta Sabina',-,-,-,-,-,-,-,-,-,-,-,-,-,-,-,-,-,-,-
2024,057065,Lazio,Rieti,SELCI,1149,Comune,75.365,-,31.070,38.550,-,-,0.480,3.495,4.770,0.035,-,-,5.700,39.080,198.545,-,124.690,323.235,61.42
2024,057066,Lazio,Rieti,STIMIGLIANO,2226,Comune,220.920,-,87.060,83.960,3.780,12.280,52.580,4.130,-,-,-,-,13.760,-,478.470,-,161.280,639.750,74.79
2024,057067,Lazio,Rieti,TARANO,1365,Comune,128.235,-,47.550,47.185,-,-,55.830,4.455,-,-,-,-,5.910,-,289.165,-,102.135,391.300,73.90
2024,057068,Lazio,Rieti,TOFFIA,1071,Vedi aggregazione: Unione dei Comuni della Valle dell'Olio,-,-,-,-,-,-,-,-,-,-,-,-,-,-,-,-,-,-,-
2024,057070,Lazio,Rieti,TORRI IN SABINA,1214,Comune,88.305,-,32.780,43.945,-,12.027,28.063,4.247,-,0.080,-,-,8.690,-,218.137,-,146.750,364.887,59.78
2024,057069,Lazio,Rieti,TORRICELLA IN SABINA,1294,Vedi aggregazione: Unione 'Alta Sabina',-,-,-,-,-,-,-,-,-,-,-,-,-,-,-,-,-,-,-
2024,057071,Lazio,Rieti,TURANIA,237,Comune,13.430,-,6.375,13.435,-,1.540,4.717,1.380,-,-,-,-,6.120,0.843,47.840,-,46.955,94.795,50.47
2024,057072,Lazio,Rieti,VACONE,223,Comune,14.070,-,8.410,12.311,-,1.409,5.106,0.975,-,-,-,-,1.780,0.995,45.056,-,27.720,72.776,61.91
2024,057073,Lazio,Rieti,VARCO SABINO,152,Comune,-,-,-,8.980,-,-,-,1.210,-,-,-,-,3.180,-,13.370,-,97.710,111.080,12.04
2024,058001,Lazio,Roma,AFFILE,1398,Comune,-,-,25.200,1.210,-,-,45.305,-,-,-,-,-,-,-,71.715,-,525.876,597.591,12.00
2024,058002,Lazio,Roma,AGOSTA,1669,Comune,152.280,-,59.150,48.609,6.220,5.401,49.770,0.240,-,-,-,-,61.780,-,383.450,-,212.940,596.390,64.30
2024,058003,Lazio,Roma,ALBANO LAZIALE,39634,Comune,4328.450,599.820,1834.580,760.044,-,171.484,1738.347,179.010,416.628,15.867,2.200,393.290,1109.880,166.256,11715.855,-,3761.920,15477.775,75.70
2024,058004,Lazio,Roma,ALLUMIERE,3788,Comune,343.190,10.740,155.780,152.180,60.350,18.250,94.620,23.343,8.720,2.830,56.820,-,66.590,-,993.413,-,382.780,1376.193,72.19
2024,058005,Lazio,Roma,ANGUILLARA SABAZIA,19070,Comune,1821.960,872.580,910.400,847.570,402.110,110.270,723.510,138.015,103.160,12.986,286.050,234.900,251.230,6.960,6721.701,-,1811.300,8533.001,78.77
2024,058006,Lazio,Roma,ANTICOLI CORRADO,855,Aggregazione: UNIONE COMUNI MEDANIENE,274.710,7.620,144.030,109.969,73.460,50.743,194.083,19.440,-,5.993,73.455,-,61.800,29.475,1044.778,-,843.730,1888.508,55.32
2024,058007,Lazio,Roma,ANZIO,59793,Comune,4191.410,6088.300,2186.900,2218.960,957.420,182.004,1867.901,248.463,-,29.954,896.895,545.740,682.460,431.335,20527.742,-,14611.080,35138.822,58.42
2024,058008,Lazio,Roma,ARCINAZZO ROMANO,1229,Comune,47.910,26.980,35.760,5.630,8.060,4.000,28.946,6.830,-,-,18.435,-,22.890,27.967,233.408,-,479.700,713.108,32.73
2024,058117,Lazio,Roma,ARDEA,50781,Comune,3863.010,3320.380,1745.780,1711.180,440.540,414.220,851.560,152.345,215.980,34.095,761.715,934.880,1095.520,442.500,15983.705,-,9033.620,25017.325,63.89
2024,058009,Lazio,Roma,ARICCIA,17936,Comune,2639.290,447.770,1148.240,-,407.440,205.836,811.220,88.213,33.035,16.578,178.590,343.660,438.700,658.724,7417.296,-,2263.720,9681.016,76.62
2024,058010,Lazio,Roma,ARSOLI,1334,Vedi aggregazione: UNIONE COMUNI MEDANIENE,-,-,-,-,-,-,-,-,-,-,-,-,-,-,-,-,-,-,-
2024,058011,Lazio,Roma,ARTENA,13655,Comune,1524.540,117.740,510.740,738.414,-,42.570,154.344,30.362,32.400,1.760,-,6.960,118.110,60.192,3338.132,-,1729.960,5068.092,65.87
2024,058012,Lazio,Roma,BELLEGRA,2611,Comune,191.180,-,68.942,34.660,-,13.020,71.580,6.850,-,0.310,-,-,33.540,-,420.082,-,229.120,649.202,64.71
2024,058013,Lazio,Roma,BRACCIANO,18454,Comune,1706.200,262.520,934.260,849.322,440.690,208.162,725.590,428.829,34.660,26.560,276.810,215.100,251.740,34.296,6394.739,-,2607.220,9001.959,71.04
2024,058014,Lazio,Roma,CAMERATA NUOVA,403,Comune,31.330,-,9.000,9.181,-,1.420,15.170,-,-,-,-,-,-,2.008,68.110,1.400,60.390,129.900,52.43
2024,058015,Lazio,Roma,CAMPAGNANO DI ROMA,10946,Comune,688.230,109.120,391.730,260.820,206.790,100.530,499.557,30.155,18.240,8.607,42.561,110.660,201.760,57.833,2726.593,-,1014.860,3741.453,72.88
2024,058016,Lazio,Roma,CANALE MONTERANO,4165,Comune,483.360,111.540,154.760,196.950,108.660,61.070,133.900,31.370,8.410,4.072,62.475,51.460,124.400,-,1532.427,-,387.300,1919.727,79.83
2024,058017,Lazio,Roma,CANTERANO,352,Comune,40.110,-,12.570,-,-,-,10.700,-,-,-,-,-,-,-,63.380,-,35.720,99.100,63.96
2024,058018,Lazio,Roma,CAPENA,10971,Comune,856.200,229.520,643.864,195.195,326.671,130.161,476.878,71.043,15.360,15.310,158.990,40.830,202.980,59.791,3422.794,-,1691.360,5114.154,66.93
2024,058019,Lazio,Roma,CAPRANICA PRENESTINA,324,Comune,25.430,-,8.330,35.819,-,0.897,3.253,-,-,-,-,-,11.620,1.269,86.618,-,69.900,156.518,55.34
2024,058020,Lazio,Roma,CARPINETO ROMANO,3945,Comune,337.160,7.920,110.620,142.310,-,25.418,76.263,-,12.130,-,-,13.210,36.100,22.364,783.495,-,402.400,1185.895,66.07
2024,058021,Lazio,Roma,CASAPE,616,Comune,50.410,-,20.355,18.851,8.380,3.383,16.678,5.217,-,0.109,9.240,-,6.620,4.240,143.483,-,67.880,211.363,67.89
2024,058022,Lazio,Roma,CASTEL GANDOLFO,8538,Comune,1266.050,310.700,415.700,540.169,-,3.261,350.820,44.734,44.220,6.970,114.320,61.070,203.670,-,3361.684,-,998.040,4359.724,77.11
2024,058023,Lazio,Roma,CASTEL MADAMA,7021,Comune,610.790,-,338.170,281.420,150.720,53.760,232.970,46.956,10.520,14.640,105.315,-,145.740,-,1991.001,-,673.740,2664.741,74.72
2024,058025,Lazio,Roma,CASTEL SAN PIETRO ROMANO,850,Comune,61.910,14.191,27.160,34.048,10.320,11.267,15.570,-,-,0.515,12.750,-,22.370,-,210.101,-,103.580,313.681,66.98
2024,058024,Lazio,Roma,CASTELNUOVO DI PORTO,8635,Comune,684.080,327.020,303.400,317.168,105.700,146.766,209.922,33.535,17.820,6.117,66.140,27.450,88.760,-,2333.878,-,678.680,3012.558,77.47
2024,058026,Lazio,Roma,CAVE,10889,Comune,886.680,102.710,406.940,365.484,169.100,209.268,167.188,68.483,1.260,2.039,163.335,99.540,319.960,-,2961.987,-,1751.280,4713.267,62.84
2024,058027,Lazio,Roma,CERRETO LAZIALE,1061,Comune,84.900,4.910,41.450,38.583,17.850,16.927,24.250,6.401,-,2.365,15.915,-,15.040,-,268.591,-,78.230,346.821,77.44
2024,058028,Lazio,Roma,CERVARA DI ROMA,462,Comune,46.360,-,9.200,11.916,-,1.843,17.514,1.297,-,0.160,6.930,-,2.210,2.607,100.037,18.620,124.820,243.477,41.09
2024,058029,Lazio,Roma,CERVETERI,38090,Comune,4268.130,741.300,1758.340,1255.720,455.440,132.286,1440.164,188.373,106.825,26.960,308.390,553.680,320.560,10.758,11566.926,-,3176.980,14743.906,78.45
2024,058118,Lazio,Roma,CIAMPINO,38849,Comune,4153.740,689.410,2140.130,1255.732,798.600,147.310,1110.502,194.325,185.870,51.891,582.735,303.590,628.620,-,12242.455,-,4701.740,16944.195,72.25
2024,058030,Lazio,Roma,CICILIANO,1244,Comune,88.300,-,39.640,0.010,0.005,5.885,27.580,3.002,0.020,0.550,-,-,47.090,50.860,262.942,-,129.740,392.682,66.96
2024,058031,Lazio,Roma,CINETO ROMANO,582,Vedi aggregazione: UNIONE COMUNI MEDANIENE,-,-,-,-,-,-,-,-,-,-,-,-,-,-,-,-,-,-,-
2024,058032,Lazio,Roma,CIVITAVECCHIA,51639,Comune,4890.800,231.420,1996.190,1896.870,1133.020,492.037,1178.459,135.700,329.470,37.647,547.780,566.170,738.020,342.763,14516.346,-,9836.410,24352.756,59.61
2024,058033,Lazio,Roma,CIVITELLA SAN PAOLO,1994,Comune,70.550,-,93.030,40.740,-,-,84.310,4.280,0.150,-,-,-,-,-,293.060,-,237.330,530.390,55.25
2024,058034,Lazio,Roma,COLLEFERRO,20456,Comune,1852.860,218.180,1057.400,1123.088,205.720,97.040,210.214,137.511,70.820,20.345,300.510,284.420,250.040,81.980,5910.128,-,3501.020,9411.148,62.80
2024,058035,Lazio,Roma,COLONNA,4258,Comune,357.080,52.010,151.420,145.052,5.500,7.634,93.414,20.735,28.120,1.861,50.460,-,122.140,-,1035.426,-,555.620,1591.046,65.08
2024,058036,Lazio,Roma,FIANO ROMANO,16666,Comune,1085.790,330.800,1315.350,-,532.870,69.180,727.022,96.636,32.520,15.359,98.950,236.820,278.530,2297.930,7117.757,-,3197.480,10315.237,69.00
2024,058037,Lazio,Roma,FILACCIANO,467,Comune,27.640,-,23.680,-,-,-,22.760,-,-,-,-,-,-,-,74.080,-,57.720,131.800,56.21
2024,058120,Lazio,Roma,FIUMICINO,83075,Comune,11869.680,577.540,3828.130,4308.046,78.680,13.980,24.900,411.561,291.265,52.911,931.700,975.220,3559.540,3019.604,29942.757,-,7995.560,37938.317,78.93
2024,058122,Lazio,Roma,FONTE NUOVA,32697,Comune,3443.410,124.700,1282.540,1026.450,36.040,32.000,632.951,105.160,104.200,20.606,37.850,112.340,383.860,396.329,7738.436,-,2098.820,9837.256,78.67
2024,058038,Lazio,Roma,FORMELLO,13860,Comune,1007.740,534.970,778.240,282.868,374.300,115.792,497.524,138.241,-,20.251,207.900,208.780,383.420,73.476,4623.502,-,1922.500,6546.002,70.63
2024,058039,Lazio,Roma,FRASCATI,22883,Comune,2597.210,414.160,1171.748,510.943,229.500,125.426,994.564,37.339,73.913,7.784,121.780,202.800,191.760,111.767,6790.694,-,3171.540,9962.234,68.16
2024,058040,Lazio,Roma,GALLICANO NEL LAZIO,6488,Comune,436.120,34.150,230.820,252.520,76.840,22.120,159.394,42.375,5.300,7.114,97.040,-,80.120,7.330,1451.243,-,973.180,2424.423,59.86
2024,058041,Lazio,Roma,GAVIGNANO,1860,Comune,76.800,1.050,18.240,-,-,16.113,83.092,-,-,-,-,1.830,57.400,14.177,268.702,-,412.142,680.844,39.47
2024,058042,Lazio,Roma,GENAZZANO,5717,Comune,430.380,41.260,234.130,56.700,-,126.586,257.920,21.925,9.580,4.580,-,42.110,164.900,-,1390.071,-,631.780,2021.851,68.75
2024,058043,Lazio,Roma,GENZANO DI ROMA,22511,Comune,3050.820,448.020,1314.960,478.845,280.386,158.760,1115.844,123.315,35.840,24.547,218.640,383.750,306.880,104.885,8045.493,-,1436.280,9481.773,84.85
2024,058044,Lazio,Roma,GERANO,1128,Comune,89.085,-,96.105,-,-,-,31.575,-,-,-,-,-,-,-,216.765,17.910,119.940,354.615,61.13
2024,058045,Lazio,Roma,GORGA,653,Comune,42.200,-,21.400,37.930,-,1.486,5.388,-,-,0.120,-,4.030,0.004,2.101,114.660,-,84.533,199.193,57.56
2024,058046,Lazio,Roma,GROTTAFERRATA,20304,Comune,2461.000,820.180,976.580,735.720,-,143.000,588.700,113.167,117.488,18.466,54.960,303.140,502.910,0.480,6835.791,-,2363.920,9199.711,74.30
2024,058047,Lazio,Roma,GUIDONIA MONTECELIO,89165,Comune,8622.830,347.820,3884.660,4434.314,789.680,388.327,930.003,260.173,335.727,44.988,1201.620,971.980,1035.650,374.506,23622.278,-,10213.220,33835.498,69.82
2024,058048,Lazio,Roma,JENNE,319,Comune,-,-,6.900,9.000,-,-,7.000,-,-,-,-,-,-,-,22.900,19.000,95.130,137.030,16.71
2024,058049,Lazio,Roma,LABICO,6476,Comune,493.370,130.460,219.220,136.014,-,21.042,149.773,11.283,9.250,0.084,-,-,198.320,29.753,1398.569,-,870.000,2268.569,61.65
2024,058116,Lazio,Roma,LADISPOLI,40819,Comune,4858.500,1217.860,1800.200,1588.220,712.500,208.830,1028.460,178.887,213.010,32.988,343.180,532.320,421.760,529.908,13666.623,-,5910.700,19577.323,69.81
2024,058050,Lazio,Roma,LANUVIO,12934,Comune,1287.670,189.710,454.894,686.657,160.300,91.024,218.293,78.949,15.200,18.991,194.010,174.940,131.080,62.626,3764.344,-,916.181,4680.525,80.43
2024,058115,Lazio,Roma,LARIANO,13267,Comune,1523.170,616.710,561.440,408.340,278.520,90.076,431.889,83.338,58.120,8.903,8.768,85.800,280.800,182.343,4618.217,-,1281.500,5899.717,78.28
2024,058051,Lazio,Roma,LICENZA,957,Aggregazione: UNIONE COMUNI VALLE USTICA,519.060,14.540,222.140,264.123,168.880,64.587,161.780,36.213,23.790,8.660,87.690,-,129.310,10.420,1711.193,-,709.110,2420.303,70.70
2024,058052,Lazio,Roma,MAGLIANO ROMANO,1366,Comune,94.185,-,34.020,44.056,-,17.285,29.620,3.263,-,0.150,-,4.960,14.720,-,242.258,-,113.560,355.818,68.09
2024,058053,Lazio,Roma,MANDELA,909,Vedi aggregazione: UNIONE COMUNI VALLE USTICA,-,-,-,-,-,-,-,-,-,-,-,-,-,-,-,-,-,-,-
2024,058054,Lazio,Roma,MANZIANA,7758,Comune,723.020,325.560,532.190,273.242,146.760,36.878,351.080,75.451,37.280,7.052,116.370,182.800,90.400,99.540,2997.623,-,541.460,3539.083,84.70
2024,058055,Lazio,Roma,MARANO EQUO,770,Comune,14.460,-,30.970,29.925,-,19.745,17.420,9.295,8.710,2.190,-,-,-,-,132.715,-,85.890,218.605,60.71
2024,058056,Lazio,Roma,MARCELLINA,7038,Comune,581.760,26.880,212.280,247.698,123.230,72.432,201.940,41.660,52.730,9.720,84.860,32.650,77.340,5.330,1770.510,-,687.480,2457.990,72.03
2024,058057,Lazio,Roma,MARINO,46571,Comune,3896.750,937.710,1612.720,1305.240,-,69.660,1441.520,169.033,101.220,3.777,322.520,511.360,1343.980,-,11715.490,-,5652.640,17368.130,67.45
2024,058058,Lazio,Roma,MAZZANO ROMANO,2908,Comune,180.180,28.540,94.000,130.600,68.240,21.850,76.140,17.320,1.440,0.030,-,9.440,29.110,-,656.890,-,299.720,956.610,68.67
2024,058059,Lazio,Roma,MENTANA,22588,Comune,2257.960,164.870,961.767,1194.892,99.620,95.558,269.323,90.824,13.140,19.640,59.250,98.670,506.130,121.708,5953.352,-,1665.840,7619.192,78.14
2024,058064,Lazio,Roma,MONTE PORZIO CATONE,8581,Comune,620.940,236.710,310.420,314.254,144.870,42.473,0.100,51.603,23.060,4.513,-,42.870,133.940,211.190,2136.943,-,1274.560,3411.503,62.64
2024,058060,Lazio,Roma,MONTECOMPATRI,11810,Comune,1468.680,65.600,550.490,632.652,143.820,83.587,137.110,53.275,15.210,14.910,123.830,173.580,158.170,59.041,3679.955,-,994.660,4674.615,78.72
2024,058061,Lazio,Roma,MONTEFLAVIO,1124,Comune,154.120,-,29.410,40.470,2.480,6.495,14.635,3.302,1.560,0.102,-,-,6.020,14.631,273.225,-,95.500,368.725,74.10
2024,058062,Lazio,Roma,MONTELANICO,2006,Comune,118.700,-,50.590,64.610,-,0.010,0.090,4.820,-,0.450,-,30.260,36.710,52.616,358.856,-,239.880,598.736,59.94
2024,058063,Lazio,Roma,MONTELIBRETTI,5121,Comune,562.820,8.580,248.936,103.484,88.893,49.183,288.451,56.050,4.340,7.783,34.870,20.100,104.000,34.543,1612.033,-,410.170,2022.203,79.72
2024,058065,Lazio,Roma,MONTEROTONDO,41103,Comune,3738.880,124.370,1796.380,1339.510,19.060,152.390,1250.896,143.910,36.450,34.110,122.970,213.360,659.720,5.320,9637.326,-,6752.320,16389.646,58.80
2024,058066,Lazio,Roma,MONTORIO ROMANO,1936,Comune,190.700,-,46.920,92.030,3.600,5.833,17.595,14.711,4.670,0.466,-,-,6.230,7.053,389.808,-,145.800,535.608,72.78
2024,058067,Lazio,Roma,MORICONE,2410,Comune,203.300,1.440,75.990,107.700,31.740,10.866,23.407,12.011,0.920,0.585,27.940,-,40.950,10.638,547.486,-,167.640,715.126,76.56
2024,058068,Lazio,Roma,MORLUPO,8441,Comune,675.980,128.420,342.750,162.567,163.060,183.187,241.830,46.935,9.275,13.220,126.615,56.910,181.640,5.780,2338.169,-,802.480,3140.649,74.45
2024,058069,Lazio,Roma,NAZZANO,1313,Comune,70.060,-,28.690,-,-,12.822,78.482,3.202,-,-,-,-,18.170,6.416,217.842,-,213.050,430.892,50.56
2024,058070,Lazio,Roma,NEMI,1855,Comune,265.680,66.400,122.600,152.745,-,10.623,38.514,-,-,-,-,20.920,35.000,15.020,727.502,-,418.740,1146.242,63.47
2024,058071,Lazio,Roma,NEROLA,1940,Comune,170.360,3.837,63.680,-,18.440,14.038,114.977,8.726,2.091,1.778,7.615,-,23.905,11.955,441.402,-,116.690,558.092,79.09
2024,058072,Lazio,Roma,NETTUNO,48173,Comune,3999.860,2998.840,3008.930,3130.000,561.900,65.660,121.540,162.866,113.460,27.510,446.600,551.780,413.320,5.520,15607.786,-,9545.920,25153.706,62.05
2024,058073,Lazio,Roma,OLEVANO ROMANO,6325,Comune,464.260,28.980,220.050,189.395,63.920,63.929,183.362,33.990,16.660,3.708,78.810,53.060,103.440,-,1503.564,-,847.020,2350.584,63.97
2024,058074,Lazio,Roma,PALESTRINA,22122,Comune,2236.570,377.859,1111.680,898.079,214.370,159.364,709.762,123.673,42.840,20.194,293.925,173.360,265.390,-,6627.066,-,1467.360,8094.426,81.87
2024,058075,Lazio,Roma,PALOMBARA SABINA,13102,Comune,885.940,19.660,415.000,299.318,56.660,54.986,554.911,49.104,15.620,1.620,43.640,86.580,138.190,66.755,2687.984,-,1267.460,3955.444,67.96
2024,058076,Lazio,Roma,PERCILE,217,Vedi aggregazione: UNIONE COMUNI VALLE USTICA,-,-,-,-,-,-,-,-,-,-,-,-,-,-,-,-,-,-,-
2024,058077,Lazio,Roma,PISONIANO,726,Comune,74.360,-,27.310,-,-,-,56.265,-,-,-,-,-,-,-,157.935,16.630,80.520,255.085,61.92
2024,058078,Lazio,Roma,POLI,2221,Comune,174.190,-,57.705,-,40.400,27.759,100.121,12.869,4.550,0.833,33.315,-,24.420,13.884,490.046,-,314.380,804.426,60.92
2024,058079,Lazio,Roma,POMEZIA,64994,Comune,6934.980,1140.110,3460.110,2480.170,276.980,869.335,2253.585,313.675,243.670,55.950,471.480,806.560,1416.270,8.780,20731.655,-,9518.580,30250.235,68.53
2024,058080,Lazio,Roma,PONZANO ROMANO,1254,Comune,74.350,-,38.930,52.050,-,-,32.130,5.200,-,-,-,-,28.940,-,231.600,-,111.670,343.270,67.47
2024,058081,Lazio,Roma,RIANO,10406,Comune,787.980,295.300,1068.490,3.000,69.450,-,337.860,48.356,28.020,3.101,-,77.000,448.350,567.930,3734.837,-,1252.160,4986.997,74.89
2024,058082,Lazio,Roma,RIGNANO FLAMINIO,10175,Comune,851.000,216.280,333.300,407.047,145.570,64.834,250.560,56.970,18.970,13.104,68.310,79.070,124.190,0.510,2629.714,-,1103.360,3733.074,70.44
2024,058083,Lazio,Roma,RIOFREDDO,744,Vedi aggregazione: UNIONE COMUNI MEDANIENE,-,-,-,-,-,-,-,-,-,-,-,-,-,-,-,-,-,-,-
2024,058084,Lazio,Roma,ROCCA CANTERANO,169,Comune,-,-,5.180,-,-,-,6.240,7.332,0.679,0.150,-,-,15.620,-,35.201,-,37.240,72.441,48.59
2024,058085,Lazio,Roma,ROCCA DI CAVE,364,Comune,26.450,-,11.680,14.370,-,1.158,10.420,-,-,-,-,-,10.490,-,74.568,-,50.480,125.048,59.63
2024,058086,Lazio,Roma,ROCCA DI PAPA,17945,Comune,1473.680,691.300,564.340,575.825,343.880,480.975,225.020,86.440,57.600,19.019,269.175,81.700,495.460,0.840,5365.254,-,2375.620,7740.874,69.31
2024,058088,Lazio,Roma,ROCCA PRIORA,12065,Comune,973.500,351.540,507.790,388.664,221.920,140.300,371.660,77.779,31.100,18.776,180.975,161.110,259.700,14.813,3699.627,-,1214.180,4913.807,75.29
2024,058089,Lazio,Roma,ROCCA SANTO STEFANO,903,Comune,80.090,-,20.430,27.576,2.260,3.064,18.640,-,-,-,-,-,3.120,-,155.180,-,47.890,203.070,76.42
2024,058087,Lazio,Roma,ROCCAGIOVINE,245,Vedi aggregazione: UNIONE COMUNI VALLE USTICA,-,-,-,-,-,-,-,-,-,-,-,-,-,-,-,-,-,-,-
2024,058090,Lazio,Roma,ROIATE,638,Comune,23.470,-,14.480,14.480,-,3.758,15.030,-,3.320,-,-,-,6.990,-,81.528,-,61.970,143.498,56.82
2024,058091,Lazio,Roma,ROMA,2746984,Comune,176561.650,82001.762,256783.266,81831.865,25481.112,11142.548,52125.767,11882.155,5398.187,1132.998,16972.080,21017.500,28540.696,18243.126,789114.712,-,853712.546,1642827.258,48.03
2024,058092,Lazio,Roma,ROVIANO,1226,Vedi aggregazione: UNIONE COMUNI MEDANIENE,-,-,-,-,-,-,-,-,-,-,-,-,-,-,-,-,-,-,-
2024,058093,Lazio,Roma,SACROFANO,7469,Comune,604.355,293.320,270.060,230.272,138.430,138.368,213.840,62.112,75.840,13.578,87.600,92.768,70.148,2.200,2292.891,64.752,434.743,2792.385,82.11
2024,058094,Lazio,Roma,SAMBUCI,821,Comune,61.155,-,21.360,-,-,25.705,21.410,-,-,-,-,-,25.830,-,155.460,-,73.390,228.850,67.93
2024,058119,Lazio,Roma,SAN CESAREO,16366,Comune,1068.920,414.470,1519.430,557.916,282.530,223.894,744.570,144.160,22.910,29.388,245.490,194.610,150.300,6.760,5605.348,-,2569.340,8174.688,68.57
2024,058095,Lazio,Roma,SAN GREGORIO DA SASSOLA,1397,Comune,137.470,-,50.780,58.700,35.430,25.270,41.920,11.910,9.230,6.560,20.955,-,26.630,4.220,429.075,-,130.140,559.215,76.73
2024,058096,Lazio,Roma,SAN POLO DEI CAVALIERI,2786,Comune,318.880,-,100.530,114.372,-,21.368,87.120,3.092,13.330,0.460,-,-,79.520,-,738.672,-,350.820,1089.492,67.80
2024,058100,Lazio,Roma,SAN VITO ROMANO,3020,Comune,276.320,-,287.220,-,66.320,16.840,145.828,22.240,-,3.330,45.300,35.270,55.210,-,953.878,-,380.760,1334.638,71.47
2024,058098,Lazio,Roma,SANT'ANGELO ROMANO,4981,Comune,349.500,17.160,121.610,194.840,-,37.844,113.520,-,-,0.300,-,14.460,86.460,33.296,968.990,-,405.380,1374.370,70.50
2024,058099,Lazio,Roma,SANT'ORESTE,3423,Comune,277.000,4.880,126.670,146.320,-,-,119.440,17.980,1.620,0.943,8.890,11.220,74.120,0.460,789.543,-,363.980,1153.523,68.45
2024,058097,Lazio,Roma,SANTA MARINELLA,18480,Comune,1348.520,988.420,782.690,893.900,345.020,68.470,502.900,138.135,51.540,6.460,253.760,225.310,510.160,-,6115.285,-,5731.560,11846.845,51.62
2024,058101,Lazio,Roma,SARACINESCO,178,Comune,30.710,-,10.980,-,-,2.780,19.715,-,-,-,-,-,-,2.455,66.640,-,36.760,103.400,64.45
2024,058102,Lazio,Roma,SEGNI,8947,Comune,202.840,4.620,139.380,212.933,-,16.218,84.645,23.825,29.950,1.421,-,36.260,85.260,22.931,860.283,-,2941.465,3801.748,22.63
2024,058103,Lazio,Roma,SUBIACO,8524,Comune,738.310,17.340,411.590,337.716,68.820,62.404,257.365,25.216,21.340,10.150,61.000,64.910,79.220,8.050,2163.431,-,1310.750,3474.181,62.27
2024,058104,Lazio,Roma,TIVOLI,55107,Comune,6152.970,630.710,2794.770,2164.990,832.500,391.132,1539.848,308.695,356.835,56.569,575.180,354.140,635.480,447.100,17240.919,-,5507.200,22748.119,75.79
2024,058105,Lazio,Roma,TOLFA,4663,Comune,445.950,41.500,217.980,264.370,48.350,39.453,60.601,29.955,1.605,2.820,65.570,45.240,55.630,21.765,1340.790,-,417.610,1758.400,76.25
2024,058106,Lazio,Roma,TORRITA TIBERINA,1084,Comune,78.890,-,28.800,35.724,-,6.443,47.279,5.422,-,-,-,-,23.770,2.125,228.452,-,190.620,419.072,54.51
2024,058107,Lazio,Roma,TREVIGNANO ROMANO,5782,Comune,607.020,224.400,344.380,362.520,114.450,75.570,209.300,58.817,12.140,4.886,86.730,41.710,165.150,-,2307.073,-,903.980,3211.053,71.85
2024,058108,Lazio,Roma,VALLEPIETRA,228,Comune,-,-,6.240,19.620,-,-,-,0.000,-,-,-,-,7.400,4.040,37.300,-,86.760,124.060,30.07
2024,058109,Lazio,Roma,VALLINFREDA,265,Comune,9.240,-,7.790,14.778,-,1.642,8.370,-,-,-,-,-,-,-,41.820,-,30.560,72.380,57.78
2024,058110,Lazio,Roma,VALMONTONE,15677,Comune,1295.700,264.660,717.570,656.797,186.160,34.045,462.642,56.005,48.520,16.227,235.155,79.410,285.280,5.240,4343.411,-,2865.100,7208.511,60.25
2024,058111,Lazio,Roma,VELLETRI,52872,Comune,6105.900,1019.640,2507.560,1988.406,608.180,165.025,2029.208,275.274,176.270,40.287,268.640,346.130,713.960,130.019,16374.499,-,4515.760,20890.259,78.38
2024,058112,Lazio,Roma,VICOVARO,3518,Vedi aggregazione: UNIONE COMUNI VALLE USTICA,-,-,-,-,-,-,-,-,-,-,-,-,-,-,-,-,-,-,-
2024,058113,Lazio,Roma,VIVARO ROMANO,156,Vedi aggregazione: UNIONE COMUNI MEDANIENE,-,-,-,-,-,-,-,-,-,-,-,-,-,-,-,-,-,-,-
2024,058114,Lazio,Roma,ZAGAROLO,18852,Comune,1370.780,295.050,594.230,643.929,215.300,56.277,434.334,73.640,3.230,18.208,206.540,106.860,218.880,-,4237.258,-,2325.500,6562.758,64.57
2024,056001,Lazio,Viterbo,ACQUAPENDENTE,5227,Comune,559.573,94.700,335.080,252.980,127.150,26.440,188.180,30.604,16.780,1.566,5.380,46.128,63.700,-,1748.261,-,457.870,2206.131,79.25
2024,056002,Lazio,Viterbo,ARLENA DI CASTRO,797,Comune,63.468,4.410,40.316,21.935,22.089,5.992,24.141,8.588,-,1.115,11.955,2.240,9.052,9.735,225.036,-,74.120,299.156,75.22
2024,056003,Lazio,Viterbo,BAGNOREGIO,3295,Comune,286.140,43.580,173.280,73.557,135.520,97.423,108.560,27.403,7.020,5.575,-,43.600,24.920,-,1026.578,-,728.080,1754.658,58.51
2024,056004,Lazio,Viterbo,BARBARANO ROMANO,981,Comune,154.451,4.795,47.650,59.540,12.655,4.850,35.513,8.362,-,0.721,14.136,-,8.568,22.493,373.734,-,105.479,479.213,77.99
2024,056006,Lazio,Viterbo,BASSANO IN TEVERINA,1275,Comune,99.420,5.360,45.280,76.661,23.860,10.754,13.252,-,-,1.340,-,-,23.280,5.342,304.550,-,151.140,455.690,66.83
2024,056005,Lazio,Viterbo,BASSANO ROMANO,4615,Comune,323.340,56.920,150.980,174.010,-,31.417,168.023,35.980,18.700,2.590,69.225,26.940,103.580,-,1161.705,-,430.420,1592.125,72.97
2024,056007,Lazio,Viterbo,BLERA,2907,Comune,324.180,18.870,134.170,87.110,49.800,114.450,91.330,33.672,4.150,4.387,43.605,-,35.500,3.160,944.384,-,247.400,1191.784,79.24
2024,056008,Lazio,Viterbo,BOLSENA,3682,Comune,554.480,123.900,265.090,228.874,142.350,54.310,173.930,51.353,-,1.503,55.230,17.040,75.920,83.376,1827.356,-,553.160,2380.516,76.76
2024,056009,Lazio,Viterbo,BOMARZO,1677,Comune,177.820,5.460,54.316,65.288,25.436,10.321,47.949,-,4.900,1.174,-,-,15.780,0.200,408.644,-,134.560,543.204,75.23
2024,056010,Lazio,Viterbo,CALCATA,901,Comune,59.000,-,24.860,32.520,-,15.000,21.720,4.214,-,-,-,-,17.950,-,175.264,-,96.520,271.784,64.49
2024,056011,Lazio,Viterbo,CANEPINA,2910,Comune,262.360,10.060,114.060,101.840,-,-,76.660,7.340,6.580,0.240,-,-,85.220,-,664.360,-,321.320,985.680,67.40
2024,056012,Lazio,Viterbo,CANINO,5029,Comune,560.110,29.740,253.530,157.122,101.420,49.010,171.390,36.044,12.880,0.214,64.430,80.610,39.540,57.238,1613.278,-,458.180,2071.458,77.88
2024,056013,Lazio,Viterbo,CAPODIMONTE,1650,Comune,157.236,110.130,134.045,53.477,-,22.333,114.423,3.294,3.180,9.177,-,34.220,84.500,11.687,737.702,-,211.065,948.767,77.75
2024,056014,Lazio,Viterbo,CAPRANICA,6361,Comune,597.630,86.680,393.020,229.220,68.040,30.140,327.400,44.919,26.680,10.171,-,92.500,36.160,-,1942.560,-,609.740,2552.300,76.11
2024,056015,Lazio,Viterbo,CAPRAROLA,5166,Comune,270.820,202.930,196.520,130.660,19.860,55.536,118.904,44.266,15.670,9.357,2.300,29.120,424.140,-,1520.083,-,1094.770,2614.853,58.13
2024,056016,Lazio,Viterbo,CARBOGNANO,1968,Comune,185.770,-,80.620,81.060,33.880,16.783,53.440,13.957,6.720,2.795,24.220,-,29.460,-,528.705,-,147.536,676.241,78.18
2024,056017,Lazio,Viterbo,CASTEL SANT'ELIA,2428,Comune,205.580,29.940,81.800,110.720,28.920,2.780,80.400,3.355,4.700,2.010,-,-,44.140,25.480,619.825,-,212.320,832.145,74.49
2024,056018,Lazio,Viterbo,CASTIGLIONE IN TEVERINA,2301,Comune,182.320,20.100,96.280,97.105,21.520,6.060,76.060,16.027,13.660,1.371,18.960,0.460,15.560,-,565.483,-,192.940,758.423,74.56
2024,056019,Lazio,Viterbo,CELLENO,1312,Comune,109.603,-,55.800,41.450,-,0.820,41.140,-,-,0.200,-,4.700,6.360,15.100,275.173,-,163.200,438.373,62.77
2024,056020,Lazio,Viterbo,CELLERE,1094,Comune,93.051,-,40.690,36.310,22.250,4.390,37.350,-,-,0.172,-,-,9.640,-,243.853,-,89.740,333.593,73.10
2024,056021,Lazio,Viterbo,CIVITA CASTELLANA,15031,Comune,1372.700,136.400,817.000,635.130,226.300,53.898,600.720,113.572,-,15.830,-,160.800,98.740,0.560,4231.650,-,1551.580,5783.230,73.17
2024,056022,Lazio,Viterbo,CIVITELLA D'AGLIANO,1449,Comune,56.860,7.620,70.720,65.360,-,11.120,52.340,10.585,-,0.320,21.735,-,58.890,-,355.550,-,187.060,542.610,65.53
2024,056023,Lazio,Viterbo,CORCHIANO,3526,Comune,257.710,5.560,151.340,146.214,52.320,13.076,126.260,15.891,2.360,3.650,14.400,-,39.380,1.200,829.361,-,218.320,1047.681,79.16
2024,056024,Lazio,Viterbo,FABRICA DI ROMA,8175,Comune,739.600,41.170,336.980,354.580,101.480,6.120,303.690,29.529,32.540,5.345,-,45.224,53.860,0.640,2050.758,-,655.380,2706.138,75.78
2024,056025,Lazio,Viterbo,FALERIA,2008,Comune,155.560,-,69.280,66.402,24.460,15.040,31.160,9.370,1.050,0.400,-,-,12.520,88.900,474.142,27.920,148.280,650.342,72.91
2024,056026,Lazio,Viterbo,FARNESE,1348,Comune,112.969,9.660,49.330,35.215,21.650,44.835,39.120,11.440,1.980,0.445,12.760,12.660,11.100,-,363.164,-,168.440,531.604,68.32
2024,056027,Lazio,Viterbo,GALLESE,2558,Comune,148.875,20.760,93.050,56.274,22.350,10.385,99.222,13.302,-,2.149,38.370,15.679,12.880,12.298,545.595,-,163.010,708.605,77.00
2024,056028,Lazio,Viterbo,GRADOLI,1225,Comune,142.711,11.240,61.910,50.351,-,13.297,45.430,12.469,1.740,0.224,18.375,30.260,34.760,18.342,441.109,-,150.890,591.999,74.51
2024,056029,Lazio,Viterbo,GRAFFIGNANO,2070,Comune,162.610,7.060,77.580,115.182,30.000,6.504,23.587,11.396,4.480,0.720,18.760,-,25.380,9.188,492.446,-,117.280,609.726,80.77
2024,056030,Lazio,Viterbo,GROTTE DI CASTRO,2395,Comune,268.240,13.260,105.390,78.413,-,15.672,70.970,13.739,3.960,0.201,4.270,-,42.100,28.565,644.780,-,201.120,845.900,76.22
2024,056031,Lazio,Viterbo,ISCHIA DI CASTRO,2117,Comune,30.020,40.340,59.530,49.810,62.130,36.830,59.480,26.269,2.540,0.120,31.755,-,18.740,-,417.564,-,418.900,836.464,49.92
2024,056032,Lazio,Viterbo,LATERA,777,Comune,76.065,1.200,33.380,25.078,-,4.496,18.780,8.078,-,0.336,-,10.067,18.800,9.136,205.416,-,71.440,276.856,74.20
2024,056033,Lazio,Viterbo,LUBRIANO,852,Comune,53.684,-,46.100,54.100,-,7.000,30.870,2.529,2.260,0.445,-,-,13.180,-,210.168,-,109.040,319.208,65.84
2024,056034,Lazio,Viterbo,MARTA,3194,Comune,421.730,38.930,199.705,137.224,64.900,36.996,138.790,22.228,-,2.679,-,10.700,30.500,58.710,1163.092,-,570.175,1733.267,67.10
2024,056035,Lazio,Viterbo,MONTALTO DI CASTRO,8654,Comune,545.290,619.120,566.810,235.996,174.760,65.787,619.411,94.854,12.180,0.230,129.810,503.980,105.670,55.166,3729.064,-,2653.540,6382.604,58.43
2024,056037,Lazio,Viterbo,MONTE ROMANO,1868,Comune,119.760,28.620,73.040,48.330,4.500,19.970,52.120,8.662,-,0.341,-,22.700,21.460,0.520,400.023,-,170.940,570.963,70.06
2024,056036,Lazio,Viterbo,MONTEFIASCONE,12994,Comune,1272.880,191.220,661.110,851.278,190.300,123.912,202.230,73.490,52.120,19.420,190.160,225.860,111.280,74.879,4240.140,-,1454.520,5694.660,74.46
2024,056038,Lazio,Viterbo,MONTEROSI,4761,Comune,320.800,318.160,163.680,109.204,113.310,42.283,196.987,40.352,0.400,0.600,-,-,47.020,23.866,1376.662,-,583.460,1960.122,70.23
2024,056039,Lazio,Viterbo,NEPI,9564,Comune,974.340,465.510,520.980,383.280,183.000,54.160,527.220,76.157,27.260,11.524,87.970,91.740,60.850,-,3463.991,-,594.241,4058.232,85.36
2024,056040,Lazio,Viterbo,ONANO,864,Comune,87.121,-,26.690,34.948,-,4.572,24.430,5.998,-,0.187,-,-,18.140,12.730,214.816,-,89.700,304.516,70.54
2024,056041,Lazio,Viterbo,ORIOLO ROMANO,3708,Comune,414.580,65.230,294.525,136.720,72.230,41.717,146.949,32.654,7.060,1.653,55.620,50.080,12.706,8.800,1340.524,19.874,313.780,1674.178,80.07
2024,056042,Lazio,Viterbo,ORTE,9091,Comune,861.180,52.120,412.378,353.720,113.600,17.590,4.640,-,50.725,3.757,-,110.700,107.890,27.332,2115.632,-,1070.570,3186.202,66.40
2024,056043,Lazio,Viterbo,PIANSANO,2015,Comune,184.859,11.136,88.105,37.440,55.774,44.033,42.736,21.685,-,2.565,30.225,-,22.855,4.405,545.818,-,199.070,744.888,73.28
2024,056044,Lazio,Viterbo,PROCENO,535,Comune,48.774,-,19.040,17.174,-,0.340,15.450,-,-,0.158,-,-,2.540,6.256,109.732,-,46.010,155.742,70.46
2024,056045,Lazio,Viterbo,RONCIGLIONE,8419,Comune,843.820,194.840,373.880,321.650,158.850,49.374,408.346,57.428,41.130,9.421,-,181.080,62.120,-,2701.939,-,923.420,3625.359,74.53
2024,056047,Lazio,Viterbo,SAN LORENZO NUOVO,2006,Comune,226.648,31.460,98.780,71.780,35.750,17.741,64.170,19.596,-,0.545,28.880,18.465,17.700,26.149,657.664,-,226.360,884.024,74.39
2024,056048,Lazio,Viterbo,SORIANO NEL CIMINO,7828,Comune,740.140,41.640,389.792,394.619,119.840,49.469,87.450,83.423,10.080,12.164,-,77.800,54.560,38.672,2099.649,-,966.740,3066.389,68.47
2024,056049,Lazio,Viterbo,SUTRI,6712,Comune,708.120,140.520,279.380,283.390,53.620,8.650,341.410,9.010,25.060,1.855,11.420,85.740,36.620,-,1984.795,-,584.500,2569.295,77.25
2024,056050,Lazio,Viterbo,TARQUINIA,15829,Comune,942.390,283.130,831.160,528.540,295.900,108.040,275.050,140.758,74.075,7.960,237.435,420.340,134.910,528.780,4808.468,-,4740.820,9549.288,50.35
2024,056051,Lazio,Viterbo,TESSENNANO,290,Comune,-,-,-,-,-,-,-,-,-,-,-,-,-,-,-,-,101.700,101.700,-
2024,056052,Lazio,Viterbo,TUSCANIA,8200,Comune,773.250,100.590,341.450,332.851,155.000,28.299,310.340,64.830,23.520,8.967,12.870,108.460,56.140,-,2316.567,-,838.740,3155.307,73.42
2024,056053,Lazio,Viterbo,VALENTANO,2853,Comune,263.023,54.410,139.840,100.940,-,17.718,89.020,23.912,6.700,1.606,4.190,15.530,63.800,36.772,817.461,-,233.440,1050.901,77.79
2024,056054,Lazio,Viterbo,VALLERANO,2387,Comune,243.085,21.789,121.899,80.871,24.091,12.364,79.838,15.838,-,1.105,17.718,-,11.982,9.379,639.959,-,253.502,893.461,71.63
2024,056055,Lazio,Viterbo,VASANELLO,3966,Comune,387.409,33.135,153.021,100.000,36.638,69.741,114.389,24.084,9.240,1.542,26.947,34.458,18.220,1.747,1010.571,-,255.380,1265.951,79.83
2024,056056,Lazio,Viterbo,VEJANO,2156,Comune,163.560,12.020,60.120,89.120,-,9.600,86.360,1.770,7.040,0.800,32.340,-,98.160,-,560.890,-,213.960,774.850,72.39
2024,056057,Lazio,Viterbo,VETRALLA,13361,Comune,1395.250,61.000,667.250,607.280,120.270,43.760,503.550,79.048,62.080,8.882,81.620,188.000,84.540,1.760,3904.290,-,681.410,4585.700,85.14
2024,056058,Lazio,Viterbo,VIGNANELLO,4263,Comune,348.741,37.635,150.230,0.001,41.612,8.315,114.983,28.116,12.880,1.735,-,59.063,20.696,164.843,988.850,-,361.735,1350.585,73.22
2024,056046,Lazio,Viterbo,VILLA SAN GIOVANNI IN TUSCIA,1208,Comune,144.550,4.990,42.450,53.660,27.260,9.480,38.510,9.080,0.540,-,-,-,13.520,-,344.040,-,73.880,417.920,82.32
2024,056059,Lazio,Viterbo,VITERBO,66365,Comune,4702.830,122.140,3618.329,2305.550,414.300,267.783,2111.597,191.485,193.640,30.527,-,979.340,573.455,-,15510.976,-,12743.215,28254.191,54.90
2024,056060,Lazio,Viterbo,VITORCHIANO,5232,Comune,410.820,71.860,198.180,198.002,51.200,65.298,152.972,36.515,4.890,9.135,37.920,86.320,57.440,6.340,1386.892,-,408.740,1795.632,77.24
