{
"type": "FeatureCollection",
"name": "quartieri_con_indici",
"crs": { "type": "name", "properties": { "name": "urn:ogc:def:crs:OGC:1.3:CRS84" } },
"features": [
{ "type": "Feature", "properties": { "nome": "Centro Storico", "nome_slug": "Centro_Storico", "popolazione": 659, "famiglie": 345, "edifici": 146, "elevazione_media": 127.37, "pendenza_media": 10.88, "pendenza_max": 33.23, "rugosita_media": 2.41, "stabilita_media": 2.11, "costruibilita_media": 2.14, "radiazione_media": 0.46, "geomorfologia_dominante": "Versante" }, "geometry": { "type": "MultiPolygon", "coordinates": [ [ [ [ 12.618991770118617, 42.05168567663835 ], [ 12.619165027129112, 42.051604714192408 ], [ 12.61954499694227, 42.051425931462717 ], [ 12.620098194689003, 42.051192443216735 ], [ 12.620344354568589, 42.051088805994283 ], [ 12.620502785867751, 42.05102226442709 ], [ 12.620992099794497, 42.050829307441234 ], [ 12.62072699171739, 42.050379870481201 ], [ 12.620328906612071, 42.050453501241947 ], [ 12.619578929218585, 42.050445504691545 ], [ 12.619225238843466, 42.050366283777564 ], [ 12.618834879528572, 42.050278848265961 ], [ 12.618130233259398, 42.050143253016081 ], [ 12.617474142406884, 42.050055373231906 ], [ 12.617212116252141, 42.049956022541622 ], [ 12.614492895825423, 42.049483874415522 ], [ 12.613748985386058, 42.049420039498678 ], [ 12.6136935691343, 42.049415284303464 ], [ 12.613414859623717, 42.049409502075378 ], [ 12.612442682470734, 42.049600455655181 ], [ 12.6123672967378, 42.049346054421179 ], [ 12.611736430053938, 42.049513090864771 ], [ 12.6117068858783, 42.049777252566315 ], [ 12.610895107951183, 42.049963290095107 ], [ 12.610317005321502, 42.049988095397083 ], [ 12.610499135476813, 42.050176251178939 ], [ 12.611125575132604, 42.051414480611058 ], [ 12.611238813033996, 42.051602078918265 ], [ 12.611294929566188, 42.051695046060701 ], [ 12.612176926832026, 42.052196698914763 ], [ 12.612250622870588, 42.052234625763845 ], [ 12.612575789161836, 42.052386004542392 ], [ 12.61282394501263, 42.052527670481822 ], [ 12.613208475496826, 42.052787672365397 ], [ 12.613408795077541, 42.052930835039426 ], [ 12.613647325487211, 42.053101303448884 ], [ 12.613902633139322, 42.053309610606476 ], [ 12.61403357749645, 42.05326684628924 ], [ 12.614167725898366, 42.053235617599753 ], [ 12.614433032043213, 42.053186718821557 ], [ 12.614881591826361, 42.053177903026445 ], [ 12.615092893776742, 42.053122294567771 ], [ 12.61555025200871, 42.052993901380702 ], [ 12.61619902549824, 42.052841589551001 ], [ 12.616710620781987, 42.052709677850842 ], [ 12.616833568369424, 42.05266621087307 ], [ 12.616952758116394, 42.052625485421345 ], [ 12.617280314795831, 42.052516097595699 ], [ 12.6176866769584, 42.052318673134174 ], [ 12.617866373797112, 42.052227510540369 ], [ 12.618000237286564, 42.052160383646189 ], [ 12.61824023115151, 42.05205269981893 ], [ 12.618404885024594, 42.051962357929021 ], [ 12.618705090103099, 42.051821118949015 ], [ 12.618991770118617, 42.05168567663835 ] ], [ [ 12.617667291307233, 42.051640135360302 ], [ 12.617687918496127, 42.051806259880252 ], [ 12.617485980903643, 42.051803627665642 ], [ 12.617468057655834, 42.051649997365544 ], [ 12.617667291307233, 42.051640135360302 ] ] ] ] } },
{ "type": "Feature", "properties": { "nome": "San Matteo Reviola", "nome_slug": "San_Matteo_Reviola", "popolazione": 1417, "famiglie": 626, "edifici": 133, "elevazione_media": 88.9, "pendenza_media": 11.14, "pendenza_max": 80.8, "rugosita_media": 2.48, "stabilita_media": 2.18, "costruibilita_media": 2.16, "radiazione_media": 0.49, "geomorfologia_dominante": "Versante" }, "geometry": { "type": "MultiPolygon", "coordinates": [ [ [ [ 12.600292171582499, 42.036231953827816 ], [ 12.600304853610934, 42.036320483760363 ], [ 12.600325212439405, 42.03643426323179 ], [ 12.600278218815266, 42.036462308653697 ], [ 12.600228291436565, 42.036491877054601 ], [ 12.600058900498832, 42.036595002257577 ], [ 12.600009340125517, 42.036624891313068 ], [ 12.599901314779743, 42.036689120911532 ], [ 12.599850118199136, 42.036720582186703 ], [ 12.599801210400742, 42.036753707678905 ], [ 12.599501851077889, 42.036971723333238 ], [ 12.599457001931725, 42.03700423587604 ], [ 12.599411925058806, 42.037036609675191 ], [ 12.599085495725429, 42.037269973721543 ], [ 12.599042727877769, 42.037300548666977 ], [ 12.599000880933483, 42.037331046957689 ], [ 12.598956990780488, 42.037364186544181 ], [ 12.598826802295147, 42.037464270052006 ], [ 12.598783302451521, 42.037497757508831 ], [ 12.598732466658106, 42.037537015885739 ], [ 12.59868131158656, 42.037576567913646 ], [ 12.598589633038669, 42.03764745267479 ], [ 12.598545378895203, 42.037680165000602 ], [ 12.598498908574426, 42.037711473703489 ], [ 12.598403575604429, 42.037772842454103 ], [ 12.59835779029758, 42.037804647369803 ], [ 12.598167449155246, 42.037842881846494 ], [ 12.597992589316627, 42.037905912727702 ], [ 12.59795996396174, 42.037934590382562 ], [ 12.597925488391255, 42.03796224823315 ], [ 12.597897903532411, 42.037995713072121 ], [ 12.597860202728452, 42.038022280806217 ], [ 12.5978309170213, 42.038132310618735 ], [ 12.597759592656679, 42.038290897015536 ], [ 12.597697677044092, 42.038379787518522 ], [ 12.597654706073406, 42.038413057146158 ], [ 12.597616459473965, 42.038449430100101 ], [ 12.59758965487568, 42.038472098888917 ], [ 12.597546320889935, 42.038504867498943 ], [ 12.597492417820389, 42.038537603101197 ], [ 12.597438965959862, 42.038570650489916 ], [ 12.597323423754188, 42.038611501317284 ], [ 12.597085740952348, 42.03869134039239 ], [ 12.596788076500752, 42.038788744674065 ], [ 12.596152998242831, 42.03897046149438 ], [ 12.596103161961974, 42.038986048973186 ], [ 12.595814764476113, 42.039034984567401 ], [ 12.595364279595943, 42.039196984042725 ], [ 12.595017673776267, 42.039320879090198 ], [ 12.59471883814769, 42.039427884106082 ], [ 12.59435106641925, 42.039548187958594 ], [ 12.594018624167422, 42.039663118275598 ], [ 12.593972618324729, 42.039694780690226 ], [ 12.593832026029403, 42.039784174651004 ], [ 12.59378770914882, 42.03981665750095 ], [ 12.593747310607476, 42.039857056936206 ], [ 12.59370934884025, 42.039900952149253 ], [ 12.593757193918451, 42.03995344016807 ], [ 12.593703880276051, 42.039975396637274 ], [ 12.593668959402311, 42.039986285012873 ], [ 12.593608625618405, 42.040003586348689 ], [ 12.593546501783651, 42.040021362491643 ], [ 12.593482463830405, 42.040044137716698 ], [ 12.593420320397936, 42.040069811578562 ], [ 12.593355614735518, 42.040101009103964 ], [ 12.593306193700066, 42.040128845935214 ], [ 12.593202243413652, 42.040148232001521 ], [ 12.593149274097021, 42.040178225873383 ], [ 12.593104657841055, 42.04021228647472 ], [ 12.593067013490538, 42.040248585919542 ], [ 12.59302857360103, 42.040284745501403 ], [ 12.59285904193154, 42.040356482076277 ], [ 12.592725253356354, 42.040413338857086 ], [ 12.592626347817106, 42.040452914340634 ], [ 12.592524710214329, 42.040482604395436 ], [ 12.592421967874994, 42.04051269187454 ], [ 12.592301557247898, 42.040513155319729 ], [ 12.592259440590771, 42.040516132075318 ], [ 12.592177306093371, 42.040513634536474 ], [ 12.592095817256187, 42.040535759128417 ], [ 12.592017333330583, 42.040557617508711 ], [ 12.591815826650347, 42.040607161866724 ], [ 12.591770583214661, 42.040636759036353 ], [ 12.59172238319932, 42.040697536859291 ], [ 12.591675773480924, 42.040729770173343 ], [ 12.591625929714935, 42.040766670213777 ], [ 12.591574118202645, 42.040801858850173 ], [ 12.591379104017536, 42.040937689730299 ], [ 12.591334512708865, 42.040970547631957 ], [ 12.591231601792128, 42.040996383681417 ], [ 12.591198296454953, 42.041037464078265 ], [ 12.591163930497736, 42.04107408882119 ], [ 12.591124769625972, 42.041098559669109 ], [ 12.591083865671939, 42.041118275669582 ], [ 12.591041428231714, 42.041138475526857 ], [ 12.590955729374153, 42.041147505913891 ], [ 12.590894202386895, 42.041178794281137 ], [ 12.590832960530284, 42.041202006319587 ], [ 12.590788083430294, 42.041220953405997 ], [ 12.590739988070368, 42.041243155655138 ], [ 12.590696453717024, 42.041263979558252 ], [ 12.590647132926764, 42.041287502432901 ], [ 12.590520873924136, 42.041351115692805 ], [ 12.590474321472609, 42.041380548049311 ], [ 12.590385868220858, 42.041501897810917 ], [ 12.590342627366574, 42.041534984074154 ], [ 12.590228117912195, 42.041579459475521 ], [ 12.590087648166133, 42.041626572196584 ], [ 12.590032689869609, 42.041654074083247 ], [ 12.589989002580616, 42.041660748827915 ], [ 12.589955718367399, 42.04169290088749 ], [ 12.589841223886614, 42.041700186677346 ], [ 12.5897268769276, 42.041727430385428 ], [ 12.589681237947994, 42.04175947130981 ], [ 12.58956174771331, 42.041837505184738 ], [ 12.589516106209761, 42.041869547023488 ], [ 12.589321327332168, 42.0419511241885 ], [ 12.589166722220105, 42.042020702248479 ], [ 12.589115958957711, 42.04204670902439 ], [ 12.589068130587499, 42.042070712173718 ], [ 12.58901960189444, 42.042094485997751 ], [ 12.588963793107938, 42.042122238222866 ], [ 12.588908340005402, 42.042155102993462 ], [ 12.588858202621042, 42.042189776952654 ], [ 12.588805299381169, 42.042225490188464 ], [ 12.588754027327008, 42.042259731379723 ], [ 12.588669874166357, 42.042316702543566 ], [ 12.588623938353942, 42.042347801440876 ], [ 12.588577380140833, 42.042378896392741 ], [ 12.588530529582155, 42.042411878871121 ], [ 12.588478375189947, 42.042413247769161 ], [ 12.588354924787042, 42.042376804383217 ], [ 12.588198346549301, 42.042391111358143 ], [ 12.588161943588053, 42.042393358465986 ], [ 12.588113823885942, 42.042418012378498 ], [ 12.588073533351048, 42.042386183767547 ], [ 12.588058236494112, 42.042442094098284 ], [ 12.588035294414889, 42.04248358038307 ], [ 12.58804952241487, 42.042569844565932 ], [ 12.588026877323532, 42.04261081368405 ], [ 12.587999495994179, 42.042652477637922 ], [ 12.587965724340057, 42.042715010237856 ], [ 12.58792277961782, 42.042753797146247 ], [ 12.587888998730687, 42.042795259772745 ], [ 12.587839927024264, 42.042827275046363 ], [ 12.587781896218299, 42.042864239684086 ], [ 12.587619239317149, 42.042917133335528 ], [ 12.587576273999714, 42.04299028202766 ], [ 12.587532851284809, 42.043025973507078 ], [ 12.587558526336871, 42.043078913056412 ], [ 12.587643397891243, 42.043135240629923 ], [ 12.587707033987011, 42.043156751330024 ], [ 12.587850756062478, 42.04320283623094 ], [ 12.587977176836713, 42.043250852839407 ], [ 12.588055759235038, 42.043279206468164 ], [ 12.588072938827638, 42.043328396598859 ], [ 12.588025207609373, 42.043407691808085 ], [ 12.587976850267511, 42.043442637441302 ], [ 12.587927245166014, 42.043479859793244 ], [ 12.587809081217955, 42.04347501555602 ], [ 12.587776935818665, 42.04350537361556 ], [ 12.587746381098285, 42.043534975905814 ], [ 12.587710728327592, 42.04356931667278 ], [ 12.587719230713773, 42.043612037480784 ], [ 12.587726878911761, 42.04365141093961 ], [ 12.587674491222089, 42.043700211250517 ], [ 12.587622649263187, 42.043737298174179 ], [ 12.587587998091761, 42.043795620549275 ], [ 12.587543296501218, 42.043820777769739 ], [ 12.587499398105544, 42.043844345708294 ], [ 12.58745091591984, 42.043873289754387 ], [ 12.587420997806129, 42.043943195351709 ], [ 12.58742906191247, 42.044023196997898 ], [ 12.587433242225655, 42.044073432493185 ], [ 12.587405782570565, 42.044134483304077 ], [ 12.5873551456885, 42.04416717228888 ], [ 12.587301737984218, 42.044202937546231 ], [ 12.587181417382467, 42.044239528031902 ], [ 12.587044118840719, 42.044282730603058 ], [ 12.586992428540098, 42.044396781587963 ], [ 12.587022952344954, 42.044527440882689 ], [ 12.586987389306056, 42.044569890107098 ], [ 12.586955489996463, 42.044601780952462 ], [ 12.586916059223901, 42.044633666137742 ], [ 12.586864282509653, 42.044669808782757 ], [ 12.586818066481465, 42.044704278110807 ], [ 12.586762630779313, 42.04466852593842 ], [ 12.586678049720787, 42.044664787245679 ], [ 12.586628480878229, 42.044692665467899 ], [ 12.586570895075658, 42.044720605413325 ], [ 12.586523772030796, 42.044744356722305 ], [ 12.58648394877293, 42.044767432977252 ], [ 12.586381254047819, 42.044777665299073 ], [ 12.58632672826422, 42.044806272985731 ], [ 12.586265365722845, 42.044834297623957 ], [ 12.586123586596567, 42.04484662148321 ], [ 12.586033632200946, 42.044863893741159 ], [ 12.585984890467447, 42.044892673301412 ], [ 12.585923217043895, 42.044924406638771 ], [ 12.585872264437445, 42.044950869053793 ], [ 12.585821783736604, 42.044977860571414 ], [ 12.585769045561708, 42.045006576860366 ], [ 12.585720927363543, 42.045036178748838 ], [ 12.585602352589859, 42.04507687137253 ], [ 12.585293321844967, 42.04516954536102 ], [ 12.585246671725425, 42.045201454077215 ], [ 12.585197613009337, 42.045232425073202 ], [ 12.58512291075122, 42.045279585429789 ], [ 12.585076710683419, 42.045311208057541 ], [ 12.5848523845661, 42.045387406584851 ], [ 12.584815664160249, 42.045412676936543 ], [ 12.584778942569748, 42.045437948214122 ], [ 12.584389654071307, 42.045553004107447 ], [ 12.584269926250714, 42.045589340693503 ], [ 12.584148623914889, 42.045591306584811 ], [ 12.58397751213915, 42.045648357638299 ], [ 12.583875050630773, 42.045694173551809 ], [ 12.583812450291978, 42.045722155442412 ], [ 12.583747592734291, 42.045724904488068 ], [ 12.583664607271931, 42.045723888055832 ], [ 12.583549464802447, 42.04571149263829 ], [ 12.583513282142357, 42.045735940738446 ], [ 12.583408907528353, 42.045748087806771 ], [ 12.58336707386238, 42.045795454048651 ], [ 12.583369151639751, 42.045875728685886 ], [ 12.583307089540419, 42.045955945411542 ], [ 12.583264613822713, 42.045989263546971 ], [ 12.583219764635846, 42.04602812985668 ], [ 12.583145236240778, 42.04618077699309 ], [ 12.583106596251676, 42.04621656853967 ], [ 12.582969672416768, 42.046358908685633 ], [ 12.5829313146379, 42.04639486694532 ], [ 12.58289361791765, 42.046431560029028 ], [ 12.582717468454582, 42.046600959717082 ], [ 12.582682469706873, 42.04663845627465 ], [ 12.582532068643404, 42.046893622687918 ], [ 12.582493385830391, 42.046928279867892 ], [ 12.582463767044491, 42.046966086368073 ], [ 12.58232238220261, 42.047181958486831 ], [ 12.582290800460097, 42.047219601170575 ], [ 12.582254414288551, 42.047256003657118 ], [ 12.582143127908198, 42.047374830697997 ], [ 12.582104406602854, 42.047410186820123 ], [ 12.582060570485215, 42.047443531719274 ], [ 12.581935906804363, 42.047529578743948 ], [ 12.581889977245671, 42.047562136245297 ], [ 12.581827172506232, 42.047607860130029 ], [ 12.581782698538582, 42.04764110329117 ], [ 12.58174033924765, 42.047675407753637 ], [ 12.58163749505546, 42.047763307496105 ], [ 12.58159709055275, 42.047798732250953 ], [ 12.581559088710694, 42.047834452915168 ], [ 12.581536884762206, 42.047858344759881 ], [ 12.581501905006968, 42.047895107379702 ], [ 12.581452210231078, 42.04798213689952 ], [ 12.581409434314434, 42.048015420511646 ], [ 12.581382654235204, 42.048178109736199 ], [ 12.581377358004152, 42.048298451869478 ], [ 12.58170674712173, 42.048463266509806 ], [ 12.582629950545265, 42.04893370686171 ], [ 12.582473016598909, 42.049027533762008 ], [ 12.582273209040432, 42.049146993389598 ], [ 12.581428768402134, 42.049920345532612 ], [ 12.58132213611896, 42.050321881202805 ], [ 12.581936393943948, 42.050672533034998 ], [ 12.581584748521491, 42.051210657086159 ], [ 12.581823210706329, 42.051358556781665 ], [ 12.581676452924766, 42.051550287634818 ], [ 12.582298911560212, 42.051769469192195 ], [ 12.582932285684914, 42.051992383479778 ], [ 12.583567940902634, 42.052239582571033 ], [ 12.584479359994591, 42.052496515496159 ], [ 12.584002917271087, 42.053118953728173 ], [ 12.584380947881455, 42.053303690558572 ], [ 12.583982885591093, 42.053756902386219 ], [ 12.583238415779098, 42.054492658209021 ], [ 12.583019014195465, 42.054738819886445 ], [ 12.582910569432425, 42.05486240609568 ], [ 12.583598502177336, 42.055110700859466 ], [ 12.583842833210563, 42.055260848441094 ], [ 12.583973375216798, 42.055339404295616 ], [ 12.584417734360729, 42.055114960253171 ], [ 12.585342348280237, 42.05551037606687 ], [ 12.585140239189499, 42.055831557018784 ], [ 12.586197462426849, 42.055996694279102 ], [ 12.58643972585992, 42.055633704915302 ], [ 12.586481207609182, 42.055653377237476 ], [ 12.586569408939452, 42.055695207139792 ], [ 12.586918562145321, 42.055839590888539 ], [ 12.587106888626007, 42.055819578802989 ], [ 12.587230651317331, 42.055719258404984 ], [ 12.587269949966558, 42.055687403349495 ], [ 12.587058497508023, 42.055595500813176 ], [ 12.587117894472284, 42.055528796088844 ], [ 12.587180438470138, 42.055465000431845 ], [ 12.5872260945129, 42.05541345295066 ], [ 12.588053760882733, 42.055980549538148 ], [ 12.588297709059912, 42.056107044894858 ], [ 12.588346392894723, 42.056109328918673 ], [ 12.588478169544004, 42.056115513883761 ], [ 12.588598239268661, 42.055892908802846 ], [ 12.588139109205052, 42.055646078958141 ], [ 12.588178363495359, 42.055566733939429 ], [ 12.588215871544584, 42.055495424481414 ], [ 12.587778039944716, 42.055290284739407 ], [ 12.587536569980189, 42.055135690588799 ], [ 12.587325989700622, 42.055000872510959 ], [ 12.587319636162244, 42.054888118476455 ], [ 12.587403076167163, 42.054687840169869 ], [ 12.587656726615483, 42.054772638465003 ], [ 12.587712018107366, 42.05479112260219 ], [ 12.588031467767646, 42.054408064629904 ], [ 12.588058157752979, 42.054377893476271 ], [ 12.588650502975026, 42.054633485683418 ], [ 12.588907389210519, 42.054743186971947 ], [ 12.589203742018954, 42.05487149291433 ], [ 12.589267549687172, 42.054827137432184 ], [ 12.589266992571908, 42.054481236577345 ], [ 12.589232983075592, 42.054214038377133 ], [ 12.589150551862653, 42.054207684146071 ], [ 12.589061351155614, 42.054198978170106 ], [ 12.589008668411294, 42.054183494424912 ], [ 12.588713165811656, 42.054088596856857 ], [ 12.588318001201126, 42.053946185720953 ], [ 12.588484949223313, 42.053715053453082 ], [ 12.588756671138412, 42.053746456306094 ], [ 12.588841681599805, 42.053649717536658 ], [ 12.588637902643573, 42.053536487588318 ], [ 12.588557665873479, 42.05349732474842 ], [ 12.588605303201605, 42.05341143361116 ], [ 12.588635290180523, 42.053357368552831 ], [ 12.588546549582754, 42.05333002953865 ], [ 12.588469631590588, 42.053306333745546 ], [ 12.588570170882941, 42.053189114869312 ], [ 12.58818278905161, 42.052830271689515 ], [ 12.588283632643208, 42.052468703215624 ], [ 12.588835434660091, 42.052168589389936 ], [ 12.590048050152753, 42.052778072993313 ], [ 12.589950248453825, 42.053114198404351 ], [ 12.589626389128032, 42.053404097055086 ], [ 12.589552456744862, 42.053471102478568 ], [ 12.589585382090373, 42.053482132337017 ], [ 12.590293479690754, 42.053718898234528 ], [ 12.590559416482098, 42.053486493012102 ], [ 12.590581996109133, 42.053465177436124 ], [ 12.590927937296192, 42.053537382908083 ], [ 12.590960687894899, 42.053577656257815 ], [ 12.591195925842564, 42.053867011677198 ], [ 12.590977990017455, 42.054057987517396 ], [ 12.591020406015943, 42.054109490419521 ], [ 12.591511374939241, 42.054705633549197 ], [ 12.591671102882001, 42.054631048932926 ], [ 12.591750570595282, 42.054708433588686 ], [ 12.592342897209624, 42.055307566021966 ], [ 12.592883414111819, 42.055305930757378 ], [ 12.593095274377241, 42.055472920948212 ], [ 12.59312042720375, 42.055492747028048 ], [ 12.591747468169956, 42.055768257830273 ], [ 12.591577060093117, 42.055804487431963 ], [ 12.591710089984415, 42.055917592260855 ], [ 12.591632602469454, 42.056110936224464 ], [ 12.591299159252685, 42.056168889515504 ], [ 12.59092499159366, 42.05638182777642 ], [ 12.590827089160095, 42.056665520542623 ], [ 12.590600321714144, 42.056959736208647 ], [ 12.590756643055704, 42.057547842138348 ], [ 12.591489874902875, 42.057558641973621 ], [ 12.591778352150728, 42.057670239112561 ], [ 12.592052043941456, 42.057730568426749 ], [ 12.592318875392259, 42.057787878487858 ], [ 12.592418267840882, 42.057945092825427 ], [ 12.592366805437482, 42.057958540669475 ], [ 12.592949901564321, 42.058244102147867 ], [ 12.593049570329645, 42.058293590740796 ], [ 12.592706848798723, 42.058700973566268 ], [ 12.592633474808469, 42.058679219941794 ], [ 12.592340742729712, 42.05859243586189 ], [ 12.592254132719429, 42.058736341029814 ], [ 12.592262141200306, 42.058776673508305 ], [ 12.592280602297368, 42.058869643380994 ], [ 12.592210051525402, 42.058949541971522 ], [ 12.592120327860687, 42.059051153901471 ], [ 12.592110473890132, 42.059093830024104 ], [ 12.592145424324181, 42.05914804992279 ], [ 12.592249964976041, 42.059176473009551 ], [ 12.592507834371068, 42.059246585442594 ], [ 12.594647496554218, 42.059836979067242 ], [ 12.595161323531871, 42.060081553374658 ], [ 12.595223326924469, 42.060176108721969 ], [ 12.595294447548264, 42.060284567715783 ], [ 12.595314813247063, 42.060315648984286 ], [ 12.595340550965336, 42.06037348500341 ], [ 12.595323989671478, 42.060683943914903 ], [ 12.595320658838901, 42.060721520704043 ], [ 12.59558538008708, 42.060856773862149 ], [ 12.596046165633906, 42.060658603569131 ], [ 12.596186293813865, 42.060747044148435 ], [ 12.596471907176642, 42.060927309059018 ], [ 12.596623827651463, 42.061060373934346 ], [ 12.597327051554112, 42.060906262655635 ], [ 12.597552835312191, 42.061142681306507 ], [ 12.597632215331773, 42.061222595692129 ], [ 12.598162308297081, 42.060949736266799 ], [ 12.597930147783696, 42.060633135539078 ], [ 12.598179602216447, 42.060444927401484 ], [ 12.598653945246033, 42.059933920743667 ], [ 12.599048760157606, 42.060098047622695 ], [ 12.599116952915345, 42.060041694254124 ], [ 12.599462664846381, 42.059756014622202 ], [ 12.599346417381565, 42.059594040195236 ], [ 12.599330148021895, 42.059571408929322 ], [ 12.599657894040783, 42.05920159887048 ], [ 12.599814700578371, 42.059204879327567 ], [ 12.599895936251739, 42.059090204626415 ], [ 12.599924639692061, 42.059052672770882 ], [ 12.600088938773784, 42.059119213505234 ], [ 12.6003066698421, 42.058866303147752 ], [ 12.600342580916731, 42.058824588110788 ], [ 12.600729605614619, 42.05893017102634 ], [ 12.600775513290694, 42.05894269518609 ], [ 12.601010023180313, 42.058493718634544 ], [ 12.60118469061179, 42.057971383633799 ], [ 12.601342058574152, 42.057747270371017 ], [ 12.601377294021797, 42.057707026903863 ], [ 12.601439876508081, 42.057635545799997 ], [ 12.601527620639798, 42.057662537723282 ], [ 12.601735939530087, 42.057725391329079 ], [ 12.601898633347508, 42.057803289868232 ], [ 12.602016185698998, 42.057857353914017 ], [ 12.602230706650401, 42.057908033609642 ], [ 12.602262774437492, 42.057942178463314 ], [ 12.602323422879389, 42.058008909160911 ], [ 12.6022412443644, 42.058162915441855 ], [ 12.602202158588378, 42.058245207108094 ], [ 12.60292507452699, 42.05835579148993 ], [ 12.603102279995127, 42.058172296649531 ], [ 12.60321030646115, 42.058060435174696 ], [ 12.603280042882867, 42.058104991865115 ], [ 12.603372102410898, 42.05816381439184 ], [ 12.603416813159255, 42.05813833283554 ], [ 12.603472816250761, 42.058106415353684 ], [ 12.603794658305516, 42.058282237140737 ], [ 12.604886113385668, 42.057728829413783 ], [ 12.605421238040838, 42.057448581814846 ], [ 12.605332387805907, 42.057164718252622 ], [ 12.605455468582855, 42.056951663255468 ], [ 12.605575662758623, 42.056703764180959 ], [ 12.605503280043985, 42.056694490715579 ], [ 12.605570961639268, 42.056404551621945 ], [ 12.605595092477831, 42.05629647867439 ], [ 12.605395247425799, 42.056317004178837 ], [ 12.605405087889787, 42.056376806622048 ], [ 12.605368491685949, 42.056520908748269 ], [ 12.605306003073359, 42.056715857374726 ], [ 12.605139775254974, 42.056885478899623 ], [ 12.605049517978047, 42.056928820096445 ], [ 12.604925192044611, 42.05693511300003 ], [ 12.604779749554238, 42.056886563824385 ], [ 12.604630827358903, 42.056779973144685 ], [ 12.604557392365635, 42.05672433169596 ], [ 12.604482035514311, 42.056671172908381 ], [ 12.604233799325693, 42.05667356442013 ], [ 12.604163423999623, 42.056504958500568 ], [ 12.604108402011615, 42.056374860251914 ], [ 12.604088746991913, 42.05632804045419 ], [ 12.604058548917866, 42.056252928822531 ], [ 12.60397293750583, 42.056215591972261 ], [ 12.603895104781593, 42.056180425548973 ], [ 12.604167643351175, 42.055872647745993 ], [ 12.604333641638434, 42.055666381974646 ], [ 12.604373357447255, 42.055615479181341 ], [ 12.604508212919313, 42.055645007067035 ], [ 12.604763134899923, 42.055373573863839 ], [ 12.60464739545926, 42.055313201813938 ], [ 12.604740358368794, 42.055127379523405 ], [ 12.604770937391077, 42.055052335001044 ], [ 12.604687600413202, 42.054957582307061 ], [ 12.604824679187537, 42.054802280816368 ], [ 12.605010805126007, 42.054781869060577 ], [ 12.605466581992916, 42.054731884413322 ], [ 12.60538437660489, 42.054433744574368 ], [ 12.604948384230614, 42.054422548013378 ], [ 12.604860474235551, 42.054155715643624 ], [ 12.603763506254609, 42.054242878039489 ], [ 12.603636970556979, 42.053843984524704 ], [ 12.603349913719031, 42.053914988667245 ], [ 12.603381611483009, 42.05410768041714 ], [ 12.603155941757581, 42.054161260674917 ], [ 12.603127210361642, 42.054094047536502 ], [ 12.60280433270902, 42.054120312525932 ], [ 12.602714376296388, 42.053897067140184 ], [ 12.602477799941768, 42.053934655179241 ], [ 12.602293199122821, 42.053979195284533 ], [ 12.602127557504671, 42.054019159184392 ], [ 12.602125665949114, 42.054325351723236 ], [ 12.601910798941866, 42.054441382766264 ], [ 12.601430610103602, 42.054430633231568 ], [ 12.601351752961845, 42.054427145276513 ], [ 12.601400890083148, 42.054193176553042 ], [ 12.601239984626591, 42.054073235532634 ], [ 12.601031554202683, 42.053917656334214 ], [ 12.600974824722396, 42.053799057845033 ], [ 12.600925802008422, 42.053696765216827 ], [ 12.600841958478286, 42.053699712557261 ], [ 12.600675121734703, 42.053859590167015 ], [ 12.600608167980747, 42.053962412291042 ], [ 12.600513638155299, 42.054087175291045 ], [ 12.600501471564487, 42.053932890299585 ], [ 12.600044329892977, 42.053572628627613 ], [ 12.600248168542791, 42.053252184233585 ], [ 12.599591100544863, 42.05310854363794 ], [ 12.5993857695278, 42.053121759630429 ], [ 12.599317616349115, 42.053126345457287 ], [ 12.598538469733878, 42.05317628637038 ], [ 12.598140914009434, 42.052573737658577 ], [ 12.598045197117816, 42.052418983726483 ], [ 12.597983483046281, 42.052321028640456 ], [ 12.597948444987086, 42.052264331540556 ], [ 12.59762034457145, 42.051742450626136 ], [ 12.597654032346718, 42.051547070032228 ], [ 12.597730734038239, 42.051100298335577 ], [ 12.598046428719119, 42.051075968836869 ], [ 12.598416832921652, 42.050499236826013 ], [ 12.598059355281036, 42.050270938851675 ], [ 12.598004430295395, 42.050179000109935 ], [ 12.59792528895739, 42.050044450123465 ], [ 12.597759821102729, 42.04976386663008 ], [ 12.597436581690637, 42.049218811740083 ], [ 12.597261128037488, 42.048786514650928 ], [ 12.59689603356094, 42.048298279601305 ], [ 12.596835151643669, 42.0480632157375 ], [ 12.596805905089758, 42.047452132138638 ], [ 12.598414721378083, 42.047316971530734 ], [ 12.598389600157354, 42.048446457266024 ], [ 12.598411417124264, 42.048553401576008 ], [ 12.598427047959406, 42.048632202152277 ], [ 12.598505572599313, 42.049016265626776 ], [ 12.598639740658808, 42.049672620756546 ], [ 12.598707048520112, 42.049713190069603 ], [ 12.599470439770613, 42.05002442711001 ], [ 12.599864739386806, 42.050009994015809 ], [ 12.600253810774708, 42.049862265404862 ], [ 12.600388087841511, 42.050462561245538 ], [ 12.599858349288162, 42.050799431476989 ], [ 12.599183649645436, 42.050476283231426 ], [ 12.598634762394926, 42.051072909189891 ], [ 12.598666743042624, 42.051186265363 ], [ 12.598842751881575, 42.051133089815096 ], [ 12.599429198185726, 42.051390670833321 ], [ 12.599603880575829, 42.051381331225791 ], [ 12.600518308158094, 42.051634249502989 ], [ 12.600568439193971, 42.051669378997445 ], [ 12.600919075577702, 42.051673783848805 ], [ 12.601312148598133, 42.051728145311394 ], [ 12.601587042837828, 42.05195534040211 ], [ 12.601671889904232, 42.052015945254738 ], [ 12.602056863868349, 42.052290920758651 ], [ 12.602462400683017, 42.051857075618855 ], [ 12.602891116339421, 42.052395301130282 ], [ 12.603248092917653, 42.052288803392742 ], [ 12.602456869225696, 42.051077315808286 ], [ 12.602210736155264, 42.050669526657238 ], [ 12.601776890095985, 42.050153905696376 ], [ 12.601004288917716, 42.049839004210185 ], [ 12.600852389267823, 42.049705943319054 ], [ 12.601135984358896, 42.049581977648998 ], [ 12.600909721708517, 42.049109660008092 ], [ 12.600905242184337, 42.049070847120788 ], [ 12.600863836467937, 42.048712077963891 ], [ 12.600857129797383, 42.048653962235477 ], [ 12.600865436620236, 42.048433324621811 ], [ 12.601689983390134, 42.048294702863998 ], [ 12.602465231200114, 42.048972463561469 ], [ 12.602591503727981, 42.049352652422854 ], [ 12.602844334676863, 42.05004631535877 ], [ 12.602891714854385, 42.050129724566737 ], [ 12.603300925169719, 42.050073975347431 ], [ 12.603421764218108, 42.050564907679977 ], [ 12.603577556395475, 42.050944863369047 ], [ 12.603650596415731, 42.051009099467635 ], [ 12.60398063928098, 42.051299354816706 ], [ 12.604016300730917, 42.051330716322298 ], [ 12.604217754540176, 42.051555447960091 ], [ 12.604249128202403, 42.051581961896368 ], [ 12.60472497430391, 42.051955968470629 ], [ 12.604367314849101, 42.052195282396873 ], [ 12.604520318804052, 42.052352388722291 ], [ 12.604703035483258, 42.05254000134466 ], [ 12.605233419484538, 42.052343256187989 ], [ 12.605531423069266, 42.052239904707321 ], [ 12.605657346986545, 42.052196239019324 ], [ 12.605933610733819, 42.052266957410644 ], [ 12.606301370148307, 42.052222671337326 ], [ 12.606634165532336, 42.052645263051176 ], [ 12.606831569824339, 42.05260860824621 ], [ 12.607536193973875, 42.052300381959896 ], [ 12.607846336792443, 42.052397784696517 ], [ 12.608449461829291, 42.052313101446671 ], [ 12.608280494194434, 42.051978200302386 ], [ 12.608316906577352, 42.051472420776399 ], [ 12.608755324920425, 42.051403624766301 ], [ 12.609084335470762, 42.051462440077415 ], [ 12.609917150029711, 42.0511031230497 ], [ 12.609939671958319, 42.05112910015886 ], [ 12.610228025318737, 42.051263708586646 ], [ 12.610558029389525, 42.051671444139018 ], [ 12.61108347336191, 42.05161440990674 ], [ 12.611238813033996, 42.051602078918265 ], [ 12.611125575132604, 42.051414480611058 ], [ 12.610499135476813, 42.050176251178939 ], [ 12.610317005321502, 42.049988095397083 ], [ 12.610895107951183, 42.049963290095107 ], [ 12.6117068858783, 42.049777252566315 ], [ 12.611736430053938, 42.049513090864771 ], [ 12.6123672967378, 42.049346054421179 ], [ 12.612442682470734, 42.049600455655181 ], [ 12.613414859623717, 42.049409502075378 ], [ 12.6136935691343, 42.049415284303464 ], [ 12.613748985386058, 42.049420039498678 ], [ 12.614492895825423, 42.049483874415522 ], [ 12.617212116252141, 42.049956022541622 ], [ 12.617474142406884, 42.050055373231906 ], [ 12.618130233259398, 42.050143253016081 ], [ 12.618834879528572, 42.050278848265961 ], [ 12.619225238843466, 42.050366283777564 ], [ 12.619578929218585, 42.050445504691545 ], [ 12.620328906612071, 42.050453501241947 ], [ 12.62072699171739, 42.050379870481201 ], [ 12.620880203015934, 42.050351531932733 ], [ 12.621445296144387, 42.050151551630151 ], [ 12.621964229594374, 42.049965749948143 ], [ 12.621923561282888, 42.049939643577808 ], [ 12.621569577264882, 42.049506984125259 ], [ 12.62146987667899, 42.049524429201064 ], [ 12.621078934403059, 42.049057897588625 ], [ 12.620952074597851, 42.048833368986855 ], [ 12.620708675342568, 42.048835895397076 ], [ 12.620568506521451, 42.048851092647091 ], [ 12.620474520079373, 42.048861272342471 ], [ 12.620093235167676, 42.048755085749548 ], [ 12.61983717775181, 42.048553197662969 ], [ 12.619320819706765, 42.048262747583564 ], [ 12.619198757819603, 42.048162923161868 ], [ 12.619055212073768, 42.04804553966531 ], [ 12.618943852345831, 42.047936377734324 ], [ 12.618771572711198, 42.047767470164821 ], [ 12.618513268232745, 42.047626027556227 ], [ 12.618163608519126, 42.04747749175943 ], [ 12.618064169534341, 42.047435245873594 ], [ 12.617817966650138, 42.047241119330501 ], [ 12.617764661179285, 42.047145069891734 ], [ 12.617680066587667, 42.046992638851371 ], [ 12.617526978060607, 42.046800810830725 ], [ 12.617509471148743, 42.04676448359151 ], [ 12.61738202813085, 42.046723590048892 ], [ 12.617274211310844, 42.046373890206674 ], [ 12.61718039182661, 42.04624228516785 ], [ 12.616952583168789, 42.045962792194878 ], [ 12.616902792842533, 42.045777142412085 ], [ 12.616802797494275, 42.045674986482439 ], [ 12.616849352984062, 42.045527250062996 ], [ 12.617052406053062, 42.045509141975266 ], [ 12.617040670080216, 42.045164323240954 ], [ 12.617345468073218, 42.045148546367145 ], [ 12.617314157832286, 42.044963182504112 ], [ 12.617338852975156, 42.044778950727583 ], [ 12.61738301315442, 42.044656049085489 ], [ 12.617468680573454, 42.044505043916864 ], [ 12.617457941575875, 42.044432362583947 ], [ 12.617262346750774, 42.044435556494605 ], [ 12.617085343192532, 42.044414339591668 ], [ 12.617069367358019, 42.044203395562853 ], [ 12.617107876271254, 42.04396690839237 ], [ 12.617310432280373, 42.043945625189281 ], [ 12.617505487392128, 42.043974364603784 ], [ 12.617820728103004, 42.043869442387319 ], [ 12.618864571561769, 42.043522006632891 ], [ 12.619397663732164, 42.044022558597185 ], [ 12.619578026104014, 42.044040686193227 ], [ 12.620197475826428, 42.044318004968197 ], [ 12.6202962428203, 42.044423340264331 ], [ 12.620623467917971, 42.044933951460742 ], [ 12.621379984045154, 42.044687808110261 ], [ 12.621259147615319, 42.044396329257438 ], [ 12.621251509734826, 42.044262005742183 ], [ 12.621597442701658, 42.04413406353013 ], [ 12.621685088327203, 42.044109165176089 ], [ 12.621945037262549, 42.044035319624321 ], [ 12.622294669092424, 42.043961474985764 ], [ 12.622433662606692, 42.043932118687167 ], [ 12.623037112699301, 42.043817916873621 ], [ 12.623080506949105, 42.043737922309845 ], [ 12.623041306520674, 42.043217392519317 ], [ 12.622159332776592, 42.043052284505485 ], [ 12.622067392471084, 42.042823339730461 ], [ 12.623019219564178, 42.042660584711804 ], [ 12.623455045260755, 42.042568186343168 ], [ 12.623457179731032, 42.04311132977778 ], [ 12.62377344823949, 42.043108478615139 ], [ 12.623873973036552, 42.043527004352391 ], [ 12.623684976009971, 42.043575864401333 ], [ 12.623761080181906, 42.043902244303716 ], [ 12.622736751555067, 42.044158622080602 ], [ 12.622796667736662, 42.044303755716179 ], [ 12.622809825621832, 42.044335626284244 ], [ 12.622883026437892, 42.044382784617618 ], [ 12.622948338213709, 42.04442485875731 ], [ 12.623164064338358, 42.044353683262351 ], [ 12.623230797940048, 42.044466058995894 ], [ 12.623280798865281, 42.044550257456606 ], [ 12.623476365773184, 42.044589569925542 ], [ 12.623431122394264, 42.044356942185559 ], [ 12.623488500558553, 42.044345224062013 ], [ 12.623805979978679, 42.044280385594909 ], [ 12.623755451642925, 42.044181936955809 ], [ 12.623951040649626, 42.044154715626703 ], [ 12.624100452428358, 42.044133920982503 ], [ 12.624656134379705, 42.044055794554126 ], [ 12.624655473698562, 42.043976412706463 ], [ 12.625487766068421, 42.043773785481733 ], [ 12.625535016868966, 42.043835756229768 ], [ 12.625744369231645, 42.044077035112586 ], [ 12.625698719184092, 42.043794770946619 ], [ 12.625671914705219, 42.043629017951496 ], [ 12.625189812907786, 42.042616991394134 ], [ 12.625179450001058, 42.042591048760038 ], [ 12.625021055258209, 42.041970227167099 ], [ 12.624968335224752, 42.041760296032258 ], [ 12.624789515341197, 42.041072588136466 ], [ 12.623511179667393, 42.040685291328423 ], [ 12.622098879944739, 42.040629525327375 ], [ 12.622104377597481, 42.040189474231795 ], [ 12.622299625421391, 42.039480940002761 ], [ 12.622874534606144, 42.038332690805888 ], [ 12.623569518947166, 42.037185126431652 ], [ 12.624544459842285, 42.03597019044426 ], [ 12.625296505002339, 42.035090462541802 ], [ 12.62539100133098, 42.034979921385428 ], [ 12.625275766043456, 42.034533333938739 ], [ 12.624815266607754, 42.03422823270062 ], [ 12.623862874022169, 42.033848649413002 ], [ 12.62297443424435, 42.033372467274489 ], [ 12.622370278422954, 42.033062897034249 ], [ 12.622232535549619, 42.033102388047269 ], [ 12.622130158916645, 42.033131225350104 ], [ 12.621572432925205, 42.033292645971294 ], [ 12.621417277445989, 42.033336124150182 ], [ 12.62111227338163, 42.033390400635973 ], [ 12.619642161897774, 42.033662341361385 ], [ 12.618316544354585, 42.033569109349358 ], [ 12.617233516590167, 42.033135060422715 ], [ 12.616393597834159, 42.03234213045355 ], [ 12.616140561350951, 42.031995270471675 ], [ 12.615600433378415, 42.0312550706347 ], [ 12.615036405106069, 42.030214812022216 ], [ 12.61477296632332, 42.029669648386346 ], [ 12.614817115583536, 42.029464629142865 ], [ 12.614607782042327, 42.029460495638141 ], [ 12.614446959608042, 42.02947138466488 ], [ 12.614206900284932, 42.029514630611786 ], [ 12.613960166073646, 42.029570327549486 ], [ 12.613529159636913, 42.029671420550429 ], [ 12.613313677239001, 42.029722268798096 ], [ 12.613158316558152, 42.029758927432979 ], [ 12.612584322608946, 42.029725899285495 ], [ 12.61230663177353, 42.029699232919889 ], [ 12.612144704793007, 42.029728238657889 ], [ 12.611903568190401, 42.029768548466116 ], [ 12.611549592637665, 42.029876895939509 ], [ 12.611228582621814, 42.029977872568011 ], [ 12.610701085657961, 42.030161403960982 ], [ 12.610646006959264, 42.030182402713571 ], [ 12.610591334974474, 42.030204355739407 ], [ 12.609960420679197, 42.030451825911811 ], [ 12.60958860665445, 42.030578817869156 ], [ 12.609140150437572, 42.030731340532526 ], [ 12.608738781383497, 42.030874106416434 ], [ 12.608600711960905, 42.030924643746225 ], [ 12.60852769886505, 42.030951345077447 ], [ 12.608302875345972, 42.030958557311301 ], [ 12.608175507868385, 42.030962643024139 ], [ 12.607909393678826, 42.031028632399817 ], [ 12.607622317796432, 42.031099513997916 ], [ 12.607579575519297, 42.031133426653859 ], [ 12.606944278241066, 42.031621378490691 ], [ 12.606901570895698, 42.031655323114762 ], [ 12.606860654315181, 42.031690092941496 ], [ 12.606268574482119, 42.032209413490556 ], [ 12.606224179580746, 42.032246376220456 ], [ 12.606177347589748, 42.032282150434831 ], [ 12.605921053264835, 42.032469216665476 ], [ 12.605876572714203, 42.032501962329405 ], [ 12.60583240799355, 42.032534889842601 ], [ 12.605394746542842, 42.032862413327926 ], [ 12.605348384495752, 42.032895131521059 ], [ 12.605299557854579, 42.03292613256415 ], [ 12.605039957769311, 42.033083064656786 ], [ 12.604992873407628, 42.033113696510718 ], [ 12.604948886286872, 42.033146383977815 ], [ 12.604880897348343, 42.033199810489492 ], [ 12.604836175060381, 42.033231034348667 ], [ 12.604786390943119, 42.033258079781923 ], [ 12.604711025378842, 42.033294299563927 ], [ 12.604660026380115, 42.033320176509697 ], [ 12.604621576232692, 42.033343436451602 ], [ 12.604583521756879, 42.033369356549287 ], [ 12.60448981793475, 42.033438831989869 ], [ 12.604445877132779, 42.03347200496637 ], [ 12.604403372921627, 42.033505912565737 ], [ 12.604336563611026, 42.033561181857884 ], [ 12.604291262040325, 42.03359865771148 ], [ 12.604237554564294, 42.033643087481309 ], [ 12.604187415333234, 42.033684533417564 ], [ 12.604145610098286, 42.033718994348774 ], [ 12.604094666639869, 42.033760915768788 ], [ 12.604051964793808, 42.033796204478847 ], [ 12.604002273309618, 42.033825947187445 ], [ 12.603730912718712, 42.033969811004809 ], [ 12.603681881975458, 42.033996463082815 ], [ 12.603638459885621, 42.034024321048832 ], [ 12.603602236029616, 42.034189432777012 ], [ 12.603561976334278, 42.034224728276698 ], [ 12.603246442691379, 42.034501454402424 ], [ 12.603205452551531, 42.034537403071653 ], [ 12.603164536417209, 42.03457327285976 ], [ 12.603106697345684, 42.034570819058331 ], [ 12.602996866949308, 42.034562971207805 ], [ 12.602957254196982, 42.034570011758383 ], [ 12.602898334860653, 42.03457878471422 ], [ 12.602868931971749, 42.034613137215707 ], [ 12.602869014024371, 42.034648718720895 ], [ 12.602820217172102, 42.034755259557897 ], [ 12.602769331582111, 42.034794559993713 ], [ 12.602664844981128, 42.034837662957287 ], [ 12.602501015098216, 42.034881153169422 ], [ 12.602453598970257, 42.034911281145398 ], [ 12.602378733292044, 42.034953963517488 ], [ 12.602333432102052, 42.034979990849671 ], [ 12.602288519770031, 42.035006380541738 ], [ 12.60222816082627, 42.035042209955449 ], [ 12.602179406870238, 42.035070984123465 ], [ 12.602128574277936, 42.035097368894583 ], [ 12.602093922813433, 42.035113291315284 ], [ 12.60203975319129, 42.035137910622396 ], [ 12.60188534015917, 42.035207317787979 ], [ 12.601831664624932, 42.035232539198219 ], [ 12.601778064584648, 42.035257878875079 ], [ 12.601724081472398, 42.035282447149825 ], [ 12.601675121802993, 42.035304641491521 ], [ 12.601634247372118, 42.035322385559844 ], [ 12.60158313805602, 42.035349609023683 ], [ 12.601528805228709, 42.035376946351114 ], [ 12.601485603393568, 42.035396704015945 ], [ 12.601441675059652, 42.035418439422045 ], [ 12.601364787617204, 42.03544988819295 ], [ 12.601334303703982, 42.035486719959728 ], [ 12.601263395023114, 42.035583955958977 ], [ 12.601233089860425, 42.035621280946749 ], [ 12.601073893090691, 42.035913504174431 ], [ 12.601048704556602, 42.036044940044526 ], [ 12.601006464184898, 42.036066117992803 ], [ 12.600955908568229, 42.036075393519845 ], [ 12.600840472251894, 42.036103253379828 ], [ 12.600555423974013, 42.036032890684368 ], [ 12.600392557101626, 42.035996853678405 ], [ 12.600360696908378, 42.036026339115359 ], [ 12.600332644270825, 42.036056235333618 ], [ 12.600298813154764, 42.036080791321993 ], [ 12.600265874925226, 42.036108942769943 ], [ 12.600292171582499, 42.036231953827816 ] ] ] ] } },
{ "type": "Feature", "properties": { "nome": "Cappuccini", "nome_slug": "Cappuccini", "popolazione": 1011, "famiglie": 434, "edifici": 118, "elevazione_media": 141.78, "pendenza_media": 6.82, "pendenza_max": 77.33, "rugosita_media": 1.58, "stabilita_media": 1.51, "costruibilita_media": 1.49, "radiazione_media": 0.53, "geomorfologia_dominante": "Versante" }, "geometry": { "type": "MultiPolygon", "coordinates": [ [ [ [ 12.623755451642925, 42.044181936955809 ], [ 12.623805979978679, 42.044280385594909 ], [ 12.623488500558553, 42.044345224062013 ], [ 12.623431122394264, 42.044356942185559 ], [ 12.623476365773184, 42.044589569925542 ], [ 12.623280798865281, 42.044550257456606 ], [ 12.623230797940048, 42.044466058995894 ], [ 12.623164064338358, 42.044353683262351 ], [ 12.622948338213709, 42.04442485875731 ], [ 12.622883026437892, 42.044382784617618 ], [ 12.622809825621832, 42.044335626284244 ], [ 12.622796667736662, 42.044303755716179 ], [ 12.622736751555067, 42.044158622080602 ], [ 12.623761080181906, 42.043902244303716 ], [ 12.623684976009971, 42.043575864401333 ], [ 12.623873973036552, 42.043527004352391 ], [ 12.62377344823949, 42.043108478615139 ], [ 12.623457179731032, 42.04311132977778 ], [ 12.623455045260755, 42.042568186343168 ], [ 12.623019219564178, 42.042660584711804 ], [ 12.622067392471084, 42.042823339730461 ], [ 12.622159332776592, 42.043052284505485 ], [ 12.623041306520674, 42.043217392519317 ], [ 12.623080506949105, 42.043737922309845 ], [ 12.623037112699301, 42.043817916873621 ], [ 12.622433662606692, 42.043932118687167 ], [ 12.622294669092424, 42.043961474985764 ], [ 12.621945037262549, 42.044035319624321 ], [ 12.621685088327203, 42.044109165176089 ], [ 12.621597442701658, 42.04413406353013 ], [ 12.621251509734826, 42.044262005742183 ], [ 12.621259147615319, 42.044396329257438 ], [ 12.621379984045154, 42.044687808110261 ], [ 12.620623467917971, 42.044933951460742 ], [ 12.6202962428203, 42.044423340264331 ], [ 12.620197475826428, 42.044318004968197 ], [ 12.619578026104014, 42.044040686193227 ], [ 12.619397663732164, 42.044022558597185 ], [ 12.618864571561769, 42.043522006632891 ], [ 12.617820728103004, 42.043869442387319 ], [ 12.617505487392128, 42.043974364603784 ], [ 12.617310432280373, 42.043945625189281 ], [ 12.617107876271254, 42.04396690839237 ], [ 12.617069367358019, 42.044203395562853 ], [ 12.617085343192532, 42.044414339591668 ], [ 12.617262346750774, 42.044435556494605 ], [ 12.617457941575875, 42.044432362583947 ], [ 12.617468680573454, 42.044505043916864 ], [ 12.61738301315442, 42.044656049085489 ], [ 12.617338852975156, 42.044778950727583 ], [ 12.617314157832286, 42.044963182504112 ], [ 12.617345468073218, 42.045148546367145 ], [ 12.617040670080216, 42.045164323240954 ], [ 12.617052406053062, 42.045509141975266 ], [ 12.616849352984062, 42.045527250062996 ], [ 12.616802797494275, 42.045674986482439 ], [ 12.616902792842533, 42.045777142412085 ], [ 12.616952583168789, 42.045962792194878 ], [ 12.61718039182661, 42.04624228516785 ], [ 12.617274211310844, 42.046373890206674 ], [ 12.61738202813085, 42.046723590048892 ], [ 12.617509471148743, 42.04676448359151 ], [ 12.617526978060607, 42.046800810830725 ], [ 12.617680066587667, 42.046992638851371 ], [ 12.617764661179285, 42.047145069891734 ], [ 12.617817966650138, 42.047241119330501 ], [ 12.618064169534341, 42.047435245873594 ], [ 12.618163608519126, 42.04747749175943 ], [ 12.618513268232745, 42.047626027556227 ], [ 12.618771572711198, 42.047767470164821 ], [ 12.618943852345831, 42.047936377734324 ], [ 12.619055212073768, 42.04804553966531 ], [ 12.619198757819603, 42.048162923161868 ], [ 12.619320819706765, 42.048262747583564 ], [ 12.61983717775181, 42.048553197662969 ], [ 12.620093235167676, 42.048755085749548 ], [ 12.620474520079373, 42.048861272342471 ], [ 12.620568506521451, 42.048851092647091 ], [ 12.620708675342568, 42.048835895397076 ], [ 12.620952074597851, 42.048833368986855 ], [ 12.621078934403059, 42.049057897588625 ], [ 12.62146987667899, 42.049524429201064 ], [ 12.621569577264882, 42.049506984125259 ], [ 12.621923561282888, 42.049939643577808 ], [ 12.621964229594374, 42.049965749948143 ], [ 12.621445296144387, 42.050151551630151 ], [ 12.620880203015934, 42.050351531932733 ], [ 12.62072699171739, 42.050379870481201 ], [ 12.620992099794497, 42.050829307441234 ], [ 12.62123345785173, 42.050735185822738 ], [ 12.621830998137202, 42.050547003016206 ], [ 12.621873992680232, 42.050607243035444 ], [ 12.621322312320199, 42.05087047767897 ], [ 12.620463913768464, 42.051228770156676 ], [ 12.620664108474022, 42.051466956202567 ], [ 12.62075756963106, 42.05156774366553 ], [ 12.620835046769017, 42.051667514182434 ], [ 12.621119448536524, 42.051537121749647 ], [ 12.622624260942271, 42.051311443878326 ], [ 12.62291277448638, 42.051265847752695 ], [ 12.623576512109979, 42.051160920067481 ], [ 12.623746066614347, 42.051134122185239 ], [ 12.623289993779517, 42.050651618344432 ], [ 12.624342819817828, 42.050446792728458 ], [ 12.624310631441478, 42.050359597623242 ], [ 12.62386451121268, 42.049733685559083 ], [ 12.624447249545502, 42.049049811630233 ], [ 12.624642577341405, 42.048876714557331 ], [ 12.624868254194219, 42.048699824497291 ], [ 12.624957378005277, 42.048580859506735 ], [ 12.625072802015911, 42.048502755412933 ], [ 12.625183459401878, 42.048509381469849 ], [ 12.625328670355675, 42.048533378715163 ], [ 12.625458392681528, 42.048622193575653 ], [ 12.625803760516463, 42.048961496787932 ], [ 12.626076843454561, 42.049210168731697 ], [ 12.626410207907099, 42.049506964816871 ], [ 12.626575660775519, 42.049963031700699 ], [ 12.627210114267299, 42.049812524538275 ], [ 12.627293310147484, 42.04984205479213 ], [ 12.626646999058259, 42.048056688756461 ], [ 12.626570326081159, 42.047382412011018 ], [ 12.626397849994126, 42.047187617509891 ], [ 12.626336186341669, 42.047118792218988 ], [ 12.626190404588446, 42.046953333062305 ], [ 12.626038303811409, 42.046784008881772 ], [ 12.625867940688657, 42.04659435323039 ], [ 12.625747707640979, 42.04645857347095 ], [ 12.625747639951175, 42.046424347775535 ], [ 12.625746333380485, 42.045864319891614 ], [ 12.625766833979011, 42.045718134438836 ], [ 12.625862640475946, 42.045038231660833 ], [ 12.625880058878616, 42.044914622160476 ], [ 12.625866124926905, 42.044818205461773 ], [ 12.625805934546364, 42.044457708166782 ], [ 12.625744369231645, 42.044077035112586 ], [ 12.625535016868966, 42.043835756229768 ], [ 12.625487766068421, 42.043773785481733 ], [ 12.624655473698562, 42.043976412706463 ], [ 12.624656134379705, 42.044055794554126 ], [ 12.624100452428358, 42.044133920982503 ], [ 12.623951040649626, 42.044154715626703 ], [ 12.623755451642925, 42.044181936955809 ] ] ] ] } },
{ "type": "Feature", "properties": { "nome": "Crocetta ViaMazzini", "nome_slug": "Crocetta_ViaMazzini", "popolazione": 980, "famiglie": 439, "edifici": 110, "elevazione_media": 122.97, "pendenza_media": 4.49, "pendenza_max": 16.97, "rugosita_media": 0.97, "stabilita_media": 1.11, "costruibilita_media": 1.11, "radiazione_media": 0.52, "geomorfologia_dominante": "Versante" }, "geometry": { "type": "MultiPolygon", "coordinates": [ [ [ [ 12.620664108474022, 42.051466956202567 ], [ 12.620463913768464, 42.051228770156676 ], [ 12.621322312320199, 42.05087047767897 ], [ 12.621873992680232, 42.050607243035444 ], [ 12.621830998137202, 42.050547003016206 ], [ 12.62123345785173, 42.050735185822738 ], [ 12.620992099794497, 42.050829307441234 ], [ 12.620502785867751, 42.05102226442709 ], [ 12.620344354568589, 42.051088805994283 ], [ 12.620098194689003, 42.051192443216735 ], [ 12.61954499694227, 42.051425931462717 ], [ 12.619165027129112, 42.051604714192408 ], [ 12.618991770118617, 42.05168567663835 ], [ 12.618705090103099, 42.051821118949015 ], [ 12.618404885024594, 42.051962357929021 ], [ 12.61824023115151, 42.05205269981893 ], [ 12.618000237286564, 42.052160383646189 ], [ 12.617866373797112, 42.052227510540369 ], [ 12.6176866769584, 42.052318673134174 ], [ 12.617280314795831, 42.052516097595699 ], [ 12.616952758116394, 42.052625485421345 ], [ 12.616833568369424, 42.05266621087307 ], [ 12.616710620781987, 42.052709677850842 ], [ 12.61619902549824, 42.052841589551001 ], [ 12.61555025200871, 42.052993901380702 ], [ 12.615092893776742, 42.053122294567771 ], [ 12.614881591826361, 42.053177903026445 ], [ 12.614926602684251, 42.053261201714932 ], [ 12.61505933543037, 42.053750178057378 ], [ 12.615282150853464, 42.053790564747018 ], [ 12.615405038319379, 42.053812856369944 ], [ 12.615731576339842, 42.053903652121917 ], [ 12.616212700184652, 42.053949643898889 ], [ 12.616502237772259, 42.054025874425797 ], [ 12.616682877908339, 42.054073434041996 ], [ 12.617002511365026, 42.054134071078593 ], [ 12.617285191772833, 42.054161460981383 ], [ 12.617475586822685, 42.054179906283473 ], [ 12.617895214044013, 42.054196918600503 ], [ 12.618012421980261, 42.054201669890709 ], [ 12.618436634574907, 42.054259813110107 ], [ 12.618636651644859, 42.054339373900781 ], [ 12.618828325108455, 42.054415301423631 ], [ 12.618894728409359, 42.054441660701428 ], [ 12.619217311476067, 42.054607437420906 ], [ 12.619262287030622, 42.054630550624218 ], [ 12.61938168148343, 42.054691916157985 ], [ 12.619654477466892, 42.05485438409579 ], [ 12.619726009828391, 42.054889760317693 ], [ 12.620003240967874, 42.055026862430779 ], [ 12.620209645170581, 42.055011629564675 ], [ 12.621203840655445, 42.055278036951478 ], [ 12.622059900601245, 42.055628017168907 ], [ 12.622177563913784, 42.055676120077671 ], [ 12.622747325543823, 42.055997619625735 ], [ 12.623068176794765, 42.056158422629004 ], [ 12.623595084682234, 42.05633382210651 ], [ 12.623699341710026, 42.054074961698042 ], [ 12.623721348752094, 42.052669227052647 ], [ 12.624139968677486, 42.052623571029315 ], [ 12.624498696379872, 42.052783327440643 ], [ 12.624884032272321, 42.052967064516658 ], [ 12.625050426859524, 42.053046411313929 ], [ 12.625394358631899, 42.053210413897176 ], [ 12.625529613365103, 42.053236969683624 ], [ 12.625791531592586, 42.053341233668903 ], [ 12.626206441892277, 42.05353407994334 ], [ 12.626381059308894, 42.053615230311422 ], [ 12.62701172664489, 42.053842907507423 ], [ 12.627892463957801, 42.054112181419967 ], [ 12.627998166944099, 42.054148557267197 ], [ 12.628172015229374, 42.054208403357222 ], [ 12.628492723953132, 42.054322814183912 ], [ 12.629666888929176, 42.054666679956306 ], [ 12.62971234126449, 42.054679991206577 ], [ 12.629779784959286, 42.054699742242931 ], [ 12.630903795654632, 42.053300964685228 ], [ 12.63092916957963, 42.05320918903503 ], [ 12.630945468093815, 42.053180496098236 ], [ 12.629912722364319, 42.052634929178843 ], [ 12.628744074126633, 42.051985772637465 ], [ 12.628223871564227, 42.051531101395774 ], [ 12.628005934381216, 42.051367324529799 ], [ 12.627923299054848, 42.051305224139746 ], [ 12.627293310147484, 42.04984205479213 ], [ 12.627210114267299, 42.049812524538275 ], [ 12.626575660775519, 42.049963031700699 ], [ 12.626410207907099, 42.049506964816871 ], [ 12.626076843454561, 42.049210168731697 ], [ 12.625803760516463, 42.048961496787932 ], [ 12.625458392681528, 42.048622193575653 ], [ 12.625328670355675, 42.048533378715163 ], [ 12.625183459401878, 42.048509381469849 ], [ 12.625072802015911, 42.048502755412933 ], [ 12.624957378005277, 42.048580859506735 ], [ 12.624868254194219, 42.048699824497291 ], [ 12.624642577341405, 42.048876714557331 ], [ 12.624447249545502, 42.049049811630233 ], [ 12.62386451121268, 42.049733685559083 ], [ 12.624310631441478, 42.050359597623242 ], [ 12.624342819817828, 42.050446792728458 ], [ 12.623289993779517, 42.050651618344432 ], [ 12.623746066614347, 42.051134122185239 ], [ 12.623576512109979, 42.051160920067481 ], [ 12.62291277448638, 42.051265847752695 ], [ 12.622624260942271, 42.051311443878326 ], [ 12.621119448536524, 42.051537121749647 ], [ 12.620835046769017, 42.051667514182434 ], [ 12.62075756963106, 42.05156774366553 ], [ 12.620664108474022, 42.051466956202567 ] ] ] ] } },
{ "type": "Feature", "properties": { "nome": "Spineti Tufarelle", "nome_slug": "Spineti_Tufarelle", "popolazione": 602, "famiglie": 264, "edifici": 67, "elevazione_media": 113.08, "pendenza_media": 4.35, "pendenza_max": 70.85, "rugosita_media": 1.15, "stabilita_media": 1.15, "costruibilita_media": 1.13, "radiazione_media": 0.55, "geomorfologia_dominante": "Pianura/fondovalle" }, "geometry": { "type": "MultiPolygon", "coordinates": [ [ [ [ 12.63557226009002, 42.056027856246878 ], [ 12.636358155962197, 42.055794457868828 ], [ 12.636174487971918, 42.055377390754082 ], [ 12.636017650711697, 42.055430016364539 ], [ 12.635384514188679, 42.054419669107958 ], [ 12.635218339794068, 42.054168820654652 ], [ 12.634897109839816, 42.05383479000924 ], [ 12.634851797323622, 42.053806159390739 ], [ 12.63476857645975, 42.053754463228444 ], [ 12.633823876475182, 42.053167907706488 ], [ 12.633772342135254, 42.053157262697383 ], [ 12.631953264533372, 42.05278147153323 ], [ 12.630784603753314, 42.052586760831041 ], [ 12.629865935114879, 42.052432036410565 ], [ 12.629140066506739, 42.052087167363801 ], [ 12.628764045210019, 42.05160595200833 ], [ 12.628561039052062, 42.051346150919152 ], [ 12.628309270848469, 42.051023910043163 ], [ 12.627751142822079, 42.04978993281847 ], [ 12.627255083496177, 42.04851797311423 ], [ 12.626768209760192, 42.047605900869513 ], [ 12.626570326081159, 42.047382412011018 ], [ 12.626646999058259, 42.048056688756461 ], [ 12.627293310147484, 42.04984205479213 ], [ 12.627923299054848, 42.051305224139746 ], [ 12.628005934381216, 42.051367324529799 ], [ 12.628223871564227, 42.051531101395774 ], [ 12.628744074126633, 42.051985772637465 ], [ 12.629912722364319, 42.052634929178843 ], [ 12.630945468093815, 42.053180496098236 ], [ 12.63092916957963, 42.05320918903503 ], [ 12.630903795654632, 42.053300964685228 ], [ 12.629779784959286, 42.054699742242931 ], [ 12.62971234126449, 42.054679991206577 ], [ 12.629666888929176, 42.054666679956306 ], [ 12.628492723953132, 42.054322814183912 ], [ 12.628172015229374, 42.054208403357222 ], [ 12.627998166944099, 42.054148557267197 ], [ 12.627892463957801, 42.054112181419967 ], [ 12.62701172664489, 42.053842907507423 ], [ 12.626381059308894, 42.053615230311422 ], [ 12.626206441892277, 42.05353407994334 ], [ 12.625791531592586, 42.053341233668903 ], [ 12.625529613365103, 42.053236969683624 ], [ 12.625394358631899, 42.053210413897176 ], [ 12.625050426859524, 42.053046411313929 ], [ 12.624884032272321, 42.052967064516658 ], [ 12.624498696379872, 42.052783327440643 ], [ 12.624139968677486, 42.052623571029315 ], [ 12.623721348752094, 42.052669227052647 ], [ 12.623699341710026, 42.054074961698042 ], [ 12.623595084682234, 42.05633382210651 ], [ 12.623964914617641, 42.05642272211152 ], [ 12.624239743573954, 42.056488784962731 ], [ 12.624634875108601, 42.056690715790708 ], [ 12.624679465464805, 42.056736541688444 ], [ 12.624894644470624, 42.056957679217675 ], [ 12.625118289996092, 42.057179870440422 ], [ 12.625275638900931, 42.057332309561453 ], [ 12.626355549631, 42.057937848541755 ], [ 12.62645998439705, 42.05799449495715 ], [ 12.627154050663908, 42.058370954220095 ], [ 12.627870992825054, 42.058759813086724 ], [ 12.631879086003217, 42.060782358173554 ], [ 12.632084700339645, 42.060748650237798 ], [ 12.632197740090268, 42.061148809920439 ], [ 12.632399547513963, 42.061432207232421 ], [ 12.632441595772931, 42.061399941696905 ], [ 12.635261904324503, 42.060119276620355 ], [ 12.635857046266405, 42.05962389938108 ], [ 12.636055410735993, 42.059188272698414 ], [ 12.636316068035017, 42.058424879473812 ], [ 12.636159915050625, 42.057889873997695 ], [ 12.635902672548857, 42.057008494681952 ], [ 12.635703397500089, 42.056417066905411 ], [ 12.63557226009002, 42.056027856246878 ] ] ] ] } },
{ "type": "Feature", "properties": { "nome": "Stadio LaFonte", "nome_slug": "Stadio_LaFonte", "popolazione": 1600, "famiglie": 613, "edifici": 223, "elevazione_media": 92.26, "pendenza_media": 4.21, "pendenza_max": 22.59, "rugosita_media": 0.91, "stabilita_media": 1.23, "costruibilita_media": 1.21, "radiazione_media": 0.56, "geomorfologia_dominante": "Pianura/fondovalle" }, "geometry": { "type": "MultiPolygon", "coordinates": [ [ [ [ 12.62279885662166, 42.057546491531447 ], [ 12.621738199896482, 42.057977933152635 ], [ 12.622127177829233, 42.058775023624911 ], [ 12.622240191348521, 42.058933645891358 ], [ 12.622500696859301, 42.059299282160907 ], [ 12.622864599518644, 42.059603906940609 ], [ 12.622922184658814, 42.059649953090343 ], [ 12.622836181515909, 42.059674899639845 ], [ 12.62210118746439, 42.059711646885184 ], [ 12.621447329615931, 42.059727789429274 ], [ 12.621283511379502, 42.059728246830879 ], [ 12.621202126004965, 42.059728474204562 ], [ 12.621134702470096, 42.059728668335623 ], [ 12.620945278917461, 42.059770667914052 ], [ 12.620602002685544, 42.059763514303334 ], [ 12.620323626770791, 42.059835340431086 ], [ 12.620247291037479, 42.059873767699045 ], [ 12.620104579764005, 42.059914291353465 ], [ 12.620125584682015, 42.060095645568538 ], [ 12.619999878391884, 42.060306400054522 ], [ 12.619874646361549, 42.060504600364631 ], [ 12.61986407154647, 42.060548744963242 ], [ 12.619852055083728, 42.06059890161275 ], [ 12.619844727138641, 42.060629490627655 ], [ 12.619805813840324, 42.06083250615692 ], [ 12.61989307919321, 42.060914415132615 ], [ 12.620074172523642, 42.061165581106451 ], [ 12.620286381020867, 42.061046696018906 ], [ 12.62058472150918, 42.060771374883949 ], [ 12.620853960923546, 42.06085770820988 ], [ 12.620922987080959, 42.060880502157431 ], [ 12.620977245657675, 42.06089724138927 ], [ 12.621268583161466, 42.060749769784891 ], [ 12.62152057050991, 42.060885229711893 ], [ 12.621627217794501, 42.060942945208041 ], [ 12.621754444693549, 42.061010951936829 ], [ 12.621783815016107, 42.061068788598824 ], [ 12.622060439205326, 42.061613514416194 ], [ 12.622429156190899, 42.062340517971535 ], [ 12.622023036693415, 42.062470222870559 ], [ 12.622391217402873, 42.063171194582615 ], [ 12.622817675666751, 42.063026394734024 ], [ 12.622909313805845, 42.062995280127289 ], [ 12.622974139202098, 42.06312546874674 ], [ 12.623204690603664, 42.063588769470854 ], [ 12.623231239141845, 42.06364180267223 ], [ 12.623288548064645, 42.063621922169773 ], [ 12.623408984453265, 42.063827182451661 ], [ 12.622327879643803, 42.064134886320304 ], [ 12.622610937703881, 42.064726329778331 ], [ 12.623347215023715, 42.064517221572089 ], [ 12.623447591131285, 42.064646610180922 ], [ 12.623450705806592, 42.064679665232482 ], [ 12.623461615487981, 42.064764792081725 ], [ 12.623537221632068, 42.065287244580581 ], [ 12.623401699691135, 42.065517221081912 ], [ 12.62350794413976, 42.066000690709132 ], [ 12.623074003101168, 42.066175990061957 ], [ 12.623066869644042, 42.066408246035365 ], [ 12.622859268748071, 42.066879934488874 ], [ 12.62283106821168, 42.066944010973934 ], [ 12.622627932571021, 42.068181842676246 ], [ 12.623254112874202, 42.068224049238772 ], [ 12.623676006326264, 42.068377559378682 ], [ 12.623549214000858, 42.068726968506617 ], [ 12.623491100537176, 42.068793175863796 ], [ 12.623451259016903, 42.068841456180479 ], [ 12.623405452220027, 42.068899330479255 ], [ 12.623368623968322, 42.068898319228133 ], [ 12.623330144871762, 42.068899578912045 ], [ 12.62326200180185, 42.068900275264568 ], [ 12.623216719140157, 42.068899420473898 ], [ 12.623126124486189, 42.068898575316673 ], [ 12.623065326230517, 42.068898517998122 ], [ 12.62297473746443, 42.06889803092178 ], [ 12.622868663828353, 42.068896970686794 ], [ 12.62249836281344, 42.068893050107398 ], [ 12.622495721360623, 42.068947124879202 ], [ 12.622474054397324, 42.069390593326816 ], [ 12.622636674467374, 42.069503317769716 ], [ 12.622889952186537, 42.069675252956792 ], [ 12.623067481337682, 42.069717176096717 ], [ 12.623208268994286, 42.069750277842878 ], [ 12.623817955893518, 42.069677822588218 ], [ 12.623933813934539, 42.06972760134515 ], [ 12.624114086070099, 42.070115167909393 ], [ 12.623690558764515, 42.070224533098937 ], [ 12.623912970189913, 42.070844770924104 ], [ 12.623531866139897, 42.070920635699949 ], [ 12.623530732610416, 42.071080623785157 ], [ 12.623574283990509, 42.071396590434063 ], [ 12.62451296047038, 42.071289457473505 ], [ 12.624346305634331, 42.071744355553648 ], [ 12.624316383252021, 42.071826032477134 ], [ 12.624439429548799, 42.07220848967863 ], [ 12.625580235079743, 42.072129825467357 ], [ 12.625758207072915, 42.072096444796124 ], [ 12.626007207357729, 42.071864612550861 ], [ 12.626317456190222, 42.071086518907549 ], [ 12.62643006393264, 42.070861043367643 ], [ 12.626424409042789, 42.07080667545172 ], [ 12.626419298542748, 42.070666799734497 ], [ 12.626408470696081, 42.070297857074678 ], [ 12.626714085894131, 42.070149919758499 ], [ 12.627025091725971, 42.070597422985841 ], [ 12.627253685265696, 42.070600824152244 ], [ 12.627480527791043, 42.0704424227023 ], [ 12.627656770068533, 42.070319218901652 ], [ 12.627458230332905, 42.070123987631206 ], [ 12.627363339080395, 42.070034430707935 ], [ 12.627935801958159, 42.069460700246061 ], [ 12.627808914278882, 42.069180442925919 ], [ 12.627378201822276, 42.069156934519683 ], [ 12.626839691581843, 42.069394204326549 ], [ 12.62642529485845, 42.068932652236484 ], [ 12.62640560928536, 42.068890859371578 ], [ 12.626334533662821, 42.068739965321029 ], [ 12.62595265361897, 42.067929231264479 ], [ 12.625808558395157, 42.067203858117445 ], [ 12.625754455647041, 42.06693151071628 ], [ 12.625721225867148, 42.066244049964723 ], [ 12.627404799640253, 42.066337332628855 ], [ 12.62768028849878, 42.065787761522586 ], [ 12.627452669246235, 42.065578481031565 ], [ 12.627540331677526, 42.065331891729763 ], [ 12.627615085059855, 42.065261772616431 ], [ 12.628150112996179, 42.06476001098298 ], [ 12.628540656613753, 42.06447780290776 ], [ 12.629232949466699, 42.064563096501296 ], [ 12.629517161574823, 42.064220546475639 ], [ 12.629869590087344, 42.064233211106014 ], [ 12.630449210762819, 42.063464366385475 ], [ 12.629899190136438, 42.063350749736088 ], [ 12.632399547513963, 42.061432207232421 ], [ 12.632197740090268, 42.061148809920439 ], [ 12.632084700339645, 42.060748650237798 ], [ 12.631879086003217, 42.060782358173554 ], [ 12.627870992825054, 42.058759813086724 ], [ 12.627154050663908, 42.058370954220095 ], [ 12.62645998439705, 42.05799449495715 ], [ 12.626355549631, 42.057937848541755 ], [ 12.625275638900931, 42.057332309561453 ], [ 12.625118289996092, 42.057179870440422 ], [ 12.624894644470624, 42.056957679217675 ], [ 12.624840154528224, 42.056983389236905 ], [ 12.624162372341532, 42.057139860528757 ], [ 12.623555515690171, 42.057257233818426 ], [ 12.623056636363369, 42.057423101175019 ], [ 12.622886699842274, 42.057523141028895 ], [ 12.62279885662166, 42.057546491531447 ] ] ] ] } },
{ "type": "Feature", "properties": { "nome": "Santa Maria", "nome_slug": "Santa_Maria", "popolazione": 528, "famiglie": 245, "edifici": 77, "elevazione_media": 122.45, "pendenza_media": 7.75, "pendenza_max": 27.34, "rugosita_media": 1.69, "stabilita_media": 1.67, "costruibilita_media": 1.66, "radiazione_media": 0.5, "geomorfologia_dominante": "Versante" }, "geometry": { "type": "MultiPolygon", "coordinates": [ [ [ [ 12.619262287030622, 42.054630550624218 ], [ 12.619217311476067, 42.054607437420906 ], [ 12.618894728409359, 42.054441660701428 ], [ 12.618828325108455, 42.054415301423631 ], [ 12.618636651644859, 42.054339373900781 ], [ 12.618436634574907, 42.054259813110107 ], [ 12.618012421980261, 42.054201669890709 ], [ 12.617895214044013, 42.054196918600503 ], [ 12.617475586822685, 42.054179906283473 ], [ 12.617285191772833, 42.054161460981383 ], [ 12.617002511365026, 42.054134071078593 ], [ 12.616682877908339, 42.054073434041996 ], [ 12.616502237772259, 42.054025874425797 ], [ 12.616212700184652, 42.053949643898889 ], [ 12.615731576339842, 42.053903652121917 ], [ 12.615405038319379, 42.053812856369944 ], [ 12.615282150853464, 42.053790564747018 ], [ 12.61505933543037, 42.053750178057378 ], [ 12.615098835544954, 42.053896299030583 ], [ 12.615133569415123, 42.054024718452077 ], [ 12.615284109484554, 42.054357505116421 ], [ 12.615579859844436, 42.054770541911502 ], [ 12.615344564103308, 42.054968465033866 ], [ 12.614818472777058, 42.055275456473964 ], [ 12.614534799262939, 42.055390165617418 ], [ 12.614389970961609, 42.055438772075156 ], [ 12.614092323432155, 42.055538667682114 ], [ 12.613823763856111, 42.055596668526306 ], [ 12.612989889169981, 42.055780503165821 ], [ 12.612667550111698, 42.05600759160555 ], [ 12.61260983748045, 42.056052854805458 ], [ 12.612142121848658, 42.056420404069968 ], [ 12.612764562423717, 42.056939999369007 ], [ 12.613528839692158, 42.056656598996213 ], [ 12.613645180731512, 42.056612415289578 ], [ 12.613600173828321, 42.056914089459738 ], [ 12.613592311279195, 42.056976623899146 ], [ 12.613961946984055, 42.057057379881023 ], [ 12.614273392884895, 42.057288276409345 ], [ 12.6146176631432, 42.05752001440905 ], [ 12.614726663925392, 42.057593385372769 ], [ 12.614802957460833, 42.057644740162615 ], [ 12.615059824492159, 42.057803907873058 ], [ 12.614995680438486, 42.05788983601834 ], [ 12.614662946212706, 42.058240925126384 ], [ 12.614674234976622, 42.058448081963633 ], [ 12.614716446696232, 42.058485806911122 ], [ 12.614845277267888, 42.058610017036791 ], [ 12.614357392777862, 42.059067465266615 ], [ 12.61358437426774, 42.058759135211446 ], [ 12.613198317192316, 42.059116420680425 ], [ 12.612035944404427, 42.05925295542086 ], [ 12.612511143252146, 42.05965737587232 ], [ 12.612818173857372, 42.059839121775916 ], [ 12.612862103135383, 42.06019571700282 ], [ 12.612442576158873, 42.060229738286502 ], [ 12.612135930988231, 42.060248671029917 ], [ 12.612030262946055, 42.060451039579753 ], [ 12.612162939318834, 42.061038729572289 ], [ 12.612341391764387, 42.061295844309086 ], [ 12.612499625800778, 42.06152877448713 ], [ 12.613269214590025, 42.061411998054083 ], [ 12.613376423164354, 42.061691860776648 ], [ 12.613436552493216, 42.061722654975739 ], [ 12.614157625322212, 42.061676642027365 ], [ 12.614366131607717, 42.061970261856203 ], [ 12.614638120002908, 42.061861619691172 ], [ 12.614516188641304, 42.06157241725537 ], [ 12.614759045989054, 42.06145754552626 ], [ 12.614622422115573, 42.061247429433173 ], [ 12.615249571531862, 42.060805946248891 ], [ 12.615458752774396, 42.060935744329676 ], [ 12.615471029287047, 42.061020335483619 ], [ 12.61556617445846, 42.061273598496918 ], [ 12.615602755878765, 42.061365620832426 ], [ 12.615761225267692, 42.061687542480293 ], [ 12.615691564683701, 42.062401602283138 ], [ 12.615927455096656, 42.062441866746866 ], [ 12.61603236436482, 42.062513760794282 ], [ 12.616412644997911, 42.062850915086052 ], [ 12.616300967062354, 42.063213900546181 ], [ 12.616555170487345, 42.063759825392047 ], [ 12.616645852512343, 42.06380633414777 ], [ 12.617126816831085, 42.063880900267122 ], [ 12.617258925926855, 42.063505060663921 ], [ 12.61758698758382, 42.063201659151417 ], [ 12.61721098534894, 42.062999101416288 ], [ 12.617155324874789, 42.062398751621487 ], [ 12.617193507774155, 42.061902723246334 ], [ 12.617314917241249, 42.061802977928998 ], [ 12.61730193914077, 42.061101319744466 ], [ 12.617837202480782, 42.060425657968707 ], [ 12.617953216440931, 42.059945873559428 ], [ 12.618337568428723, 42.060158412802885 ], [ 12.618733925863335, 42.060049745476732 ], [ 12.618781176285074, 42.059927493260282 ], [ 12.618975278287037, 42.060121463014376 ], [ 12.619087819432846, 42.060251254933029 ], [ 12.619161334253842, 42.060337712014508 ], [ 12.619311683377925, 42.060290102063639 ], [ 12.619385665474979, 42.060266811919846 ], [ 12.619626204733203, 42.060437478611668 ], [ 12.619852055083728, 42.06059890161275 ], [ 12.61986407154647, 42.060548744963242 ], [ 12.619874646361549, 42.060504600364631 ], [ 12.619999878391884, 42.060306400054522 ], [ 12.620125584682015, 42.060095645568538 ], [ 12.620104579764005, 42.059914291353465 ], [ 12.620247291037479, 42.059873767699045 ], [ 12.620323626770791, 42.059835340431086 ], [ 12.620602002685544, 42.059763514303334 ], [ 12.620945278917461, 42.059770667914052 ], [ 12.621134702470096, 42.059728668335623 ], [ 12.621202126004965, 42.059728474204562 ], [ 12.621283511379502, 42.059728246830879 ], [ 12.621447329615931, 42.059727789429274 ], [ 12.62210118746439, 42.059711646885184 ], [ 12.622836181515909, 42.059674899639845 ], [ 12.622922184658814, 42.059649953090343 ], [ 12.622864599518644, 42.059603906940609 ], [ 12.622500696859301, 42.059299282160907 ], [ 12.622240191348521, 42.058933645891358 ], [ 12.622127177829233, 42.058775023624911 ], [ 12.621738199896482, 42.057977933152635 ], [ 12.62279885662166, 42.057546491531447 ], [ 12.622886699842274, 42.057523141028895 ], [ 12.623056636363369, 42.057423101175019 ], [ 12.623555515690171, 42.057257233818426 ], [ 12.624162372341532, 42.057139860528757 ], [ 12.624840154528224, 42.056983389236905 ], [ 12.624894644470624, 42.056957679217675 ], [ 12.624679465464805, 42.056736541688444 ], [ 12.624634875108601, 42.056690715790708 ], [ 12.624239743573954, 42.056488784962731 ], [ 12.623964914617641, 42.05642272211152 ], [ 12.623595084682234, 42.05633382210651 ], [ 12.623068176794765, 42.056158422629004 ], [ 12.622747325543823, 42.055997619625735 ], [ 12.622177563913784, 42.055676120077671 ], [ 12.622059900601245, 42.055628017168907 ], [ 12.621203840655445, 42.055278036951478 ], [ 12.620209645170581, 42.055011629564675 ], [ 12.620003240967874, 42.055026862430779 ], [ 12.619726009828391, 42.054889760317693 ], [ 12.619654477466892, 42.05485438409579 ], [ 12.61938168148343, 42.054691916157985 ], [ 12.619262287030622, 42.054630550624218 ] ] ] ] } },
{ "type": "Feature", "properties": { "nome": "San Rocco", "nome_slug": "San_Rocco", "popolazione": 747, "famiglie": 327, "edifici": 59, "elevazione_media": 125.38, "pendenza_media": 9.48, "pendenza_max": 39.34, "rugosita_media": 2.08, "stabilita_media": 1.92, "costruibilita_media": 1.89, "radiazione_media": 0.5, "geomorfologia_dominante": "Versante" }, "geometry": { "type": "MultiPolygon", "coordinates": [ [ [ [ 12.613647325487211, 42.053101303448884 ], [ 12.613408795077541, 42.052930835039426 ], [ 12.613208475496826, 42.052787672365397 ], [ 12.61282394501263, 42.052527670481822 ], [ 12.612575789161836, 42.052386004542392 ], [ 12.612250622870588, 42.052234625763845 ], [ 12.612176926832026, 42.052196698914763 ], [ 12.611294929566188, 42.051695046060701 ], [ 12.611238813033996, 42.051602078918265 ], [ 12.61108347336191, 42.05161440990674 ], [ 12.610558029389525, 42.051671444139018 ], [ 12.610228025318737, 42.051263708586646 ], [ 12.609939671958319, 42.05112910015886 ], [ 12.609917150029711, 42.0511031230497 ], [ 12.609084335470762, 42.051462440077415 ], [ 12.608755324920425, 42.051403624766301 ], [ 12.608316906577352, 42.051472420776399 ], [ 12.608280494194434, 42.051978200302386 ], [ 12.608449461829291, 42.052313101446671 ], [ 12.607846336792443, 42.052397784696517 ], [ 12.607536193973875, 42.052300381959896 ], [ 12.606831569824339, 42.05260860824621 ], [ 12.606634165532336, 42.052645263051176 ], [ 12.606301370148307, 42.052222671337326 ], [ 12.605933610733819, 42.052266957410644 ], [ 12.605657346986545, 42.052196239019324 ], [ 12.605531423069266, 42.052239904707321 ], [ 12.605233419484538, 42.052343256187989 ], [ 12.604703035483258, 42.05254000134466 ], [ 12.604447993982646, 42.052483108439567 ], [ 12.604266727480955, 42.052349076600819 ], [ 12.604095153773329, 42.052267353462582 ], [ 12.603818537602663, 42.052192124016528 ], [ 12.603740053770142, 42.052204811064733 ], [ 12.603248092917653, 42.052288803392742 ], [ 12.602891116339421, 42.052395301130282 ], [ 12.602462400683017, 42.051857075618855 ], [ 12.602056863868349, 42.052290920758651 ], [ 12.601671889904232, 42.052015945254738 ], [ 12.601176872574625, 42.052308366449338 ], [ 12.60161249636751, 42.053479086791995 ], [ 12.601774500826705, 42.053517664688414 ], [ 12.602183363051326, 42.053576848707991 ], [ 12.602583325703712, 42.053478745209375 ], [ 12.602953146217681, 42.05339506968361 ], [ 12.60330864110408, 42.053325380134645 ], [ 12.603764217148193, 42.053342573163491 ], [ 12.603980603102032, 42.053416801474455 ], [ 12.604225857309261, 42.053440607293581 ], [ 12.604481588718468, 42.053447539613757 ], [ 12.604898160844984, 42.053517019597891 ], [ 12.605398442227498, 42.053527471084763 ], [ 12.605634967933376, 42.053450432482101 ], [ 12.605834220812449, 42.053385521109398 ], [ 12.606124679914865, 42.053380882957015 ], [ 12.60595291825557, 42.053521351334446 ], [ 12.605895289518072, 42.053757298146046 ], [ 12.605958103124856, 42.054079487908226 ], [ 12.606122662009412, 42.054398475729087 ], [ 12.606164702592901, 42.054500702076858 ], [ 12.606232148260403, 42.054638146231582 ], [ 12.606339895206958, 42.054927423473245 ], [ 12.606380341665435, 42.055241297542572 ], [ 12.606420532522357, 42.055577716664438 ], [ 12.606455447781373, 42.056076087923095 ], [ 12.606626060577302, 42.056183839680514 ], [ 12.606775263696806, 42.056393029597984 ], [ 12.606902615295363, 42.056571629918459 ], [ 12.606969411919206, 42.056744226852587 ], [ 12.60699209133084, 42.056801733223082 ], [ 12.607061829454876, 42.056983029745219 ], [ 12.607124220165144, 42.057076576752614 ], [ 12.607146059302599, 42.057110805297235 ], [ 12.607293137739028, 42.057335138870407 ], [ 12.60736431480256, 42.057518793262901 ], [ 12.607432183946182, 42.057693599215639 ], [ 12.608141616699552, 42.057447572664927 ], [ 12.607945238281621, 42.0569320627989 ], [ 12.607625213812668, 42.056574688108761 ], [ 12.607984025769879, 42.056421430933625 ], [ 12.607778309484544, 42.056154123794997 ], [ 12.607594377243593, 42.05582883174263 ], [ 12.607708279957249, 42.055407454288684 ], [ 12.607651062187131, 42.05535760499442 ], [ 12.607347420480851, 42.055093060381132 ], [ 12.607135838387377, 42.05500078864852 ], [ 12.606947374300207, 42.054918598308973 ], [ 12.607128160934263, 42.054547658317425 ], [ 12.606822855930707, 42.054457825745644 ], [ 12.606891807228592, 42.054415447183473 ], [ 12.607303594817825, 42.054171589017265 ], [ 12.607501171555441, 42.054116813687912 ], [ 12.607920849078656, 42.05444748409699 ], [ 12.608406873272695, 42.054816742222691 ], [ 12.60845477383919, 42.054853134242236 ], [ 12.608698179114121, 42.05463903596754 ], [ 12.608986644583462, 42.054791170655335 ], [ 12.609457545411596, 42.054793096023616 ], [ 12.609771077264588, 42.054792460271905 ], [ 12.610178785059077, 42.054782159742317 ], [ 12.610438490596472, 42.054778189264319 ], [ 12.610429220530859, 42.055025791571047 ], [ 12.611094994421224, 42.055054277767184 ], [ 12.611246973153193, 42.054662918529978 ], [ 12.611677574680227, 42.054745319892952 ], [ 12.612103790810812, 42.054826881712245 ], [ 12.611960205685524, 42.055013601811382 ], [ 12.612349453125789, 42.055158272061789 ], [ 12.612417679409507, 42.055184232781471 ], [ 12.612539672152577, 42.055230585675311 ], [ 12.612398202130917, 42.055344422050645 ], [ 12.612989889169981, 42.055780503165821 ], [ 12.613823763856111, 42.055596668526306 ], [ 12.614092323432155, 42.055538667682114 ], [ 12.614389970961609, 42.055438772075156 ], [ 12.614534799262939, 42.055390165617418 ], [ 12.614818472777058, 42.055275456473964 ], [ 12.615344564103308, 42.054968465033866 ], [ 12.615579859844436, 42.054770541911502 ], [ 12.615284109484554, 42.054357505116421 ], [ 12.615133569415123, 42.054024718452077 ], [ 12.615098835544954, 42.053896299030583 ], [ 12.61505933543037, 42.053750178057378 ], [ 12.614926602684251, 42.053261201714932 ], [ 12.614881591826361, 42.053177903026445 ], [ 12.614433032043213, 42.053186718821557 ], [ 12.614167725898366, 42.053235617599753 ], [ 12.61403357749645, 42.05326684628924 ], [ 12.613902633139322, 42.053309610606476 ], [ 12.613647325487211, 42.053101303448884 ] ] ] ] } },
{ "type": "Feature", "properties": { "nome": "Borgonovo", "nome_slug": "Borgonovo", "popolazione": 44, "famiglie": 24, "edifici": 12, "elevazione_media": 63.15, "pendenza_media": 7.56, "pendenza_max": 33.63, "rugosita_media": 1.67, "stabilita_media": 1.83, "costruibilita_media": 1.73, "radiazione_media": 0.53, "geomorfologia_dominante": "Versante" }, "geometry": { "type": "MultiPolygon", "coordinates": [ [ [ [ 12.606677986346371, 42.058788787218788 ], [ 12.607158904030888, 42.058372936735672 ], [ 12.607304928897701, 42.058148425897741 ], [ 12.607300576190649, 42.057868266456616 ], [ 12.607346707237477, 42.05772325135311 ], [ 12.607432183946182, 42.057693599215639 ], [ 12.60736431480256, 42.057518793262901 ], [ 12.607293137739028, 42.057335138870407 ], [ 12.607146059302599, 42.057110805297235 ], [ 12.607124220165144, 42.057076576752614 ], [ 12.607061829454876, 42.056983029745219 ], [ 12.60699209133084, 42.056801733223082 ], [ 12.606969411919206, 42.056744226852587 ], [ 12.606902615295363, 42.056571629918459 ], [ 12.606775263696806, 42.056393029597984 ], [ 12.606626060577302, 42.056183839680514 ], [ 12.606455447781373, 42.056076087923095 ], [ 12.606420532522357, 42.055577716664438 ], [ 12.606380341665435, 42.055241297542572 ], [ 12.606339895206958, 42.054927423473245 ], [ 12.606232148260403, 42.054638146231582 ], [ 12.606164702592901, 42.054500702076858 ], [ 12.606122662009412, 42.054398475729087 ], [ 12.605958103124856, 42.054079487908226 ], [ 12.605999232687301, 42.054523390599684 ], [ 12.60587029665392, 42.054763388850937 ], [ 12.605627930487849, 42.055058497367774 ], [ 12.605362062892539, 42.055295646370318 ], [ 12.605069547893221, 42.055557791678268 ], [ 12.604836935594104, 42.055821168849775 ], [ 12.604831940264754, 42.055954546449009 ], [ 12.60487835857907, 42.056006454915916 ], [ 12.604932434738453, 42.056058122516163 ], [ 12.605136417877905, 42.05613747691114 ], [ 12.60530465875247, 42.056217955191769 ], [ 12.605395247425799, 42.056317004178837 ], [ 12.605595092477831, 42.05629647867439 ], [ 12.605570961639268, 42.056404551621945 ], [ 12.605503280043985, 42.056694490715579 ], [ 12.605575662758623, 42.056703764180959 ], [ 12.605455468582855, 42.056951663255468 ], [ 12.605332387805907, 42.057164718252622 ], [ 12.605421238040838, 42.057448581814846 ], [ 12.604886113385668, 42.057728829413783 ], [ 12.603794658305516, 42.058282237140737 ], [ 12.603472816250761, 42.058106415353684 ], [ 12.603416813159255, 42.05813833283554 ], [ 12.603372102410898, 42.05816381439184 ], [ 12.603280042882867, 42.058104991865115 ], [ 12.60321030646115, 42.058060435174696 ], [ 12.603102279995127, 42.058172296649531 ], [ 12.60292507452699, 42.05835579148993 ], [ 12.602202158588378, 42.058245207108094 ], [ 12.6022412443644, 42.058162915441855 ], [ 12.602323422879389, 42.058008909160911 ], [ 12.602262774437492, 42.057942178463314 ], [ 12.602230706650401, 42.057908033609642 ], [ 12.602016185698998, 42.057857353914017 ], [ 12.601898633347508, 42.057803289868232 ], [ 12.601735939530087, 42.057725391329079 ], [ 12.601527620639798, 42.057662537723282 ], [ 12.601439876508081, 42.057635545799997 ], [ 12.601377294021797, 42.057707026903863 ], [ 12.601342058574152, 42.057747270371017 ], [ 12.60118469061179, 42.057971383633799 ], [ 12.601010023180313, 42.058493718634544 ], [ 12.600775513290694, 42.05894269518609 ], [ 12.600729605614619, 42.05893017102634 ], [ 12.600342580916731, 42.058824588110788 ], [ 12.6003066698421, 42.058866303147752 ], [ 12.600088938773784, 42.059119213505234 ], [ 12.599924639692061, 42.059052672770882 ], [ 12.599895936251739, 42.059090204626415 ], [ 12.599814700578371, 42.059204879327567 ], [ 12.599657894040783, 42.05920159887048 ], [ 12.599330148021895, 42.059571408929322 ], [ 12.599346417381565, 42.059594040195236 ], [ 12.599462664846381, 42.059756014622202 ], [ 12.599116952915345, 42.060041694254124 ], [ 12.599048760157606, 42.060098047622695 ], [ 12.598653945246033, 42.059933920743667 ], [ 12.598179602216447, 42.060444927401484 ], [ 12.597930147783696, 42.060633135539078 ], [ 12.598162308297081, 42.060949736266799 ], [ 12.597632215331773, 42.061222595692129 ], [ 12.597552835312191, 42.061142681306507 ], [ 12.597327051554112, 42.060906262655635 ], [ 12.596623827651463, 42.061060373934346 ], [ 12.596471907176642, 42.060927309059018 ], [ 12.596186293813865, 42.060747044148435 ], [ 12.596046165633906, 42.060658603569131 ], [ 12.59558538008708, 42.060856773862149 ], [ 12.595320658838901, 42.060721520704043 ], [ 12.595323989671478, 42.060683943914903 ], [ 12.595340550965336, 42.06037348500341 ], [ 12.595314813247063, 42.060315648984286 ], [ 12.595294447548264, 42.060284567715783 ], [ 12.595223326924469, 42.060176108721969 ], [ 12.595161323531871, 42.060081553374658 ], [ 12.594647496554218, 42.059836979067242 ], [ 12.592507834371068, 42.059246585442594 ], [ 12.592249964976041, 42.059176473009551 ], [ 12.592145424324181, 42.05914804992279 ], [ 12.592110473890132, 42.059093830024104 ], [ 12.591929931414089, 42.0590358001078 ], [ 12.591465299894267, 42.058910147680535 ], [ 12.591052009867358, 42.05880492394278 ], [ 12.590227841328728, 42.058530126859843 ], [ 12.590058550209166, 42.058471769451231 ], [ 12.589929564023452, 42.05842730802911 ], [ 12.58953633875919, 42.058172294845306 ], [ 12.58945966325677, 42.05811643353691 ], [ 12.589070869523592, 42.057833180630681 ], [ 12.588974250372868, 42.057779034847293 ], [ 12.588789344946417, 42.057675412227148 ], [ 12.588413344753912, 42.057429887962684 ], [ 12.588146663319396, 42.05725264063188 ], [ 12.588057621286175, 42.057196360461596 ], [ 12.587865635710234, 42.057075067319388 ], [ 12.587827377016172, 42.056945533059057 ], [ 12.587819088586684, 42.056784429225168 ], [ 12.587824761627893, 42.056634357721215 ], [ 12.587426630527791, 42.056637506401522 ], [ 12.587185416612652, 42.056642031859838 ], [ 12.587002936460609, 42.056696514107422 ], [ 12.587036557388677, 42.056718257480533 ], [ 12.587291060300995, 42.056830716736016 ], [ 12.587723463324142, 42.057065045962062 ], [ 12.5880285582467, 42.057245352881594 ], [ 12.588884381647079, 42.057784373679588 ], [ 12.589320317906575, 42.058113328644588 ], [ 12.589408978513427, 42.058185172747777 ], [ 12.58964489316171, 42.058376337533538 ], [ 12.589995874175953, 42.058678526506739 ], [ 12.590022986312189, 42.058705040947757 ], [ 12.590789746035846, 42.059457088380363 ], [ 12.590872261208553, 42.059538018718918 ], [ 12.591815602502736, 42.06051565965133 ], [ 12.593966997176821, 42.062475922666501 ], [ 12.59419589174597, 42.062684472610236 ], [ 12.594297279931446, 42.062657188473828 ], [ 12.594416456804952, 42.062625085359421 ], [ 12.594464912408869, 42.062612088356929 ], [ 12.596482316989146, 42.064002456355126 ], [ 12.597111130127713, 42.064406222537805 ], [ 12.597516329223602, 42.064064005036109 ], [ 12.597090353533437, 42.063384320695747 ], [ 12.596951972397081, 42.0633466996089 ], [ 12.597469900778238, 42.062786999323066 ], [ 12.597512932214173, 42.062740497181451 ], [ 12.597546581642897, 42.062704110059585 ], [ 12.598012934533925, 42.062511338212175 ], [ 12.598043392901456, 42.062498840718135 ], [ 12.598332723516695, 42.062370127274789 ], [ 12.598671244576833, 42.062223951022517 ], [ 12.598779564269078, 42.062163227745081 ], [ 12.598867089759894, 42.062115907076759 ], [ 12.599259194510108, 42.061897907879441 ], [ 12.599756873244324, 42.06162336293761 ], [ 12.599829135752247, 42.061585151928604 ], [ 12.600111458884792, 42.061830179333064 ], [ 12.600688629411565, 42.061598710979148 ], [ 12.600818999065424, 42.0615463572558 ], [ 12.600869272265362, 42.061521675344146 ], [ 12.601325086187412, 42.061176225422699 ], [ 12.601980435243664, 42.061617672285927 ], [ 12.601851459348957, 42.06181084359897 ], [ 12.602082513424433, 42.06197801224576 ], [ 12.602320792738194, 42.062153723937747 ], [ 12.602374588143986, 42.062112834716338 ], [ 12.602573391689305, 42.061961724526711 ], [ 12.602408342682589, 42.061816740224458 ], [ 12.603862271212062, 42.061712683970569 ], [ 12.604430833639158, 42.061198525465109 ], [ 12.604845729330165, 42.061119512375122 ], [ 12.605448425473417, 42.060806931191983 ], [ 12.605628898519896, 42.060686980503966 ], [ 12.605872993113339, 42.060524268142245 ], [ 12.605927518635482, 42.060484087282752 ], [ 12.606049377116948, 42.060325323615146 ], [ 12.606384130527678, 42.059851155141672 ], [ 12.606684418721965, 42.059500916285202 ], [ 12.606197166386048, 42.059300699555607 ], [ 12.606474308438074, 42.058952759897878 ], [ 12.606677986346371, 42.058788787218788 ] ] ] ] } },
{ "type": "Feature", "properties": { "nome": "Piedicosta Santilaro", "nome_slug": "Piedicosta_Santilaro", "popolazione": 1270, "famiglie": 563, "edifici": 158, "elevazione_media": 35.9, "pendenza_media": 7.57, "pendenza_max": 28.09, "rugosita_media": 1.69, "stabilita_media": 2.0, "costruibilita_media": 1.82, "radiazione_media": 0.55, "geomorfologia_dominante": "Versante" }, "geometry": { "type": "MultiPolygon", "coordinates": [ [ [ [ 12.591747468169956, 42.055768257830273 ], [ 12.59312042720375, 42.055492747028048 ], [ 12.593095274377241, 42.055472920948212 ], [ 12.592883414111819, 42.055305930757378 ], [ 12.592342897209624, 42.055307566021966 ], [ 12.591750570595282, 42.054708433588686 ], [ 12.591671102882001, 42.054631048932926 ], [ 12.591511374939241, 42.054705633549197 ], [ 12.591020406015943, 42.054109490419521 ], [ 12.590977990017455, 42.054057987517396 ], [ 12.591195925842564, 42.053867011677198 ], [ 12.590960687894899, 42.053577656257815 ], [ 12.590927937296192, 42.053537382908083 ], [ 12.590581996109133, 42.053465177436124 ], [ 12.590559416482098, 42.053486493012102 ], [ 12.590293479690754, 42.053718898234528 ], [ 12.589585382090373, 42.053482132337017 ], [ 12.589552456744862, 42.053471102478568 ], [ 12.589626389128032, 42.053404097055086 ], [ 12.589950248453825, 42.053114198404351 ], [ 12.590048050152753, 42.052778072993313 ], [ 12.588835434660091, 42.052168589389936 ], [ 12.588283632643208, 42.052468703215624 ], [ 12.58818278905161, 42.052830271689515 ], [ 12.588570170882941, 42.053189114869312 ], [ 12.588469631590588, 42.053306333745546 ], [ 12.588546549582754, 42.05333002953865 ], [ 12.588635290180523, 42.053357368552831 ], [ 12.588605303201605, 42.05341143361116 ], [ 12.588557665873479, 42.05349732474842 ], [ 12.588637902643573, 42.053536487588318 ], [ 12.588841681599805, 42.053649717536658 ], [ 12.588756671138412, 42.053746456306094 ], [ 12.588484949223313, 42.053715053453082 ], [ 12.588318001201126, 42.053946185720953 ], [ 12.588713165811656, 42.054088596856857 ], [ 12.589008668411294, 42.054183494424912 ], [ 12.589061351155614, 42.054198978170106 ], [ 12.589150551862653, 42.054207684146071 ], [ 12.589232983075592, 42.054214038377133 ], [ 12.589266992571908, 42.054481236577345 ], [ 12.589267549687172, 42.054827137432184 ], [ 12.589203742018954, 42.05487149291433 ], [ 12.588907389210519, 42.054743186971947 ], [ 12.588650502975026, 42.054633485683418 ], [ 12.588058157752979, 42.054377893476271 ], [ 12.588031467767646, 42.054408064629904 ], [ 12.587712018107366, 42.05479112260219 ], [ 12.587656726615483, 42.054772638465003 ], [ 12.587403076167163, 42.054687840169869 ], [ 12.587319636162244, 42.054888118476455 ], [ 12.587325989700622, 42.055000872510959 ], [ 12.587536569980189, 42.055135690588799 ], [ 12.587778039944716, 42.055290284739407 ], [ 12.588215871544584, 42.055495424481414 ], [ 12.588178363495359, 42.055566733939429 ], [ 12.588139109205052, 42.055646078958141 ], [ 12.588598239268661, 42.055892908802846 ], [ 12.588478169544004, 42.056115513883761 ], [ 12.588346392894723, 42.056109328918673 ], [ 12.588297709059912, 42.056107044894858 ], [ 12.588053760882733, 42.055980549538148 ], [ 12.5872260945129, 42.05541345295066 ], [ 12.587180438470138, 42.055465000431845 ], [ 12.587117894472284, 42.055528796088844 ], [ 12.587058497508023, 42.055595500813176 ], [ 12.587269949966558, 42.055687403349495 ], [ 12.587230651317331, 42.055719258404984 ], [ 12.587106888626007, 42.055819578802989 ], [ 12.586918562145321, 42.055839590888539 ], [ 12.586569408939452, 42.055695207139792 ], [ 12.586481207609182, 42.055653377237476 ], [ 12.58643972585992, 42.055633704915302 ], [ 12.586197462426849, 42.055996694279102 ], [ 12.585140239189499, 42.055831557018784 ], [ 12.585342348280237, 42.05551037606687 ], [ 12.584417734360729, 42.055114960253171 ], [ 12.583973375216798, 42.055339404295616 ], [ 12.583842833210563, 42.055260848441094 ], [ 12.583598502177336, 42.055110700859466 ], [ 12.582910569432425, 42.05486240609568 ], [ 12.583019014195465, 42.054738819886445 ], [ 12.583238415779098, 42.054492658209021 ], [ 12.583982885591093, 42.053756902386219 ], [ 12.584380947881455, 42.053303690558572 ], [ 12.584002917271087, 42.053118953728173 ], [ 12.584479359994591, 42.052496515496159 ], [ 12.583567940902634, 42.052239582571033 ], [ 12.582932285684914, 42.051992383479778 ], [ 12.582298911560212, 42.051769469192195 ], [ 12.581676452924766, 42.051550287634818 ], [ 12.581093562103932, 42.051372540936519 ], [ 12.581018812042194, 42.051346763394278 ], [ 12.580789780522636, 42.051268276848205 ], [ 12.5806365510074, 42.051221035830785 ], [ 12.580591977508723, 42.051263606076525 ], [ 12.580548411572678, 42.051301685674417 ], [ 12.580507788524386, 42.051337075456026 ], [ 12.580026521249128, 42.051756340432348 ], [ 12.579976267645137, 42.051801432685686 ], [ 12.579930517527073, 42.051840604109309 ], [ 12.579904747370849, 42.051876012449767 ], [ 12.579877657450702, 42.051912187786286 ], [ 12.579828900632521, 42.052004470400256 ], [ 12.579774890660227, 42.052108254946106 ], [ 12.579753693310989, 42.052242813229981 ], [ 12.579728929329791, 42.052363942437644 ], [ 12.579742726997573, 42.052503318535045 ], [ 12.579767390888426, 42.052612083069597 ], [ 12.57979034536252, 42.052682191322788 ], [ 12.579839677204887, 42.052839273082199 ], [ 12.579875059063211, 42.052970396646209 ], [ 12.579942774325758, 42.053138753571659 ], [ 12.580004860051508, 42.053293366720958 ], [ 12.580045903312522, 42.053425158947277 ], [ 12.580066445506716, 42.053496769731716 ], [ 12.580114068633506, 42.053636008661641 ], [ 12.580166205450107, 42.053813053538342 ], [ 12.580196997563551, 42.053958791883758 ], [ 12.580107100163067, 42.054377001830971 ], [ 12.580050728299174, 42.054669444198304 ], [ 12.580044925469327, 42.054699619385907 ], [ 12.580031026553362, 42.054764203384359 ], [ 12.580203642863214, 42.05483746936936 ], [ 12.58025138002993, 42.054852140046179 ], [ 12.580694354372895, 42.054968292841444 ], [ 12.582111675557584, 42.055311610970023 ], [ 12.582461172241059, 42.055382138901095 ], [ 12.583298036737744, 42.055524300590712 ], [ 12.58355959394183, 42.055569161553805 ], [ 12.583957357551693, 42.055650255731805 ], [ 12.5844784990369, 42.055788760433174 ], [ 12.585582101522766, 42.056114541229562 ], [ 12.58605296482958, 42.056286142504248 ], [ 12.586105995439167, 42.056305530182101 ], [ 12.58635325721243, 42.056402115810705 ], [ 12.586452609834494, 42.056440924274973 ], [ 12.586952053141273, 42.056663608360616 ], [ 12.587002936460609, 42.056696514107422 ], [ 12.587185416612652, 42.056642031859838 ], [ 12.587426630527791, 42.056637506401522 ], [ 12.587824761627893, 42.056634357721215 ], [ 12.587819088586684, 42.056784429225168 ], [ 12.587827377016172, 42.056945533059057 ], [ 12.587865635710234, 42.057075067319388 ], [ 12.588057621286175, 42.057196360461596 ], [ 12.588146663319396, 42.05725264063188 ], [ 12.588413344753912, 42.057429887962684 ], [ 12.588789344946417, 42.057675412227148 ], [ 12.588974250372868, 42.057779034847293 ], [ 12.589070869523592, 42.057833180630681 ], [ 12.58945966325677, 42.05811643353691 ], [ 12.58953633875919, 42.058172294845306 ], [ 12.589929564023452, 42.05842730802911 ], [ 12.590058550209166, 42.058471769451231 ], [ 12.590227841328728, 42.058530126859843 ], [ 12.591052009867358, 42.05880492394278 ], [ 12.591465299894267, 42.058910147680535 ], [ 12.591929931414089, 42.0590358001078 ], [ 12.592110473890132, 42.059093830024104 ], [ 12.592120327860687, 42.059051153901471 ], [ 12.592210051525402, 42.058949541971522 ], [ 12.592280602297368, 42.058869643380994 ], [ 12.592262141200306, 42.058776673508305 ], [ 12.592254132719429, 42.058736341029814 ], [ 12.592340742729712, 42.05859243586189 ], [ 12.592633474808469, 42.058679219941794 ], [ 12.592706848798723, 42.058700973566268 ], [ 12.593049570329645, 42.058293590740796 ], [ 12.592949901564321, 42.058244102147867 ], [ 12.592366805437482, 42.057958540669475 ], [ 12.592418267840882, 42.057945092825427 ], [ 12.592318875392259, 42.057787878487858 ], [ 12.592052043941456, 42.057730568426749 ], [ 12.591778352150728, 42.057670239112561 ], [ 12.591489874902875, 42.057558641973621 ], [ 12.590756643055704, 42.057547842138348 ], [ 12.590600321714144, 42.056959736208647 ], [ 12.590827089160095, 42.056665520542623 ], [ 12.59092499159366, 42.05638182777642 ], [ 12.591299159252685, 42.056168889515504 ], [ 12.591632602469454, 42.056110936224464 ], [ 12.591710089984415, 42.055917592260855 ], [ 12.591577060093117, 42.055804487431963 ], [ 12.591747468169956, 42.055768257830273 ] ] ], [ [ [ 12.585815978952146, 42.057430810519669 ], [ 12.586222194497729, 42.057134451277371 ], [ 12.586565851463266, 42.056907581927767 ], [ 12.586854874406963, 42.0567407233764 ], [ 12.586375927531721, 42.056549209541636 ], [ 12.586198019392096, 42.056477856460653 ], [ 12.586034293137722, 42.056400835753642 ], [ 12.586002057900611, 42.056387208833499 ], [ 12.585757196139861, 42.056280043319241 ], [ 12.585533303357851, 42.056196831319838 ], [ 12.584436726746588, 42.055873169786885 ], [ 12.583919943178826, 42.055741516328688 ], [ 12.583269001776461, 42.055611626888151 ], [ 12.582777730894156, 42.055523603718875 ], [ 12.582402337020312, 42.055793423018137 ], [ 12.58120632352583, 42.056645215728615 ], [ 12.581248618195392, 42.056677249695461 ], [ 12.581337359446017, 42.056744389946324 ], [ 12.581463419588003, 42.056839755589579 ], [ 12.581575549844525, 42.056924581361848 ], [ 12.58177976107193, 42.057079187209297 ], [ 12.581900659469149, 42.057167294638617 ], [ 12.582032131331458, 42.05726324692268 ], [ 12.582130957921752, 42.057338530430087 ], [ 12.582155201622454, 42.057356998817546 ], [ 12.582319681892495, 42.057482454296952 ], [ 12.582413858532785, 42.057552115335916 ], [ 12.582508548400499, 42.057622132150584 ], [ 12.582775029768589, 42.057824690632678 ], [ 12.583006585288945, 42.057996534563564 ], [ 12.583093822057657, 42.058060986601475 ], [ 12.583152549269318, 42.05810430778574 ], [ 12.58319218581998, 42.058133669555829 ], [ 12.583317908437396, 42.058226802368694 ], [ 12.583643642933692, 42.058473054202892 ], [ 12.584021988499451, 42.058762224536601 ], [ 12.584132034728347, 42.058846332186974 ], [ 12.584390361761027, 42.058573965676572 ], [ 12.584462342344072, 42.058504826525898 ], [ 12.584694491213197, 42.05828186491015 ], [ 12.584840997724521, 42.058141155439046 ], [ 12.58497305714172, 42.058040336641213 ], [ 12.585060917417692, 42.057973255100912 ], [ 12.585265290930103, 42.057817219018951 ], [ 12.585815978952146, 42.057430810519669 ] ] ] ] } },
{ "type": "Feature", "properties": { "nome": "Montegrappa", "nome_slug": "Montegrappa", "popolazione": 318, "famiglie": 151, "edifici": 37, "elevazione_media": 22.66, "pendenza_media": 1.56, "pendenza_max": 73.21, "rugosita_media": 0.54, "stabilita_media": 1.09, "costruibilita_media": 1.07, "radiazione_media": 0.52, "geomorfologia_dominante": "Pianura/fondovalle" }, "geometry": { "type": "MultiPolygon", "coordinates": [ [ [ [ 12.582070645091283, 42.055416277709313 ], [ 12.581175707485668, 42.055227414583193 ], [ 12.581118237878741, 42.055214904244338 ], [ 12.580133950744834, 42.05494069933912 ], [ 12.580085160318434, 42.054928699904593 ], [ 12.580014445827516, 42.054894868808908 ], [ 12.579970806523871, 42.054876835537492 ], [ 12.579783435869578, 42.054801263731115 ], [ 12.579741261926758, 42.054801316586335 ], [ 12.579749387775538, 42.054829922158987 ], [ 12.579787040953915, 42.054924103901179 ], [ 12.579630207603975, 42.055268802676267 ], [ 12.579574796120655, 42.055369199169128 ], [ 12.579562279739031, 42.055418240046443 ], [ 12.579522395017454, 42.055398543237516 ], [ 12.579343973120197, 42.05533601830475 ], [ 12.579266140932683, 42.055302386501026 ], [ 12.578887831396969, 42.05516498219297 ], [ 12.578643315063273, 42.055070113529247 ], [ 12.578525934854778, 42.055027911555094 ], [ 12.578303568557184, 42.054948223319215 ], [ 12.578189745207929, 42.054903665071492 ], [ 12.578103319600913, 42.054868955415436 ], [ 12.578049850317958, 42.054847416546252 ], [ 12.577962775451798, 42.054827380494714 ], [ 12.5780189835348, 42.054880861139488 ], [ 12.577988722478588, 42.054906960544422 ], [ 12.577953719400744, 42.054935239437093 ], [ 12.577826275503918, 42.055033202893377 ], [ 12.577782464941121, 42.055066787608261 ], [ 12.577738440003165, 42.05510025653313 ], [ 12.577445723616531, 42.055321565579618 ], [ 12.577401520673762, 42.055354883249123 ], [ 12.577357080583745, 42.05538806692833 ], [ 12.57712630924391, 42.055559320425559 ], [ 12.577081985419301, 42.055592341886971 ], [ 12.577029714294294, 42.055631485147096 ], [ 12.576976734048095, 42.055670718048475 ], [ 12.576830273955867, 42.055777417738938 ], [ 12.576785639916848, 42.055810729715603 ], [ 12.57673704302101, 42.055847338610931 ], [ 12.576687221347511, 42.055882493615073 ], [ 12.576639997998628, 42.055913443340934 ], [ 12.576595836635406, 42.055942117451551 ], [ 12.576549106390424, 42.055973307489047 ], [ 12.576492514722936, 42.056007606587535 ], [ 12.576436148958303, 42.056041927424971 ], [ 12.576291555328392, 42.056093073662403 ], [ 12.576135653123075, 42.056160460535338 ], [ 12.575871097816771, 42.056255412863862 ], [ 12.575654440492874, 42.056361629263307 ], [ 12.575475254571653, 42.056418350553635 ], [ 12.575143145170182, 42.056556381894083 ], [ 12.574438278875521, 42.056830259554467 ], [ 12.573848130577352, 42.05706367173557 ], [ 12.57365822242198, 42.05713643331535 ], [ 12.573524964253293, 42.057177013968627 ], [ 12.571353339821563, 42.058115844672926 ], [ 12.571304704811061, 42.058143029887546 ], [ 12.571391641715103, 42.058168314257365 ], [ 12.572698484264667, 42.058500307125513 ], [ 12.576140872017543, 42.058445663185701 ], [ 12.57625079617292, 42.058443912046215 ], [ 12.576332735757889, 42.058396186703327 ], [ 12.576995106340153, 42.058416580669672 ], [ 12.577331329361625, 42.058413684102611 ], [ 12.57808900731249, 42.057959226327668 ], [ 12.57901148781051, 42.058667105957092 ], [ 12.57948833201535, 42.058682617550865 ], [ 12.579813885000902, 42.058693207329718 ], [ 12.579935610574688, 42.058830970211787 ], [ 12.580042501169508, 42.058951941401396 ], [ 12.579977630281304, 42.059025404046118 ], [ 12.580062487378401, 42.05912603458372 ], [ 12.5798814538967, 42.05916967085885 ], [ 12.578807253995095, 42.059826123858166 ], [ 12.578385464758151, 42.060120360663134 ], [ 12.578316049002712, 42.060148369594025 ], [ 12.578221101999061, 42.060187069039507 ], [ 12.578553378979919, 42.060304464036676 ], [ 12.579773506005399, 42.060198701628636 ], [ 12.580657835009873, 42.059979116965415 ], [ 12.581021005511875, 42.059888936460545 ], [ 12.581084409601731, 42.059907281078345 ], [ 12.581794099118868, 42.06009975509135 ], [ 12.58270737008816, 42.060196709057458 ], [ 12.582638504034884, 42.060961265784712 ], [ 12.58270969739387, 42.061090078505778 ], [ 12.58361777018594, 42.061178432238862 ], [ 12.583804823748615, 42.060444414900374 ], [ 12.584610552782852, 42.06047445108517 ], [ 12.584705819283867, 42.060487639727356 ], [ 12.585656456679267, 42.060591925315713 ], [ 12.585902741850672, 42.060593238783781 ], [ 12.585994942150538, 42.060540820947629 ], [ 12.586060498828468, 42.060444219199461 ], [ 12.58642525467771, 42.060678541704235 ], [ 12.586466389555831, 42.060704972106798 ], [ 12.586514844743231, 42.060736269223995 ], [ 12.587114086468222, 42.061118273258856 ], [ 12.587193654558234, 42.061160097236034 ], [ 12.587540941008518, 42.0613708427258 ], [ 12.587637407810867, 42.061424736002579 ], [ 12.587673858311222, 42.061444791348833 ], [ 12.587929658574385, 42.061585536395022 ], [ 12.588305690927328, 42.061779272899855 ], [ 12.588616137269771, 42.061980596810422 ], [ 12.588711909312277, 42.062042559353777 ], [ 12.588752680011565, 42.062078871316494 ], [ 12.588796187742275, 42.062105902824761 ], [ 12.58886425308587, 42.062141127810762 ], [ 12.588948945744868, 42.062196682602334 ], [ 12.589020728770674, 42.062243594500394 ], [ 12.58909815811589, 42.062293473103182 ], [ 12.589271817665816, 42.0623780177065 ], [ 12.58943069433329, 42.062481166836285 ], [ 12.589601402905519, 42.062591918891037 ], [ 12.589806109226471, 42.062733044147755 ], [ 12.589943910291495, 42.062823357218953 ], [ 12.590019581333587, 42.062876979497133 ], [ 12.590430837927029, 42.063159530529987 ], [ 12.590892917872152, 42.063498502638666 ], [ 12.5910480452429, 42.063459846859487 ], [ 12.590988543839135, 42.06341911863592 ], [ 12.590512640776812, 42.063093361256129 ], [ 12.590102102485854, 42.062811310291409 ], [ 12.590025373927928, 42.062756956687906 ], [ 12.589886981118587, 42.062666242626747 ], [ 12.589682060062296, 42.062524972959153 ], [ 12.589509988601501, 42.062413323610308 ], [ 12.589351263829995, 42.062310274288016 ], [ 12.589040227794491, 42.062107114096982 ], [ 12.588961679739045, 42.06205584232908 ], [ 12.588910506807441, 42.062024541318934 ], [ 12.588846427741588, 42.061985345620059 ], [ 12.588802889181027, 42.061959202062525 ], [ 12.588702832099818, 42.061899273758513 ], [ 12.588372741387312, 42.0617109880274 ], [ 12.588000574731938, 42.061512725610292 ], [ 12.587709538618578, 42.061352590647587 ], [ 12.587613342548655, 42.061298847440476 ], [ 12.587256203536764, 42.061099494463178 ], [ 12.58705510697064, 42.060988517414387 ], [ 12.586954716966025, 42.060925025787654 ], [ 12.586787550025274, 42.060810504741596 ], [ 12.58654961764965, 42.060639521050291 ], [ 12.586511726541383, 42.060612305718465 ], [ 12.586469285507452, 42.060578734916952 ], [ 12.586254218138114, 42.060429856772856 ], [ 12.586179306211738, 42.060374348713083 ], [ 12.586082614471065, 42.06030270655922 ], [ 12.585942836360982, 42.06020097493348 ], [ 12.585866775750878, 42.060145551226249 ], [ 12.585563811187082, 42.059920325663839 ], [ 12.585382848660089, 42.059785379072636 ], [ 12.585233248751736, 42.059674805864013 ], [ 12.585017790127443, 42.05951561182998 ], [ 12.584952256471668, 42.059473649915994 ], [ 12.584895208062434, 42.059426840962431 ], [ 12.584740908868708, 42.059302054196294 ], [ 12.584655016158274, 42.059229623728513 ], [ 12.584541901463503, 42.059155445740572 ], [ 12.584401430175003, 42.059049789779216 ], [ 12.584195997102064, 42.058895217942101 ], [ 12.584132034728347, 42.058846332186974 ], [ 12.584021988499451, 42.058762224536601 ], [ 12.583643642933692, 42.058473054202892 ], [ 12.583317908437396, 42.058226802368694 ], [ 12.58319218581998, 42.058133669555829 ], [ 12.583152549269318, 42.05810430778574 ], [ 12.583093822057657, 42.058060986601475 ], [ 12.583006585288945, 42.057996534563564 ], [ 12.582775029768589, 42.057824690632678 ], [ 12.582508548400499, 42.057622132150584 ], [ 12.582413858532785, 42.057552115335916 ], [ 12.582319681892495, 42.057482454296952 ], [ 12.582155201622454, 42.057356998817546 ], [ 12.582130957921752, 42.057338530430087 ], [ 12.582032131331458, 42.05726324692268 ], [ 12.581900659469149, 42.057167294638617 ], [ 12.58177976107193, 42.057079187209297 ], [ 12.581575549844525, 42.056924581361848 ], [ 12.581463419588003, 42.056839755589579 ], [ 12.581337359446017, 42.056744389946324 ], [ 12.581248618195392, 42.056677249695461 ], [ 12.58120632352583, 42.056645215728615 ], [ 12.582402337020312, 42.055793423018137 ], [ 12.582777730894156, 42.055523603718875 ], [ 12.582432009976161, 42.055472246940433 ], [ 12.582070645091283, 42.055416277709313 ] ] ] ] } },
{ "type": "Feature", "properties": { "nome": "MonterotondoScalo Semblera", "nome_slug": "MonterotondoScalo_Semblera", "popolazione": 978, "famiglie": 464, "edifici": 31, "elevazione_media": 23.17, "pendenza_media": 1.56, "pendenza_max": 73.89, "rugosita_media": 0.43, "stabilita_media": 1.16, "costruibilita_media": 1.1, "radiazione_media": 0.48, "geomorfologia_dominante": "Pianura/fondovalle" }, "geometry": { "type": "MultiPolygon", "coordinates": [ [ [ [ 12.585815978952146, 42.057430810519669 ], [ 12.585265290930103, 42.057817219018951 ], [ 12.585060917417692, 42.057973255100912 ], [ 12.58497305714172, 42.058040336641213 ], [ 12.584840997724521, 42.058141155439046 ], [ 12.584694491213197, 42.05828186491015 ], [ 12.584462342344072, 42.058504826525898 ], [ 12.584390361761027, 42.058573965676572 ], [ 12.584132034728347, 42.058846332186974 ], [ 12.584195997102064, 42.058895217942101 ], [ 12.584401430175003, 42.059049789779216 ], [ 12.584541901463503, 42.059155445740572 ], [ 12.584655016158274, 42.059229623728513 ], [ 12.584740908868708, 42.059302054196294 ], [ 12.584895208062434, 42.059426840962431 ], [ 12.584952256471668, 42.059473649915994 ], [ 12.585017790127443, 42.05951561182998 ], [ 12.585233248751736, 42.059674805864013 ], [ 12.585382848660089, 42.059785379072636 ], [ 12.585563811187082, 42.059920325663839 ], [ 12.585866775750878, 42.060145551226249 ], [ 12.585942836360982, 42.06020097493348 ], [ 12.586082614471065, 42.06030270655922 ], [ 12.586179306211738, 42.060374348713083 ], [ 12.586254218138114, 42.060429856772856 ], [ 12.586469285507452, 42.060578734916952 ], [ 12.586511726541383, 42.060612305718465 ], [ 12.58654961764965, 42.060639521050291 ], [ 12.586787550025274, 42.060810504741596 ], [ 12.586954716966025, 42.060925025787654 ], [ 12.58705510697064, 42.060988517414387 ], [ 12.587256203536764, 42.061099494463178 ], [ 12.587613342548655, 42.061298847440476 ], [ 12.587709538618578, 42.061352590647587 ], [ 12.588000574731938, 42.061512725610292 ], [ 12.588372741387312, 42.0617109880274 ], [ 12.588702832099818, 42.061899273758513 ], [ 12.588802889181027, 42.061959202062525 ], [ 12.588846427741588, 42.061985345620059 ], [ 12.588910506807441, 42.062024541318934 ], [ 12.588961679739045, 42.06205584232908 ], [ 12.589040227794491, 42.062107114096982 ], [ 12.589351263829995, 42.062310274288016 ], [ 12.589509988601501, 42.062413323610308 ], [ 12.589682060062296, 42.062524972959153 ], [ 12.589886981118587, 42.062666242626747 ], [ 12.590025373927928, 42.062756956687906 ], [ 12.590102102485854, 42.062811310291409 ], [ 12.590512640776812, 42.063093361256129 ], [ 12.590988543839135, 42.06341911863592 ], [ 12.5910480452429, 42.063459846859487 ], [ 12.590892917872152, 42.063498502638666 ], [ 12.590430837927029, 42.063159530529987 ], [ 12.590019581333587, 42.062876979497133 ], [ 12.589943910291495, 42.062823357218953 ], [ 12.589806109226471, 42.062733044147755 ], [ 12.589601402905519, 42.062591918891037 ], [ 12.58943069433329, 42.062481166836285 ], [ 12.589271817665816, 42.0623780177065 ], [ 12.58909815811589, 42.062293473103182 ], [ 12.589020728770674, 42.062243594500394 ], [ 12.588948945744868, 42.062196682602334 ], [ 12.58886425308587, 42.062141127810762 ], [ 12.588796187742275, 42.062105902824761 ], [ 12.588752680011565, 42.062078871316494 ], [ 12.588711909312277, 42.062042559353777 ], [ 12.588616137269771, 42.061980596810422 ], [ 12.588305690927328, 42.061779272899855 ], [ 12.587929658574385, 42.061585536395022 ], [ 12.587673858311222, 42.061444791348833 ], [ 12.587637407810867, 42.061424736002579 ], [ 12.587540941008518, 42.0613708427258 ], [ 12.587193654558234, 42.061160097236034 ], [ 12.587114086468222, 42.061118273258856 ], [ 12.586514844743231, 42.060736269223995 ], [ 12.586466389555831, 42.060704972106798 ], [ 12.58642525467771, 42.060678541704235 ], [ 12.586060498828468, 42.060444219199461 ], [ 12.585994942150538, 42.060540820947629 ], [ 12.585902741850672, 42.060593238783781 ], [ 12.585656456679267, 42.060591925315713 ], [ 12.584705819283867, 42.060487639727356 ], [ 12.584610552782852, 42.06047445108517 ], [ 12.583804823748615, 42.060444414900374 ], [ 12.58361777018594, 42.061178432238862 ], [ 12.58270969739387, 42.061090078505778 ], [ 12.582638504034884, 42.060961265784712 ], [ 12.58270737008816, 42.060196709057458 ], [ 12.581794099118868, 42.06009975509135 ], [ 12.581084409601731, 42.059907281078345 ], [ 12.581021005511875, 42.059888936460545 ], [ 12.580657835009873, 42.059979116965415 ], [ 12.579773506005399, 42.060198701628636 ], [ 12.578553378979919, 42.060304464036676 ], [ 12.578221101999061, 42.060187069039507 ], [ 12.578316049002712, 42.060148369594025 ], [ 12.578385464758151, 42.060120360663134 ], [ 12.578807253995095, 42.059826123858166 ], [ 12.5798814538967, 42.05916967085885 ], [ 12.580062487378401, 42.05912603458372 ], [ 12.579977630281304, 42.059025404046118 ], [ 12.580042501169508, 42.058951941401396 ], [ 12.579935610574688, 42.058830970211787 ], [ 12.579813885000902, 42.058693207329718 ], [ 12.57948833201535, 42.058682617550865 ], [ 12.57901148781051, 42.058667105957092 ], [ 12.57808900731249, 42.057959226327668 ], [ 12.577331329361625, 42.058413684102611 ], [ 12.576995106340153, 42.058416580669672 ], [ 12.576332735757889, 42.058396186703327 ], [ 12.57625079617292, 42.058443912046215 ], [ 12.576140872017543, 42.058445663185701 ], [ 12.572698484264667, 42.058500307125513 ], [ 12.571391641715103, 42.058168314257365 ], [ 12.571304704811061, 42.058143029887546 ], [ 12.570458821763593, 42.05850837446603 ], [ 12.570406439391919, 42.058532765691872 ], [ 12.570210055020009, 42.060497815755348 ], [ 12.570201275762379, 42.06069309993002 ], [ 12.570168608423915, 42.060724703912868 ], [ 12.568446882040355, 42.061280651761741 ], [ 12.568394427742724, 42.061300494212354 ], [ 12.568716400609389, 42.061967522857501 ], [ 12.568683039015028, 42.061992868115915 ], [ 12.568647942309921, 42.062018432173325 ], [ 12.568601844579463, 42.062049260728251 ], [ 12.568488863558079, 42.062126787449984 ], [ 12.568442450958255, 42.062157498777019 ], [ 12.568393229157573, 42.062185738388408 ], [ 12.567828801926074, 42.062478170160297 ], [ 12.567778175918221, 42.062504392028409 ], [ 12.567727513672512, 42.062530571779419 ], [ 12.566788254636384, 42.063014992550713 ], [ 12.566737684024082, 42.063043425609322 ], [ 12.56661785776183, 42.063080879802598 ], [ 12.565277743824042, 42.063552945503581 ], [ 12.565225071937155, 42.063574304282383 ], [ 12.566168322257479, 42.06513766482712 ], [ 12.566409234440286, 42.065099841950826 ], [ 12.566947006823344, 42.065014506904575 ], [ 12.567232508296954, 42.06501450771308 ], [ 12.568619007567346, 42.064921108091966 ], [ 12.569734375283918, 42.064805277742529 ], [ 12.572085308773746, 42.064591807503682 ], [ 12.57364450666692, 42.064620308237117 ], [ 12.574132207025402, 42.064599008019158 ], [ 12.574319207456538, 42.064543208437357 ], [ 12.574568707875924, 42.064492107631288 ], [ 12.575601407672155, 42.06436860844461 ], [ 12.575770306988071, 42.064328807117043 ], [ 12.576290406979423, 42.06433080787226 ], [ 12.577032308818261, 42.06431220809182 ], [ 12.577668206157165, 42.064277007311617 ], [ 12.57826230673988, 42.064208307185638 ], [ 12.578975607608529, 42.064137407433293 ], [ 12.579213807056011, 42.064155406955237 ], [ 12.579353508056425, 42.064157707947736 ], [ 12.579486106975487, 42.064133107358728 ], [ 12.579882409248938, 42.064092407781402 ], [ 12.580167806840823, 42.06410520771113 ], [ 12.580323207235995, 42.064099507182554 ], [ 12.58047490943563, 42.064096507230197 ], [ 12.580639608243095, 42.064131307315165 ], [ 12.580752607342877, 42.064177507752525 ], [ 12.58088740849024, 42.064198606973427 ], [ 12.581298706708814, 42.064253208479258 ], [ 12.581602907654403, 42.064329808443532 ], [ 12.581832281101249, 42.06443221863946 ], [ 12.581935507468573, 42.064478308173278 ], [ 12.582430507821661, 42.064627708535234 ], [ 12.582854843784867, 42.06490766297447 ], [ 12.583705109349445, 42.065468607668137 ], [ 12.583861363889067, 42.065718663433671 ], [ 12.584467607856737, 42.066688807489491 ], [ 12.584515356943099, 42.066918271419958 ], [ 12.584797692682125, 42.06827503548022 ], [ 12.584926608014667, 42.068894507768441 ], [ 12.585148913556802, 42.069461460598852 ], [ 12.585438344348368, 42.070209392953345 ], [ 12.585500694938956, 42.07034948410282 ], [ 12.585547025521604, 42.070476735852452 ], [ 12.586030007697858, 42.071708407874318 ], [ 12.586103539825174, 42.071839176493128 ], [ 12.586425548565783, 42.07241183428652 ], [ 12.586615999129451, 42.072750526429559 ], [ 12.586977383879228, 42.073393182295085 ], [ 12.587165747579121, 42.073728148663307 ], [ 12.587325916694336, 42.074007460953581 ], [ 12.587503868368824, 42.07432941929698 ], [ 12.58754260767536, 42.074398307658178 ], [ 12.587679380008749, 42.075024311688729 ], [ 12.5877475067575, 42.075388008013768 ], [ 12.587869184676364, 42.075992807135158 ], [ 12.587969834422092, 42.076461186277115 ], [ 12.588928367357305, 42.075965608560324 ], [ 12.589722297100741, 42.075235965093661 ], [ 12.590337693248948, 42.074670395770035 ], [ 12.59193799768077, 42.072950723059343 ], [ 12.592791694941686, 42.072033294567383 ], [ 12.592972359688686, 42.071925059248443 ], [ 12.593251691547607, 42.07173316782071 ], [ 12.593748035102607, 42.071224065978583 ], [ 12.594098692252146, 42.070764742356118 ], [ 12.594165707519943, 42.070623109920717 ], [ 12.594368867147294, 42.0701715218092 ], [ 12.594617472623982, 42.069743570918234 ], [ 12.594928039443653, 42.069212968109284 ], [ 12.595190099571568, 42.068777080432071 ], [ 12.595336155858622, 42.068527161527946 ], [ 12.595373466116197, 42.068463819808073 ], [ 12.595401673043787, 42.068488865904982 ], [ 12.595525077561144, 42.06860101978512 ], [ 12.595572438501291, 42.068644094855898 ], [ 12.59564304727286, 42.068685147518295 ], [ 12.595819755486525, 42.06876238970775 ], [ 12.596002384733245, 42.068844208452532 ], [ 12.596226904844157, 42.068957059310797 ], [ 12.596342000253356, 42.068997059680186 ], [ 12.596400400724269, 42.069017360835076 ], [ 12.596432922079067, 42.06903027069405 ], [ 12.59654374875994, 42.069074261527149 ], [ 12.596631032855226, 42.069108921931168 ], [ 12.596697668845605, 42.069135344351743 ], [ 12.596851299894888, 42.069196290160384 ], [ 12.596914402600941, 42.069221456416258 ], [ 12.596956360251573, 42.069244689264892 ], [ 12.597069475887876, 42.069307714876814 ], [ 12.597489948465117, 42.069542059826077 ], [ 12.597861186058431, 42.069800758599413 ], [ 12.598131073537797, 42.069988925200207 ], [ 12.598241192782309, 42.070067884806463 ], [ 12.598366017868642, 42.070157398992421 ], [ 12.598458785755502, 42.070223951636088 ], [ 12.598489898268227, 42.070248196155838 ], [ 12.598537367269827, 42.070285345068022 ], [ 12.598543864055856, 42.070353078129465 ], [ 12.598615548446418, 42.070440582035147 ], [ 12.598642258628807, 42.070493380038663 ], [ 12.598657480316824, 42.070548593626505 ], [ 12.598662327428755, 42.070591322831454 ], [ 12.598653437276919, 42.070710217580881 ], [ 12.598634395352837, 42.070747680789388 ], [ 12.598623054229376, 42.070795462048352 ], [ 12.598623693589509, 42.070856555229547 ], [ 12.598641245518094, 42.070905016850077 ], [ 12.598643432918614, 42.070934011815133 ], [ 12.598586989434306, 42.071038062340435 ], [ 12.598513375492169, 42.071186580572906 ], [ 12.598394732892126, 42.071407557027506 ], [ 12.598313775829752, 42.071545771948081 ], [ 12.598001364999888, 42.072081419405805 ], [ 12.597894515868614, 42.07226133278003 ], [ 12.597831323365993, 42.072367791946803 ], [ 12.597803738465313, 42.072415220372719 ], [ 12.597287285991596, 42.073244185450463 ], [ 12.596965715140129, 42.07383300683297 ], [ 12.596766377305453, 42.074170198678338 ], [ 12.596150891555824, 42.075211172389977 ], [ 12.595786504396793, 42.075825449433381 ], [ 12.595602204643548, 42.076136180746445 ], [ 12.595294742875538, 42.076644819830989 ], [ 12.595167138544921, 42.07685752409612 ], [ 12.594834546908599, 42.077403689483141 ], [ 12.594707748495674, 42.077658298443907 ], [ 12.594670974418136, 42.077850875969261 ], [ 12.594661814096174, 42.077926024013543 ], [ 12.594680640607759, 42.078079379144299 ], [ 12.594594279434508, 42.078136890450757 ], [ 12.59454718280228, 42.078196002245605 ], [ 12.594521830384583, 42.078262379638893 ], [ 12.594525130515601, 42.078339175548827 ], [ 12.594535332408133, 42.07836452894982 ], [ 12.594223116087672, 42.078605656182013 ], [ 12.593842173509248, 42.079104732894777 ], [ 12.593375288758692, 42.079892569334646 ], [ 12.593244492020331, 42.080113362349621 ], [ 12.593175891402995, 42.080229066173764 ], [ 12.593058186297784, 42.08042783631516 ], [ 12.592956713314706, 42.080591242909392 ], [ 12.59291375103799, 42.080667045247608 ], [ 12.59283924390021, 42.080795962960984 ], [ 12.592487282841507, 42.081423230957057 ], [ 12.592326965643345, 42.081684945405506 ], [ 12.592192902822436, 42.081915236021686 ], [ 12.592137265037255, 42.082016105579285 ], [ 12.591972317857314, 42.082240921034227 ], [ 12.591879024989105, 42.082228464782922 ], [ 12.591806510685501, 42.082227964783563 ], [ 12.591747800646663, 42.082235961212902 ], [ 12.591701432635681, 42.082244348844256 ], [ 12.591594803030084, 42.082272045433577 ], [ 12.591513398334726, 42.082305329508777 ], [ 12.591472258137745, 42.082343149037349 ], [ 12.591415892667346, 42.082382072374877 ], [ 12.591378300524768, 42.082430237870014 ], [ 12.591327871442513, 42.082485840084779 ], [ 12.591307176692252, 42.082533467072587 ], [ 12.591296259621938, 42.082558591043743 ], [ 12.591295300153735, 42.082675116962953 ], [ 12.591313541127398, 42.082771732420817 ], [ 12.591355695648446, 42.082829084457529 ], [ 12.591411053277563, 42.082870712026583 ], [ 12.591503119070982, 42.082912819123159 ], [ 12.591612645345883, 42.082941234791051 ], [ 12.591762738253312, 42.082959404949754 ], [ 12.591855590212953, 42.082955923246814 ], [ 12.591940431995191, 42.0829366127847 ], [ 12.592005741738369, 42.082907966900677 ], [ 12.592061905384703, 42.082876491098261 ], [ 12.592109306092558, 42.082841778074815 ], [ 12.592161890890001, 42.082805196156997 ], [ 12.592220356303052, 42.082741881289969 ], [ 12.592258640268755, 42.082663447890525 ], [ 12.592295711871158, 42.082667605033762 ], [ 12.592349045652657, 42.082687368190761 ], [ 12.592465085495411, 42.082730368230585 ], [ 12.592587881974273, 42.082798992694677 ], [ 12.592688935674611, 42.082849506648927 ], [ 12.595532550116673, 42.08481535362062 ], [ 12.595880614563237, 42.085066617542864 ], [ 12.59600963704534, 42.085143803597795 ], [ 12.596159024222976, 42.085225846089095 ], [ 12.596210742943375, 42.085249268079977 ], [ 12.596480249360765, 42.085370823937062 ], [ 12.596895904760268, 42.085509383106988 ], [ 12.597081146295686, 42.085555568849543 ], [ 12.597271345923069, 42.085586950706457 ], [ 12.597533298356636, 42.085614680648725 ], [ 12.597742171436895, 42.085620377638726 ], [ 12.597758277895773, 42.085514539438712 ], [ 12.597543902242855, 42.085525057090742 ], [ 12.597292917626934, 42.08549843087642 ], [ 12.597113179189126, 42.085468815216281 ], [ 12.596939794718393, 42.085425565729089 ], [ 12.596536306369538, 42.085291102946584 ], [ 12.596274905326409, 42.085173178418209 ], [ 12.59622628977055, 42.085151125051809 ], [ 12.596083052641733, 42.085072363696504 ], [ 12.595960529330336, 42.084999160998841 ], [ 12.595615679928791, 42.084750089953786 ], [ 12.592763705421797, 42.082778798111249 ], [ 12.5926578048444, 42.082725636588677 ], [ 12.59252876568415, 42.082653899545036 ], [ 12.592350535787793, 42.082587441149535 ], [ 12.592253315380232, 42.082551557372113 ], [ 12.592227603191731, 42.082429524498835 ], [ 12.592188527586988, 42.082375693479882 ], [ 12.59227512152796, 42.082227507253023 ], [ 12.592360690883082, 42.082056586445148 ], [ 12.592444702708688, 42.081902697293252 ], [ 12.592682280972443, 42.081477294422733 ], [ 12.59303119877452, 42.080870583570189 ], [ 12.593142767112896, 42.08068170753554 ], [ 12.5934348739715, 42.080193162499874 ], [ 12.594035814058291, 42.079191760632447 ], [ 12.594395555639542, 42.078725022281702 ], [ 12.594672604389116, 42.078505905632724 ], [ 12.594701830761799, 42.078520443781301 ], [ 12.594801110597841, 42.078541696697442 ], [ 12.594893872715893, 42.078546196271688 ], [ 12.594994989872308, 42.078527754415525 ], [ 12.595076937147381, 42.078488082736953 ], [ 12.595137668240717, 42.078437234400553 ], [ 12.595183996431864, 42.078364982471697 ], [ 12.595198192214669, 42.078292539039545 ], [ 12.595180213939656, 42.078219764047674 ], [ 12.595136976371613, 42.078147827306466 ], [ 12.595057197289892, 42.078089620849184 ], [ 12.594962592382446, 42.078055304244543 ], [ 12.594931419884075, 42.077987292341241 ], [ 12.594911801651534, 42.077908632829235 ], [ 12.594929496692165, 42.077815376015785 ], [ 12.594942979517043, 42.077778435371371 ], [ 12.595057736451624, 42.077464033421123 ], [ 12.59510254260438, 42.077388941450096 ], [ 12.595185414594306, 42.077239029218426 ], [ 12.595251391632067, 42.077134206759993 ], [ 12.595366626441921, 42.076949901417649 ], [ 12.595488986848396, 42.07673969636496 ], [ 12.595796886350987, 42.076217866429367 ], [ 12.59583685781906, 42.076150415979761 ], [ 12.595977452913708, 42.075913655195613 ], [ 12.596335575266055, 42.075296318028251 ], [ 12.596400563693221, 42.075186602151405 ], [ 12.596753361240205, 42.074591707549779 ], [ 12.596949212566486, 42.074261320160652 ], [ 12.597147880344954, 42.073922401217608 ], [ 12.597482135551919, 42.073349675153288 ], [ 12.59798840092788, 42.072493838351676 ], [ 12.598180682727619, 42.072167268168869 ], [ 12.598503757972001, 42.071623262200831 ], [ 12.598593937249996, 42.071463740574337 ], [ 12.598703709999869, 42.071291983084109 ], [ 12.598737885935302, 42.071247898057173 ], [ 12.598802219318959, 42.071181418659798 ], [ 12.598944742790431, 42.071079861751457 ], [ 12.598996640288622, 42.071088048190532 ], [ 12.599079504915103, 42.071073904795469 ], [ 12.599133120038582, 42.071054363022938 ], [ 12.599201415189171, 42.071013170323319 ], [ 12.599236488183353, 42.070990549451096 ], [ 12.599278683388007, 42.070942506993397 ], [ 12.5992990863642, 42.070902019475362 ], [ 12.59930500763938, 42.070862845780262 ], [ 12.599455918499423, 42.070969117678494 ], [ 12.599679412281835, 42.071140871235961 ], [ 12.600108679686334, 42.071470750269071 ], [ 12.600029586602352, 42.071534424378932 ], [ 12.600738391474511, 42.072000101106319 ], [ 12.600864816101746, 42.071923011843445 ], [ 12.602033673015733, 42.071210496608785 ], [ 12.602445044844339, 42.070959677274942 ], [ 12.60313652183156, 42.070537747418591 ], [ 12.603053024237534, 42.070296121990054 ], [ 12.602745713096896, 42.069832622054903 ], [ 12.602659784909234, 42.069703349861008 ], [ 12.602517834515902, 42.069534236659578 ], [ 12.602243761153359, 42.069256887916843 ], [ 12.601725589427922, 42.068783938605627 ], [ 12.601603832111936, 42.068664531463902 ], [ 12.601680672285752, 42.068590649987605 ], [ 12.60163222442981, 42.068545140736489 ], [ 12.601373061483812, 42.068311882051184 ], [ 12.601223902361918, 42.068200349261545 ], [ 12.601176968927883, 42.068162796526451 ], [ 12.600856115682245, 42.067907236882427 ], [ 12.600606410482149, 42.067709290255316 ], [ 12.600261999713293, 42.06743890607634 ], [ 12.60017971769749, 42.067370703599707 ], [ 12.600010409197864, 42.067243540455031 ], [ 12.599680872108761, 42.066985169654906 ], [ 12.599607900857663, 42.066927957259239 ], [ 12.599684285547813, 42.066894534340527 ], [ 12.599874891409968, 42.066811133425617 ], [ 12.59993359814696, 42.066785445937455 ], [ 12.600063237216753, 42.066728720764644 ], [ 12.600414155072134, 42.066575171237915 ], [ 12.600547428320462, 42.066532733519118 ], [ 12.60066155471066, 42.06649639272657 ], [ 12.600605240818291, 42.066422775143337 ], [ 12.600837868497827, 42.066294642562795 ], [ 12.601167543132519, 42.066113053765513 ], [ 12.601250490453076, 42.06606737259338 ], [ 12.601346426702428, 42.0660145224928 ], [ 12.601234851995795, 42.065851459693732 ], [ 12.601177616399658, 42.065845652617554 ], [ 12.600575619099708, 42.065784582669373 ], [ 12.599965321287447, 42.065722668070663 ], [ 12.599969874931384, 42.065376060075515 ], [ 12.599971280644437, 42.065267264033785 ], [ 12.599976287333023, 42.0649047151311 ], [ 12.599947374025755, 42.064888995125699 ], [ 12.599668322127773, 42.064737383354498 ], [ 12.599405650264801, 42.064759747422023 ], [ 12.599315267845743, 42.06476744197397 ], [ 12.598979535140757, 42.064796025421515 ], [ 12.598784263507913, 42.064894389504552 ], [ 12.598199554330563, 42.065188732785138 ], [ 12.597769516292237, 42.064879569348939 ], [ 12.597593045904979, 42.0647527002521 ], [ 12.597111130127713, 42.064406222537805 ], [ 12.596482316989146, 42.064002456355126 ], [ 12.594464912408869, 42.062612088356929 ], [ 12.594416456804952, 42.062625085359421 ], [ 12.594297279931446, 42.062657188473828 ], [ 12.59419589174597, 42.062684472610236 ], [ 12.593966997176821, 42.062475922666501 ], [ 12.591815602502736, 42.06051565965133 ], [ 12.590872261208553, 42.059538018718918 ], [ 12.590789746035846, 42.059457088380363 ], [ 12.590022986312189, 42.058705040947757 ], [ 12.589995874175953, 42.058678526506739 ], [ 12.58964489316171, 42.058376337533538 ], [ 12.589408978513427, 42.058185172747777 ], [ 12.589320317906575, 42.058113328644588 ], [ 12.588884381647079, 42.057784373679588 ], [ 12.5880285582467, 42.057245352881594 ], [ 12.587723463324142, 42.057065045962062 ], [ 12.587291060300995, 42.056830716736016 ], [ 12.587036557388677, 42.056718257480533 ], [ 12.587002936460609, 42.056696514107422 ], [ 12.586952053141273, 42.056663608360616 ], [ 12.586452609834494, 42.056440924274973 ], [ 12.58635325721243, 42.056402115810705 ], [ 12.586105995439167, 42.056305530182101 ], [ 12.58605296482958, 42.056286142504248 ], [ 12.586034293137722, 42.056400835753642 ], [ 12.586198019392096, 42.056477856460653 ], [ 12.586375927531721, 42.056549209541636 ], [ 12.586854874406963, 42.0567407233764 ], [ 12.586565851463266, 42.056907581927767 ], [ 12.586222194497729, 42.057134451277371 ], [ 12.585815978952146, 42.057430810519669 ] ] ] ] } },
{ "type": "Feature", "properties": { "nome": "SanLuigi", "nome_slug": "SanLuigi", "popolazione": 533, "famiglie": 240, "edifici": 53, "elevazione_media": 107.63, "pendenza_media": 12.28, "pendenza_max": 30.83, "rugosita_media": 2.71, "stabilita_media": 2.36, "costruibilita_media": 2.32, "radiazione_media": 0.49, "geomorfologia_dominante": "Versante" }, "geometry": { "type": "MultiPolygon", "coordinates": [ [ [ [ 12.601587042837828, 42.05195534040211 ], [ 12.601312148598133, 42.051728145311394 ], [ 12.600919075577702, 42.051673783848805 ], [ 12.600568439193971, 42.051669378997445 ], [ 12.600518308158094, 42.051634249502989 ], [ 12.599603880575829, 42.051381331225791 ], [ 12.599429198185726, 42.051390670833321 ], [ 12.598842751881575, 42.051133089815096 ], [ 12.598666743042624, 42.051186265363 ], [ 12.598634762394926, 42.051072909189891 ], [ 12.599183649645436, 42.050476283231426 ], [ 12.599858349288162, 42.050799431476989 ], [ 12.600388087841511, 42.050462561245538 ], [ 12.600253810774708, 42.049862265404862 ], [ 12.599864739386806, 42.050009994015809 ], [ 12.599470439770613, 42.05002442711001 ], [ 12.598707048520112, 42.049713190069603 ], [ 12.598639740658808, 42.049672620756546 ], [ 12.598505572599313, 42.049016265626776 ], [ 12.598427047959406, 42.048632202152277 ], [ 12.598411417124264, 42.048553401576008 ], [ 12.598389600157354, 42.048446457266024 ], [ 12.598414721378083, 42.047316971530734 ], [ 12.596805905089758, 42.047452132138638 ], [ 12.596835151643669, 42.0480632157375 ], [ 12.59689603356094, 42.048298279601305 ], [ 12.597261128037488, 42.048786514650928 ], [ 12.597436581690637, 42.049218811740083 ], [ 12.597759821102729, 42.04976386663008 ], [ 12.59792528895739, 42.050044450123465 ], [ 12.598004430295395, 42.050179000109935 ], [ 12.598059355281036, 42.050270938851675 ], [ 12.598416832921652, 42.050499236826013 ], [ 12.598046428719119, 42.051075968836869 ], [ 12.597730734038239, 42.051100298335577 ], [ 12.597654032346718, 42.051547070032228 ], [ 12.59762034457145, 42.051742450626136 ], [ 12.597948444987086, 42.052264331540556 ], [ 12.597983483046281, 42.052321028640456 ], [ 12.598045197117816, 42.052418983726483 ], [ 12.598140914009434, 42.052573737658577 ], [ 12.598538469733878, 42.05317628637038 ], [ 12.599317616349115, 42.053126345457287 ], [ 12.5993857695278, 42.053121759630429 ], [ 12.599591100544863, 42.05310854363794 ], [ 12.600248168542791, 42.053252184233585 ], [ 12.600044329892977, 42.053572628627613 ], [ 12.600501471564487, 42.053932890299585 ], [ 12.600513638155299, 42.054087175291045 ], [ 12.600608167980747, 42.053962412291042 ], [ 12.600675121734703, 42.053859590167015 ], [ 12.600841958478286, 42.053699712557261 ], [ 12.600925802008422, 42.053696765216827 ], [ 12.600974824722396, 42.053799057845033 ], [ 12.601031554202683, 42.053917656334214 ], [ 12.601239984626591, 42.054073235532634 ], [ 12.601400890083148, 42.054193176553042 ], [ 12.601351752961845, 42.054427145276513 ], [ 12.601430610103602, 42.054430633231568 ], [ 12.601910798941866, 42.054441382766264 ], [ 12.602125665949114, 42.054325351723236 ], [ 12.602127557504671, 42.054019159184392 ], [ 12.602293199122821, 42.053979195284533 ], [ 12.602477799941768, 42.053934655179241 ], [ 12.602714376296388, 42.053897067140184 ], [ 12.60280433270902, 42.054120312525932 ], [ 12.603127210361642, 42.054094047536502 ], [ 12.603155941757581, 42.054161260674917 ], [ 12.603381611483009, 42.05410768041714 ], [ 12.603349913719031, 42.053914988667245 ], [ 12.603636970556979, 42.053843984524704 ], [ 12.603763506254609, 42.054242878039489 ], [ 12.604860474235551, 42.054155715643624 ], [ 12.604948384230614, 42.054422548013378 ], [ 12.60538437660489, 42.054433744574368 ], [ 12.605466581992916, 42.054731884413322 ], [ 12.605010805126007, 42.054781869060577 ], [ 12.604824679187537, 42.054802280816368 ], [ 12.604687600413202, 42.054957582307061 ], [ 12.604770937391077, 42.055052335001044 ], [ 12.604740358368794, 42.055127379523405 ], [ 12.60464739545926, 42.055313201813938 ], [ 12.604763134899923, 42.055373573863839 ], [ 12.604508212919313, 42.055645007067035 ], [ 12.604373357447255, 42.055615479181341 ], [ 12.604333641638434, 42.055666381974646 ], [ 12.604167643351175, 42.055872647745993 ], [ 12.603895104781593, 42.056180425548973 ], [ 12.60397293750583, 42.056215591972261 ], [ 12.604058548917866, 42.056252928822531 ], [ 12.604088746991913, 42.05632804045419 ], [ 12.604108402011615, 42.056374860251914 ], [ 12.604163423999623, 42.056504958500568 ], [ 12.604233799325693, 42.05667356442013 ], [ 12.604482035514311, 42.056671172908381 ], [ 12.604557392365635, 42.05672433169596 ], [ 12.604630827358903, 42.056779973144685 ], [ 12.604779749554238, 42.056886563824385 ], [ 12.604925192044611, 42.05693511300003 ], [ 12.605049517978047, 42.056928820096445 ], [ 12.605139775254974, 42.056885478899623 ], [ 12.605306003073359, 42.056715857374726 ], [ 12.605368491685949, 42.056520908748269 ], [ 12.605405087889787, 42.056376806622048 ], [ 12.605395247425799, 42.056317004178837 ], [ 12.60530465875247, 42.056217955191769 ], [ 12.605136417877905, 42.05613747691114 ], [ 12.604932434738453, 42.056058122516163 ], [ 12.60487835857907, 42.056006454915916 ], [ 12.604831940264754, 42.055954546449009 ], [ 12.604836935594104, 42.055821168849775 ], [ 12.605069547893221, 42.055557791678268 ], [ 12.605362062892539, 42.055295646370318 ], [ 12.605627930487849, 42.055058497367774 ], [ 12.60587029665392, 42.054763388850937 ], [ 12.605999232687301, 42.054523390599684 ], [ 12.605958103124856, 42.054079487908226 ], [ 12.605895289518072, 42.053757298146046 ], [ 12.60595291825557, 42.053521351334446 ], [ 12.606124679914865, 42.053380882957015 ], [ 12.605834220812449, 42.053385521109398 ], [ 12.605634967933376, 42.053450432482101 ], [ 12.605398442227498, 42.053527471084763 ], [ 12.604898160844984, 42.053517019597891 ], [ 12.604481588718468, 42.053447539613757 ], [ 12.604225857309261, 42.053440607293581 ], [ 12.603980603102032, 42.053416801474455 ], [ 12.603764217148193, 42.053342573163491 ], [ 12.60330864110408, 42.053325380134645 ], [ 12.602953146217681, 42.05339506968361 ], [ 12.602583325703712, 42.053478745209375 ], [ 12.602183363051326, 42.053576848707991 ], [ 12.601774500826705, 42.053517664688414 ], [ 12.60161249636751, 42.053479086791995 ], [ 12.601176872574625, 42.052308366449338 ], [ 12.601671889904232, 42.052015945254738 ], [ 12.601587042837828, 42.05195534040211 ] ] ], [ [ [ 12.603818537602663, 42.052192124016528 ], [ 12.604095153773329, 42.052267353462582 ], [ 12.604266727480955, 42.052349076600819 ], [ 12.604447993982646, 42.052483108439567 ], [ 12.604703035483258, 42.05254000134466 ], [ 12.604520318804052, 42.052352388722291 ], [ 12.604367314849101, 42.052195282396873 ], [ 12.60472497430391, 42.051955968470629 ], [ 12.604249128202403, 42.051581961896368 ], [ 12.604217754540176, 42.051555447960091 ], [ 12.604016300730917, 42.051330716322298 ], [ 12.60398063928098, 42.051299354816706 ], [ 12.603650596415731, 42.051009099467635 ], [ 12.603577556395475, 42.050944863369047 ], [ 12.603421764218108, 42.050564907679977 ], [ 12.603300925169719, 42.050073975347431 ], [ 12.602891714854385, 42.050129724566737 ], [ 12.602844334676863, 42.05004631535877 ], [ 12.602591503727981, 42.049352652422854 ], [ 12.602465231200114, 42.048972463561469 ], [ 12.601689983390134, 42.048294702863998 ], [ 12.600865436620236, 42.048433324621811 ], [ 12.600857129797383, 42.048653962235477 ], [ 12.600863836467937, 42.048712077963891 ], [ 12.600905242184337, 42.049070847120788 ], [ 12.600909721708517, 42.049109660008092 ], [ 12.601135984358896, 42.049581977648998 ], [ 12.600852389267823, 42.049705943319054 ], [ 12.601004288917716, 42.049839004210185 ], [ 12.601776890095985, 42.050153905696376 ], [ 12.602210736155264, 42.050669526657238 ], [ 12.602456869225696, 42.051077315808286 ], [ 12.603248092917653, 42.052288803392742 ], [ 12.603740053770142, 42.052204811064733 ], [ 12.603818537602663, 42.052192124016528 ] ] ] ] } },
{ "type": "Feature", "properties": { "nome": "Zona Industruale", "nome_slug": "Zona_Industruale", "popolazione": 17, "famiglie": 7, "edifici": 2, "elevazione_media": 24.12, "pendenza_media": 1.48, "pendenza_max": 74.76, "rugosita_media": 0.37, "stabilita_media": 1.18, "costruibilita_media": 1.11, "radiazione_media": 0.48, "geomorfologia_dominante": "Pianura/fondovalle" }, "geometry": { "type": "MultiPolygon", "coordinates": [ [ [ [ 12.59929427421018, 42.070736942038863 ], [ 12.599253646482131, 42.070675657566511 ], [ 12.599206700868269, 42.07063115187276 ], [ 12.599167991828873, 42.070600899524138 ], [ 12.599129692080972, 42.070589077783055 ], [ 12.599073292168155, 42.070573268911126 ], [ 12.59901528131164, 42.070564896270035 ], [ 12.598977763156443, 42.070562618353705 ], [ 12.598905328564099, 42.070516903944522 ], [ 12.598867062495776, 42.070491060702899 ], [ 12.598812596133861, 42.07044214815599 ], [ 12.598764850983569, 42.070378048789806 ], [ 12.598730938124719, 42.070330022551531 ], [ 12.59868040460203, 42.070269548654316 ], [ 12.598622723541038, 42.070237961183757 ], [ 12.598574308305551, 42.070194338804257 ], [ 12.598454576237145, 42.070095580983327 ], [ 12.598331573414866, 42.070000848175951 ], [ 12.59795774800285, 42.069727601316835 ], [ 12.597786368417186, 42.069600227093005 ], [ 12.597608093793642, 42.069473989313131 ], [ 12.597380096875046, 42.069344714951903 ], [ 12.597133052862542, 42.069230721014392 ], [ 12.597009716709568, 42.069174622084333 ], [ 12.596927162913323, 42.069138151251188 ], [ 12.596750084680883, 42.069066314436292 ], [ 12.596598419767107, 42.069002472103286 ], [ 12.596490826695085, 42.068957253364793 ], [ 12.596296088093716, 42.068868568358404 ], [ 12.596064062309615, 42.068766864151911 ], [ 12.595884949704658, 42.068686664983758 ], [ 12.595723045437971, 42.068604193165079 ], [ 12.595602782437485, 42.06853337620754 ], [ 12.595466450866498, 42.068438812551854 ], [ 12.595318645706044, 42.068320608333067 ], [ 12.595163174465506, 42.06817601199208 ], [ 12.595051948361769, 42.068049310379145 ], [ 12.594974637219371, 42.067941133796452 ], [ 12.594918871953883, 42.067851187710382 ], [ 12.594847059292102, 42.067718482583636 ], [ 12.594609329499093, 42.067197107803821 ], [ 12.594501287918094, 42.066972903374428 ], [ 12.59447249099629, 42.066912211408471 ], [ 12.594421029553587, 42.066793529259499 ], [ 12.594314428097475, 42.066621733834069 ], [ 12.594212572446216, 42.066461333547416 ], [ 12.594187906582501, 42.066423213788958 ], [ 12.594140536052469, 42.066354266020454 ], [ 12.59404825724763, 42.066219969844212 ], [ 12.593993412926979, 42.066142212012799 ], [ 12.593843111503755, 42.065931059781576 ], [ 12.59377965270242, 42.065851957400653 ], [ 12.593738657459376, 42.065800851443718 ], [ 12.593629940530525, 42.06566531709106 ], [ 12.593568990064648, 42.065586090018577 ], [ 12.593304534358683, 42.06529306020574 ], [ 12.593147159458006, 42.065118678981108 ], [ 12.592979284353843, 42.064930070532093 ], [ 12.592941036998239, 42.064893494621117 ], [ 12.592877113197963, 42.064834306755053 ], [ 12.592762965397164, 42.064731543420542 ], [ 12.592676086871014, 42.064662242268092 ], [ 12.592565637586086, 42.064572623174151 ], [ 12.592530085938307, 42.064546822338144 ], [ 12.592188620703787, 42.064299009377024 ], [ 12.591813190809484, 42.064020738650456 ], [ 12.59164265957763, 42.063894338684143 ], [ 12.5910480452429, 42.063459846859487 ], [ 12.590892917872152, 42.063498502638666 ], [ 12.59096674569285, 42.063548427044971 ], [ 12.591566057391768, 42.063951523856943 ], [ 12.59187780938915, 42.064161086657762 ], [ 12.592106009543686, 42.064361771667222 ], [ 12.592683661302447, 42.064869711668472 ], [ 12.592981384808731, 42.065193542648466 ], [ 12.593532074812503, 42.065743577678788 ], [ 12.593677632221581, 42.065936639089344 ], [ 12.593868868802346, 42.066190262007488 ], [ 12.593887270872129, 42.066214687542335 ], [ 12.593913430302671, 42.066249364851863 ], [ 12.594026264737307, 42.066396641642179 ], [ 12.594061890203998, 42.066449439469622 ], [ 12.594098197543476, 42.066503246945281 ], [ 12.59411701540043, 42.066532185181273 ], [ 12.594200749012366, 42.066660950209325 ], [ 12.59430129617501, 42.066830571857935 ], [ 12.59435918347438, 42.06694329312262 ], [ 12.594387568806159, 42.067003139874203 ], [ 12.594495340906636, 42.067226772959373 ], [ 12.594733861183339, 42.067749789964083 ], [ 12.594808084829429, 42.067886969635438 ], [ 12.594866491594923, 42.067981147993869 ], [ 12.594947923963232, 42.068094998936182 ], [ 12.595055297195731, 42.068223518891223 ], [ 12.595196546389865, 42.068355194866406 ], [ 12.595230744950696, 42.068376132406591 ], [ 12.595319063099447, 42.068430193596406 ], [ 12.595373466116197, 42.068463819808073 ], [ 12.595336155858622, 42.068527161527946 ], [ 12.595190099571568, 42.068777080432071 ], [ 12.594928039443653, 42.069212968109284 ], [ 12.594617472623982, 42.069743570918234 ], [ 12.594368867147294, 42.0701715218092 ], [ 12.594165707519943, 42.070623109920717 ], [ 12.594098692252146, 42.070764742356118 ], [ 12.593748035102607, 42.071224065978583 ], [ 12.593251691547607, 42.07173316782071 ], [ 12.592972359688686, 42.071925059248443 ], [ 12.592791694941686, 42.072033294567383 ], [ 12.59193799768077, 42.072950723059343 ], [ 12.590337693248948, 42.074670395770035 ], [ 12.589722297100741, 42.075235965093661 ], [ 12.588928367357305, 42.075965608560324 ], [ 12.587969834422092, 42.076461186277115 ], [ 12.588060511706736, 42.076898876914917 ], [ 12.588213208035032, 42.077635907799298 ], [ 12.5882995655566, 42.079155315379168 ], [ 12.588325325512159, 42.07960609946236 ], [ 12.588364607700973, 42.080299607526712 ], [ 12.588404845466446, 42.080957300829667 ], [ 12.588530707253286, 42.083193307391369 ], [ 12.588530707156883, 42.083307108163922 ], [ 12.588542509901069, 42.083509302520511 ], [ 12.588721106746576, 42.086568608077805 ], [ 12.589091028794176, 42.087103728591828 ], [ 12.589406662164199, 42.087560307967472 ], [ 12.589422906366151, 42.08758380849531 ], [ 12.590430207533403, 42.087832506754218 ], [ 12.591932912168852, 42.0877691554874 ], [ 12.592047907316402, 42.087764306941452 ], [ 12.593468649070383, 42.08747986149455 ], [ 12.593647207516927, 42.087444607583109 ], [ 12.593847419233072, 42.087376689666286 ], [ 12.59469133373155, 42.087090404277404 ], [ 12.594872907856951, 42.0870288069423 ], [ 12.595097490445619, 42.086952637705323 ], [ 12.596164299711013, 42.086590808293614 ], [ 12.596283707319779, 42.086550307873154 ], [ 12.596820007590194, 42.086458307789677 ], [ 12.597743562355662, 42.086300069790944 ], [ 12.59834680773144, 42.086196708707853 ], [ 12.600550308380836, 42.086225407571057 ], [ 12.600796026303922, 42.086262127860863 ], [ 12.602054009066798, 42.086450108527593 ], [ 12.602142568263606, 42.08649413790944 ], [ 12.601971820460454, 42.086765624919174 ], [ 12.601927598850532, 42.086850398293805 ], [ 12.601749038537136, 42.087161260449413 ], [ 12.601806887617286, 42.087184449400503 ], [ 12.601856241533543, 42.087207310993726 ], [ 12.602039402778299, 42.086884418762516 ], [ 12.602082860343909, 42.086801012861216 ], [ 12.602252042616703, 42.086532178155416 ], [ 12.602563977289755, 42.086661168246415 ], [ 12.602807221607238, 42.086764619263626 ], [ 12.603423908496415, 42.087022806931309 ], [ 12.603484693743457, 42.087060021186666 ], [ 12.604878908969315, 42.0878069068293 ], [ 12.605017252288189, 42.087995581850585 ], [ 12.605037367042179, 42.088019911063775 ], [ 12.605166409097148, 42.088195348906957 ], [ 12.605199091214455, 42.088243572040881 ], [ 12.605804909208397, 42.089155107503963 ], [ 12.606192109318416, 42.091427807989497 ], [ 12.606122038343798, 42.092412620500482 ], [ 12.605925806037083, 42.095243600660545 ], [ 12.605819667762088, 42.096632728028773 ], [ 12.605816943894185, 42.096681179728492 ], [ 12.606485610282123, 42.099032308684897 ], [ 12.606781209066025, 42.099884007238735 ], [ 12.607025909470272, 42.100022708473404 ], [ 12.606995893449472, 42.100189271000566 ], [ 12.607132573003026, 42.100343160713543 ], [ 12.607180309087013, 42.100396908259782 ], [ 12.607225208686337, 42.100602008487051 ], [ 12.607246713633007, 42.100650017232958 ], [ 12.607304407775915, 42.100778807896454 ], [ 12.607529207788229, 42.101032307512874 ], [ 12.607756781460045, 42.101557154770155 ], [ 12.607782407861839, 42.101711007991014 ], [ 12.607813909175711, 42.101774108938514 ], [ 12.607897410854795, 42.101826908507689 ], [ 12.608168506978778, 42.101981207951432 ], [ 12.608218801778465, 42.102021138735381 ], [ 12.608276994192957, 42.102067340229027 ], [ 12.608376710469409, 42.102146508798931 ], [ 12.608478109471999, 42.10228220882486 ], [ 12.608510508130273, 42.102442407628452 ], [ 12.608544209307057, 42.102598007235194 ], [ 12.608557706903291, 42.102656607922569 ], [ 12.608590906684782, 42.102695507301853 ], [ 12.608670707014689, 42.102752808116541 ], [ 12.608711108751544, 42.102792708016544 ], [ 12.60875640975798, 42.102908007414172 ], [ 12.608763249304229, 42.103022667473908 ], [ 12.611055817844296, 42.104799640598408 ], [ 12.611816063313492, 42.104998263122731 ], [ 12.612732008028601, 42.105237554868637 ], [ 12.61406423867423, 42.10550326128584 ], [ 12.614186407826184, 42.105354507934081 ], [ 12.614554448231292, 42.105472941321359 ], [ 12.614665910062776, 42.105508808537017 ], [ 12.614743107156659, 42.105580408221243 ], [ 12.614942408786927, 42.105622608190131 ], [ 12.615147408961443, 42.105609208781573 ], [ 12.615235909598541, 42.105569708472522 ], [ 12.615384810581295, 42.105449708019592 ], [ 12.615767611011124, 42.105399371790512 ], [ 12.615907302437929, 42.105392496091952 ], [ 12.616560400353009, 42.105372468206347 ], [ 12.617424909012488, 42.105353208520633 ], [ 12.617611106322885, 42.105385408073914 ], [ 12.617767207908226, 42.105420908528721 ], [ 12.617937961651819, 42.105438946280259 ], [ 12.618343108454244, 42.105421607640274 ], [ 12.619640135174921, 42.105415133483262 ], [ 12.620458709843906, 42.105418206900985 ], [ 12.620520567676019, 42.105400122594006 ], [ 12.620569914956217, 42.105140230435801 ], [ 12.620619716318519, 42.104889375398884 ], [ 12.620624562047434, 42.104843049965652 ], [ 12.620671064814831, 42.10457269865335 ], [ 12.620679254748916, 42.104525092450473 ], [ 12.620692856268672, 42.104423520479195 ], [ 12.62078374875164, 42.10389876875842 ], [ 12.620882230367975, 42.103384803381239 ], [ 12.620906123721287, 42.103250436258783 ], [ 12.62097038059864, 42.102889045812326 ], [ 12.621021623215649, 42.102617990772686 ], [ 12.621159013858811, 42.101973405791455 ], [ 12.621308501276848, 42.101361912337978 ], [ 12.621326492220275, 42.101269174721921 ], [ 12.621367842942727, 42.101136250376712 ], [ 12.62139261655434, 42.101056619029016 ], [ 12.621470966146221, 42.100778958595036 ], [ 12.621504771576724, 42.100667535364714 ], [ 12.621542138059493, 42.100561994900943 ], [ 12.621592789906522, 42.100418929034745 ], [ 12.621643518869057, 42.100268753320904 ], [ 12.621708329940475, 42.100086041702937 ], [ 12.621929511274933, 42.099510933308409 ], [ 12.622050073326749, 42.099210914243507 ], [ 12.622094526361414, 42.099105741228264 ], [ 12.622132098561661, 42.099020794055569 ], [ 12.622206006409277, 42.098877644815033 ], [ 12.622248468296178, 42.09877668492723 ], [ 12.622323147223543, 42.098629847238044 ], [ 12.622384790419142, 42.09849940663436 ], [ 12.622407671451569, 42.09845099375201 ], [ 12.622507564781362, 42.098260783054627 ], [ 12.622598008930403, 42.098084029489804 ], [ 12.622661356221561, 42.097973515339753 ], [ 12.622703937613107, 42.09789236718872 ], [ 12.622791460677901, 42.09773417349443 ], [ 12.622860374437478, 42.097614185943335 ], [ 12.622892692474004, 42.097558829188422 ], [ 12.622989677288627, 42.097392709273386 ], [ 12.623070157673297, 42.097263009083527 ], [ 12.623191568743621, 42.097067346847659 ], [ 12.623287703975807, 42.096920307430878 ], [ 12.623321489866001, 42.096868696916502 ], [ 12.623432312660475, 42.096699394497321 ], [ 12.62358101395581, 42.096480491490667 ], [ 12.623651461604592, 42.096376833568392 ], [ 12.623714346074909, 42.096285895226941 ], [ 12.623843230851026, 42.096107826143594 ], [ 12.623980032610087, 42.095917874328279 ], [ 12.624018827004768, 42.095862370092185 ], [ 12.62299137861622, 42.095074010340937 ], [ 12.622458598686968, 42.094663929515292 ], [ 12.619897814280222, 42.092700171629353 ], [ 12.619511143053742, 42.092403440941148 ], [ 12.619348414308991, 42.092284313803461 ], [ 12.617115155370767, 42.090564674122184 ], [ 12.614623554975344, 42.088651522834816 ], [ 12.614598547143114, 42.088676397308689 ], [ 12.610432626172862, 42.085477426109875 ], [ 12.609849857428637, 42.084962085566531 ], [ 12.609575683167325, 42.084668719573244 ], [ 12.609418463334634, 42.084500491794252 ], [ 12.608930855628353, 42.083925096529399 ], [ 12.608667710956777, 42.083542486544154 ], [ 12.608617483752328, 42.0834694568711 ], [ 12.608568981945078, 42.083400395249015 ], [ 12.60828726849296, 42.082956655262556 ], [ 12.608190137807668, 42.08276116313926 ], [ 12.608086289850334, 42.08250024531781 ], [ 12.607986112932798, 42.082266883274066 ], [ 12.607457274799447, 42.080934423834883 ], [ 12.607138344586639, 42.080018025478587 ], [ 12.60712625025141, 42.079987786520569 ], [ 12.606757666561242, 42.079053888498692 ], [ 12.606747237920805, 42.079026052659898 ], [ 12.606727156338025, 42.078972698692731 ], [ 12.606707229329375, 42.078919661325259 ], [ 12.606576495047269, 42.078572301787013 ], [ 12.606405653125918, 42.078118696911396 ], [ 12.60632874818171, 42.077914882862615 ], [ 12.606206713215306, 42.077663925462964 ], [ 12.606174162120588, 42.077597303587709 ], [ 12.606083438376215, 42.077413444558999 ], [ 12.606064615806295, 42.077373494877037 ], [ 12.606028704675463, 42.077283308894295 ], [ 12.605999048357683, 42.077208683447111 ], [ 12.605922293718686, 42.077015726740626 ], [ 12.605854047389091, 42.076799270140228 ], [ 12.605045248478815, 42.074771770338472 ], [ 12.604058721947805, 42.072299051530642 ], [ 12.603821591405037, 42.071692789618957 ], [ 12.6037727973246, 42.071607547183561 ], [ 12.60313652183156, 42.070537747418591 ], [ 12.602445044844339, 42.070959677274942 ], [ 12.602033673015733, 42.071210496608785 ], [ 12.600864816101746, 42.071923011843445 ], [ 12.600738391474511, 42.072000101106319 ], [ 12.600029586602352, 42.071534424378932 ], [ 12.600108679686334, 42.071470750269071 ], [ 12.599679412281835, 42.071140871235961 ], [ 12.599455918499423, 42.070969117678494 ], [ 12.59930500763938, 42.070862845780262 ], [ 12.599313163137248, 42.070797856520166 ], [ 12.59929427421018, 42.070736942038863 ] ] ] ] } },
{ "type": "Feature", "properties": { "nome": "SanMartino Martinello", "nome_slug": "SanMartino_Martinello", "popolazione": 893, "famiglie": 410, "edifici": 104, "elevazione_media": 60.31, "pendenza_media": 7.97, "pendenza_max": 43.63, "rugosita_media": 1.75, "stabilita_media": 1.77, "costruibilita_media": 1.72, "radiazione_media": 0.54, "geomorfologia_dominante": "Versante" }, "geometry": { "type": "MultiPolygon", "coordinates": [ [ [ [ 12.636178090743956, 42.079488472989688 ], [ 12.63624491348903, 42.079351010792315 ], [ 12.636569912936544, 42.078682470519986 ], [ 12.636918541695128, 42.077875751903193 ], [ 12.636995614783125, 42.077618407982236 ], [ 12.636337532623473, 42.077988247005671 ], [ 12.63605461416982, 42.078049090994043 ], [ 12.635810009465127, 42.078063195689353 ], [ 12.635603523906427, 42.078087670678073 ], [ 12.635460192914726, 42.07814215635117 ], [ 12.63513568238457, 42.078231231475137 ], [ 12.634835448537011, 42.078359112215075 ], [ 12.634679993612593, 42.07839421255462 ], [ 12.634462463061418, 42.078370570781388 ], [ 12.634081244574682, 42.078257369960973 ], [ 12.633812020264676, 42.078242244738099 ], [ 12.633490362184098, 42.078254748914411 ], [ 12.632975080528333, 42.078291996358388 ], [ 12.632562154371174, 42.078340935217447 ], [ 12.632416680418292, 42.078452838535021 ], [ 12.632280815682034, 42.078651131501886 ], [ 12.632199269713364, 42.078924840551565 ], [ 12.632177797986627, 42.079003306173618 ], [ 12.632184577292888, 42.079166243544442 ], [ 12.631384418559804, 42.079954096902043 ], [ 12.631165110661549, 42.079978307452301 ], [ 12.630844873223676, 42.079952529857714 ], [ 12.630485579238519, 42.079940324987206 ], [ 12.630020228094017, 42.080016899319297 ], [ 12.629619042339904, 42.080094796632523 ], [ 12.62938369074535, 42.080204839345996 ], [ 12.629196828157614, 42.080392497303592 ], [ 12.629022806399206, 42.080580412007521 ], [ 12.629093769413744, 42.080744672373733 ], [ 12.629343063165557, 42.080950920344684 ], [ 12.629615864372084, 42.08121510319414 ], [ 12.629764574504064, 42.081361816215612 ], [ 12.629723571044419, 42.081428009771031 ], [ 12.629655803624207, 42.081522363933132 ], [ 12.629395853880181, 42.081603163206857 ], [ 12.629201132456741, 42.081656595026132 ], [ 12.628884423285514, 42.081358443695166 ], [ 12.628834115099831, 42.081397711301456 ], [ 12.628643148856717, 42.081443293650075 ], [ 12.62846191146409, 42.081430541492743 ], [ 12.6283273547868, 42.081391736535586 ], [ 12.627696787166279, 42.081869504724907 ], [ 12.627629005901117, 42.081904125576841 ], [ 12.627139857480415, 42.081628339056302 ], [ 12.627206674835497, 42.081508144169867 ], [ 12.627681382683228, 42.081157737152566 ], [ 12.627307918551807, 42.080879841910772 ], [ 12.627558607933157, 42.080650880256222 ], [ 12.627416036255243, 42.080107590086193 ], [ 12.627130224564294, 42.078390598583347 ], [ 12.627745334318222, 42.078326774847568 ], [ 12.62785471015204, 42.078496570086585 ], [ 12.628136969451115, 42.077804235226814 ], [ 12.628599540996333, 42.076832128897117 ], [ 12.629154467728089, 42.075665896163208 ], [ 12.62930813108906, 42.075333915204915 ], [ 12.630058499579251, 42.074157210878418 ], [ 12.630161185081942, 42.073469872312174 ], [ 12.630129797359153, 42.073277692483522 ], [ 12.62977892409898, 42.073040619832071 ], [ 12.629540007513521, 42.072901614096367 ], [ 12.629207501736163, 42.072516500774199 ], [ 12.629078046922345, 42.072351917742999 ], [ 12.629051329316443, 42.072311440300503 ], [ 12.629015613731188, 42.072265346985219 ], [ 12.628939117848976, 42.072168885872124 ], [ 12.628777222259195, 42.07196206840576 ], [ 12.6287403623296, 42.071913724940195 ], [ 12.628636320928848, 42.071603419752222 ], [ 12.62856656753341, 42.07138476194077 ], [ 12.628555279220572, 42.071354602419895 ], [ 12.628542050099249, 42.071318109209749 ], [ 12.628525004294124, 42.07126902760772 ], [ 12.628514574741134, 42.071237353319397 ], [ 12.628505871772374, 42.071210650787549 ], [ 12.628429814608102, 42.070977842568979 ], [ 12.62836512228257, 42.070913371127887 ], [ 12.628132207128621, 42.070684762944722 ], [ 12.628080678412758, 42.070661567265155 ], [ 12.62804172749262, 42.070643484287501 ], [ 12.627940103038458, 42.070597443669214 ], [ 12.627730671929118, 42.070391478268562 ], [ 12.627656770068533, 42.070319218901652 ], [ 12.627480527791043, 42.0704424227023 ], [ 12.627253685265696, 42.070600824152244 ], [ 12.627025091725971, 42.070597422985841 ], [ 12.626714085894131, 42.070149919758499 ], [ 12.626408470696081, 42.070297857074678 ], [ 12.626419298542748, 42.070666799734497 ], [ 12.626424409042789, 42.07080667545172 ], [ 12.62643006393264, 42.070861043367643 ], [ 12.626317456190222, 42.071086518907549 ], [ 12.626007207357729, 42.071864612550861 ], [ 12.625758207072915, 42.072096444796124 ], [ 12.625580235079743, 42.072129825467357 ], [ 12.624439429548799, 42.07220848967863 ], [ 12.624316383252021, 42.071826032477134 ], [ 12.624346305634331, 42.071744355553648 ], [ 12.62451296047038, 42.071289457473505 ], [ 12.623574283990509, 42.071396590434063 ], [ 12.623530732610416, 42.071080623785157 ], [ 12.623531866139897, 42.070920635699949 ], [ 12.623912970189913, 42.070844770924104 ], [ 12.623690558764515, 42.070224533098937 ], [ 12.624114086070099, 42.070115167909393 ], [ 12.623933813934539, 42.06972760134515 ], [ 12.623817955893518, 42.069677822588218 ], [ 12.623208268994286, 42.069750277842878 ], [ 12.623067481337682, 42.069717176096717 ], [ 12.622889952186537, 42.069675252956792 ], [ 12.622636674467374, 42.069503317769716 ], [ 12.622474054397324, 42.069390593326816 ], [ 12.622495721360623, 42.068947124879202 ], [ 12.62249836281344, 42.068893050107398 ], [ 12.622868663828353, 42.068896970686794 ], [ 12.62297473746443, 42.06889803092178 ], [ 12.623065326230517, 42.068898517998122 ], [ 12.623126124486189, 42.068898575316673 ], [ 12.623216719140157, 42.068899420473898 ], [ 12.62326200180185, 42.068900275264568 ], [ 12.623330144871762, 42.068899578912045 ], [ 12.623368623968322, 42.068898319228133 ], [ 12.623405452220027, 42.068899330479255 ], [ 12.623451259016903, 42.068841456180479 ], [ 12.623491100537176, 42.068793175863796 ], [ 12.623549214000858, 42.068726968506617 ], [ 12.623676006326264, 42.068377559378682 ], [ 12.623254112874202, 42.068224049238772 ], [ 12.622627932571021, 42.068181842676246 ], [ 12.62283106821168, 42.066944010973934 ], [ 12.622859268748071, 42.066879934488874 ], [ 12.623066869644042, 42.066408246035365 ], [ 12.623074003101168, 42.066175990061957 ], [ 12.62350794413976, 42.066000690709132 ], [ 12.623401699691135, 42.065517221081912 ], [ 12.623537221632068, 42.065287244580581 ], [ 12.623461615487981, 42.064764792081725 ], [ 12.623450705806592, 42.064679665232482 ], [ 12.623447591131285, 42.064646610180922 ], [ 12.623347215023715, 42.064517221572089 ], [ 12.622610937703881, 42.064726329778331 ], [ 12.622327879643803, 42.064134886320304 ], [ 12.623408984453265, 42.063827182451661 ], [ 12.623288548064645, 42.063621922169773 ], [ 12.623231239141845, 42.06364180267223 ], [ 12.623204690603664, 42.063588769470854 ], [ 12.622974139202098, 42.06312546874674 ], [ 12.622909313805845, 42.062995280127289 ], [ 12.622817675666751, 42.063026394734024 ], [ 12.622391217402873, 42.063171194582615 ], [ 12.622023036693415, 42.062470222870559 ], [ 12.622429156190899, 42.062340517971535 ], [ 12.622060439205326, 42.061613514416194 ], [ 12.621783815016107, 42.061068788598824 ], [ 12.621754444693549, 42.061010951936829 ], [ 12.621627217794501, 42.060942945208041 ], [ 12.62152057050991, 42.060885229711893 ], [ 12.621268583161466, 42.060749769784891 ], [ 12.620977245657675, 42.06089724138927 ], [ 12.620922987080959, 42.060880502157431 ], [ 12.620853960923546, 42.06085770820988 ], [ 12.62058472150918, 42.060771374883949 ], [ 12.620286381020867, 42.061046696018906 ], [ 12.620074172523642, 42.061165581106451 ], [ 12.61989307919321, 42.060914415132615 ], [ 12.619805813840324, 42.06083250615692 ], [ 12.619844727138641, 42.060629490627655 ], [ 12.619852055083728, 42.06059890161275 ], [ 12.619626204733203, 42.060437478611668 ], [ 12.619385665474979, 42.060266811919846 ], [ 12.619311683377925, 42.060290102063639 ], [ 12.619161334253842, 42.060337712014508 ], [ 12.619087819432846, 42.060251254933029 ], [ 12.618975278287037, 42.060121463014376 ], [ 12.618781176285074, 42.059927493260282 ], [ 12.618733925863335, 42.060049745476732 ], [ 12.618337568428723, 42.060158412802885 ], [ 12.617953216440931, 42.059945873559428 ], [ 12.617837202480782, 42.060425657968707 ], [ 12.61730193914077, 42.061101319744466 ], [ 12.617314917241249, 42.061802977928998 ], [ 12.617193507774155, 42.061902723246334 ], [ 12.617155324874789, 42.062398751621487 ], [ 12.61721098534894, 42.062999101416288 ], [ 12.61758698758382, 42.063201659151417 ], [ 12.617258925926855, 42.063505060663921 ], [ 12.617126816831085, 42.063880900267122 ], [ 12.616645852512343, 42.06380633414777 ], [ 12.616555170487345, 42.063759825392047 ], [ 12.616300967062354, 42.063213900546181 ], [ 12.616412644997911, 42.062850915086052 ], [ 12.61603236436482, 42.062513760794282 ], [ 12.615927455096656, 42.062441866746866 ], [ 12.615691564683701, 42.062401602283138 ], [ 12.615761225267692, 42.061687542480293 ], [ 12.615602755878765, 42.061365620832426 ], [ 12.61556617445846, 42.061273598496918 ], [ 12.615471029287047, 42.061020335483619 ], [ 12.615458752774396, 42.060935744329676 ], [ 12.615249571531862, 42.060805946248891 ], [ 12.614622422115573, 42.061247429433173 ], [ 12.614759045989054, 42.06145754552626 ], [ 12.614516188641304, 42.06157241725537 ], [ 12.614638120002908, 42.061861619691172 ], [ 12.614366131607717, 42.061970261856203 ], [ 12.614157625322212, 42.061676642027365 ], [ 12.613436552493216, 42.061722654975739 ], [ 12.613376423164354, 42.061691860776648 ], [ 12.613269214590025, 42.061411998054083 ], [ 12.612499625800778, 42.06152877448713 ], [ 12.612341391764387, 42.061295844309086 ], [ 12.612162939318834, 42.061038729572289 ], [ 12.612030262946055, 42.060451039579753 ], [ 12.612135930988231, 42.060248671029917 ], [ 12.612442576158873, 42.060229738286502 ], [ 12.612862103135383, 42.06019571700282 ], [ 12.612818173857372, 42.059839121775916 ], [ 12.612511143252146, 42.05965737587232 ], [ 12.612035944404427, 42.05925295542086 ], [ 12.613198317192316, 42.059116420680425 ], [ 12.61358437426774, 42.058759135211446 ], [ 12.614357392777862, 42.059067465266615 ], [ 12.614845277267888, 42.058610017036791 ], [ 12.614716446696232, 42.058485806911122 ], [ 12.614674234976622, 42.058448081963633 ], [ 12.614662946212706, 42.058240925126384 ], [ 12.614995680438486, 42.05788983601834 ], [ 12.615059824492159, 42.057803907873058 ], [ 12.614802957460833, 42.057644740162615 ], [ 12.614726663925392, 42.057593385372769 ], [ 12.6146176631432, 42.05752001440905 ], [ 12.614273392884895, 42.057288276409345 ], [ 12.613961946984055, 42.057057379881023 ], [ 12.613592311279195, 42.056976623899146 ], [ 12.613600173828321, 42.056914089459738 ], [ 12.613645180731512, 42.056612415289578 ], [ 12.613528839692158, 42.056656598996213 ], [ 12.612764562423717, 42.056939999369007 ], [ 12.612142121848658, 42.056420404069968 ], [ 12.61260983748045, 42.056052854805458 ], [ 12.612667550111698, 42.05600759160555 ], [ 12.612989889169981, 42.055780503165821 ], [ 12.612398202130917, 42.055344422050645 ], [ 12.612539672152577, 42.055230585675311 ], [ 12.612417679409507, 42.055184232781471 ], [ 12.612349453125789, 42.055158272061789 ], [ 12.611960205685524, 42.055013601811382 ], [ 12.612103790810812, 42.054826881712245 ], [ 12.611677574680227, 42.054745319892952 ], [ 12.611246973153193, 42.054662918529978 ], [ 12.611094994421224, 42.055054277767184 ], [ 12.610429220530859, 42.055025791571047 ], [ 12.610438490596472, 42.054778189264319 ], [ 12.610178785059077, 42.054782159742317 ], [ 12.609771077264588, 42.054792460271905 ], [ 12.609457545411596, 42.054793096023616 ], [ 12.608986644583462, 42.054791170655335 ], [ 12.608698179114121, 42.05463903596754 ], [ 12.60845477383919, 42.054853134242236 ], [ 12.608406873272695, 42.054816742222691 ], [ 12.607920849078656, 42.05444748409699 ], [ 12.607501171555441, 42.054116813687912 ], [ 12.607303594817825, 42.054171589017265 ], [ 12.606891807228592, 42.054415447183473 ], [ 12.606822855930707, 42.054457825745644 ], [ 12.607128160934263, 42.054547658317425 ], [ 12.606947374300207, 42.054918598308973 ], [ 12.607135838387377, 42.05500078864852 ], [ 12.607347420480851, 42.055093060381132 ], [ 12.607651062187131, 42.05535760499442 ], [ 12.607708279957249, 42.055407454288684 ], [ 12.607594377243593, 42.05582883174263 ], [ 12.607778309484544, 42.056154123794997 ], [ 12.607984025769879, 42.056421430933625 ], [ 12.607625213812668, 42.056574688108761 ], [ 12.607945238281621, 42.0569320627989 ], [ 12.608141616699552, 42.057447572664927 ], [ 12.607432183946182, 42.057693599215639 ], [ 12.607346707237477, 42.05772325135311 ], [ 12.607300576190649, 42.057868266456616 ], [ 12.607304928897701, 42.058148425897741 ], [ 12.607158904030888, 42.058372936735672 ], [ 12.606677986346371, 42.058788787218788 ], [ 12.606474308438074, 42.058952759897878 ], [ 12.606197166386048, 42.059300699555607 ], [ 12.606684418721965, 42.059500916285202 ], [ 12.606384130527678, 42.059851155141672 ], [ 12.606049377116948, 42.060325323615146 ], [ 12.605927518635482, 42.060484087282752 ], [ 12.605872993113339, 42.060524268142245 ], [ 12.605628898519896, 42.060686980503966 ], [ 12.605448425473417, 42.060806931191983 ], [ 12.604845729330165, 42.061119512375122 ], [ 12.604430833639158, 42.061198525465109 ], [ 12.603862271212062, 42.061712683970569 ], [ 12.602408342682589, 42.061816740224458 ], [ 12.602573391689305, 42.061961724526711 ], [ 12.602374588143986, 42.062112834716338 ], [ 12.602320792738194, 42.062153723937747 ], [ 12.602082513424433, 42.06197801224576 ], [ 12.601851459348957, 42.06181084359897 ], [ 12.601980435243664, 42.061617672285927 ], [ 12.601325086187412, 42.061176225422699 ], [ 12.600869272265362, 42.061521675344146 ], [ 12.600818999065424, 42.0615463572558 ], [ 12.600688629411565, 42.061598710979148 ], [ 12.600111458884792, 42.061830179333064 ], [ 12.599829135752247, 42.061585151928604 ], [ 12.599756873244324, 42.06162336293761 ], [ 12.599259194510108, 42.061897907879441 ], [ 12.598867089759894, 42.062115907076759 ], [ 12.598779564269078, 42.062163227745081 ], [ 12.598671244576833, 42.062223951022517 ], [ 12.598332723516695, 42.062370127274789 ], [ 12.598043392901456, 42.062498840718135 ], [ 12.598012934533925, 42.062511338212175 ], [ 12.597546581642897, 42.062704110059585 ], [ 12.597512932214173, 42.062740497181451 ], [ 12.597469900778238, 42.062786999323066 ], [ 12.596951972397081, 42.0633466996089 ], [ 12.597090353533437, 42.063384320695747 ], [ 12.597516329223602, 42.064064005036109 ], [ 12.597111130127713, 42.064406222537805 ], [ 12.597593045904979, 42.0647527002521 ], [ 12.597769516292237, 42.064879569348939 ], [ 12.598199554330563, 42.065188732785138 ], [ 12.598784263507913, 42.064894389504552 ], [ 12.598979535140757, 42.064796025421515 ], [ 12.599315267845743, 42.06476744197397 ], [ 12.599405650264801, 42.064759747422023 ], [ 12.599668322127773, 42.064737383354498 ], [ 12.599947374025755, 42.064888995125699 ], [ 12.599976287333023, 42.0649047151311 ], [ 12.599971280644437, 42.065267264033785 ], [ 12.599969874931384, 42.065376060075515 ], [ 12.599965321287447, 42.065722668070663 ], [ 12.600575619099708, 42.065784582669373 ], [ 12.601177616399658, 42.065845652617554 ], [ 12.601234851995795, 42.065851459693732 ], [ 12.601346426702428, 42.0660145224928 ], [ 12.601250490453076, 42.06606737259338 ], [ 12.601167543132519, 42.066113053765513 ], [ 12.600837868497827, 42.066294642562795 ], [ 12.600605240818291, 42.066422775143337 ], [ 12.60066155471066, 42.06649639272657 ], [ 12.600547428320462, 42.066532733519118 ], [ 12.600414155072134, 42.066575171237915 ], [ 12.600063237216753, 42.066728720764644 ], [ 12.59993359814696, 42.066785445937455 ], [ 12.599874891409968, 42.066811133425617 ], [ 12.599684285547813, 42.066894534340527 ], [ 12.599607900857663, 42.066927957259239 ], [ 12.599680872108761, 42.066985169654906 ], [ 12.600010409197864, 42.067243540455031 ], [ 12.60017971769749, 42.067370703599707 ], [ 12.600261999713293, 42.06743890607634 ], [ 12.600606410482149, 42.067709290255316 ], [ 12.600856115682245, 42.067907236882427 ], [ 12.601176968927883, 42.068162796526451 ], [ 12.601223902361918, 42.068200349261545 ], [ 12.601373061483812, 42.068311882051184 ], [ 12.60163222442981, 42.068545140736489 ], [ 12.601680672285752, 42.068590649987605 ], [ 12.601721917587959, 42.068629394286866 ], [ 12.601813225139589, 42.068711334145199 ], [ 12.601929980402172, 42.068821702633421 ], [ 12.602339477238745, 42.069202045743829 ], [ 12.60261767503445, 42.069483633707478 ], [ 12.60290967378811, 42.069831884907224 ], [ 12.602928998160406, 42.069854930144281 ], [ 12.603251706219551, 42.07029375345121 ], [ 12.603487928006624, 42.070691925531378 ], [ 12.603521309445311, 42.070748191946706 ], [ 12.603785087484967, 42.071312172509877 ], [ 12.60394942593196, 42.07172558762845 ], [ 12.60417430550055, 42.072273014994259 ], [ 12.604324548677615, 42.072649608522717 ], [ 12.604695663084085, 42.073579809753667 ], [ 12.60477704818779, 42.073779215026605 ], [ 12.604932319285519, 42.074173802110742 ], [ 12.605008937213684, 42.074379187689232 ], [ 12.605042710434669, 42.07446681281229 ], [ 12.605116005581561, 42.074643557977581 ], [ 12.605159416301266, 42.074746530107689 ], [ 12.605969801480637, 42.076773639697684 ], [ 12.606029868437961, 42.076924201373522 ], [ 12.606144654627823, 42.077212165907838 ], [ 12.60618519135312, 42.07731386200868 ], [ 12.606825212083535, 42.078919417971143 ], [ 12.606875441055577, 42.079046408258463 ], [ 12.60724421585355, 42.079955832287645 ], [ 12.6072578545732, 42.079993310133361 ], [ 12.607291975834002, 42.080093477002116 ], [ 12.607341851851475, 42.080240252497546 ], [ 12.607571652167936, 42.080904221054631 ], [ 12.608101551195453, 42.082240450141185 ], [ 12.608201738049805, 42.082473831579158 ], [ 12.608302793363912, 42.082728621269538 ], [ 12.608425144143089, 42.082911022434871 ], [ 12.608679066968431, 42.083317422068163 ], [ 12.609038622272587, 42.083840031277219 ], [ 12.609524740458763, 42.084412563578134 ], [ 12.609953797402795, 42.084871655224283 ], [ 12.610458856626341, 42.085318218864536 ], [ 12.610533448765102, 42.085384168724282 ], [ 12.610943794949767, 42.085700005834099 ], [ 12.612379430698159, 42.086802953956521 ], [ 12.613077112328927, 42.087341901377627 ], [ 12.614695662418255, 42.088580428443407 ], [ 12.614785932523159, 42.08849119929689 ], [ 12.614857439745668, 42.08848774445611 ], [ 12.615603280589765, 42.089030314037835 ], [ 12.616311515364703, 42.089633593454629 ], [ 12.617238267982941, 42.090381966198265 ], [ 12.617651123942675, 42.090689207052563 ], [ 12.61774780605141, 42.090712692842914 ], [ 12.618165119389349, 42.090814076374357 ], [ 12.618985500823896, 42.090940923548281 ], [ 12.619562987842759, 42.091036297510129 ], [ 12.619711831784658, 42.09106140469811 ], [ 12.620301438308479, 42.091056076365781 ], [ 12.620835737407909, 42.0909529645417 ], [ 12.621156723188125, 42.090880564506278 ], [ 12.621458725261355, 42.090684780694986 ], [ 12.62170935618126, 42.09060213618821 ], [ 12.622227628817999, 42.090612883377652 ], [ 12.622474305184571, 42.090635571073577 ], [ 12.622708405723504, 42.090679954532057 ], [ 12.623245642334844, 42.090814060557719 ], [ 12.62370106753864, 42.090928918123019 ], [ 12.624473873774988, 42.09106790691677 ], [ 12.624768992840314, 42.091056452551435 ], [ 12.625083878787231, 42.090990007338206 ], [ 12.625576822030181, 42.090888696593701 ], [ 12.626456976267221, 42.090678518844619 ], [ 12.627084914218456, 42.090571200091667 ], [ 12.627284911583601, 42.090603409388414 ], [ 12.627438173242346, 42.090742998892097 ], [ 12.627582631436757, 42.090872173788306 ], [ 12.627785619839248, 42.090996128901672 ], [ 12.627831828428141, 42.090935344273568 ], [ 12.62786497189969, 42.09089206138124 ], [ 12.627943523258837, 42.090791741686004 ], [ 12.628428316350623, 42.090164456111665 ], [ 12.628630734880126, 42.089902539653565 ], [ 12.628863950262911, 42.089602134216591 ], [ 12.628975427297894, 42.089460386189508 ], [ 12.629006785430468, 42.089419442188138 ], [ 12.629060099966635, 42.08935365417711 ], [ 12.629093556712652, 42.089310741010237 ], [ 12.629112742066607, 42.089286888816609 ], [ 12.629194323682785, 42.089182856938976 ], [ 12.629260192508934, 42.08909631441098 ], [ 12.629332002537652, 42.089002817586326 ], [ 12.629800761153165, 42.088400076527293 ], [ 12.629858129246365, 42.08832622934667 ], [ 12.62994666104297, 42.088212268868091 ], [ 12.630120056327385, 42.087994095301617 ], [ 12.630333017417486, 42.087717693786971 ], [ 12.630352849708228, 42.087688503634375 ], [ 12.630414129113996, 42.08761242248459 ], [ 12.630892001437067, 42.086996201862142 ], [ 12.630967205505566, 42.086899813149699 ], [ 12.631036704030651, 42.086802121185549 ], [ 12.631087027191066, 42.086746238510479 ], [ 12.631295429251683, 42.086475580578202 ], [ 12.631381626497546, 42.086359056403658 ], [ 12.631417215055958, 42.086317413111985 ], [ 12.631431310723849, 42.086293922610409 ], [ 12.631594921897525, 42.086090238319137 ], [ 12.631687159402359, 42.08596911112528 ], [ 12.631722234435056, 42.085916514517116 ], [ 12.631874610510371, 42.085721306271779 ], [ 12.631936899974908, 42.08564341568492 ], [ 12.632149002084095, 42.08536125614939 ], [ 12.632237663553999, 42.085246783746584 ], [ 12.632247417870579, 42.085218787025212 ], [ 12.632385307216721, 42.08503575952416 ], [ 12.632680818625662, 42.084647098151329 ], [ 12.632879911174768, 42.08438136085261 ], [ 12.632992017144673, 42.084233765698194 ], [ 12.633064344226172, 42.084138352882974 ], [ 12.633184622470571, 42.083966853100776 ], [ 12.633321011971935, 42.083767671719862 ], [ 12.63350867927959, 42.083504444062513 ], [ 12.633641595113643, 42.083310571732689 ], [ 12.633681164360938, 42.083251952887665 ], [ 12.633839481101647, 42.08301700066491 ], [ 12.634024537252659, 42.082748152300987 ], [ 12.634156249418286, 42.082557764536134 ], [ 12.634243506174203, 42.082412743553661 ], [ 12.634307867261802, 42.082318452417141 ], [ 12.634471474607437, 42.082078010695909 ], [ 12.634800865768682, 42.081546841153198 ], [ 12.634839606726086, 42.081483325324406 ], [ 12.635111762227485, 42.08103112580546 ], [ 12.635368493382201, 42.080591624346994 ], [ 12.635572370881579, 42.080654772325843 ], [ 12.635618429337905, 42.080575350572254 ], [ 12.636115893564606, 42.079616420830106 ], [ 12.636178090743956, 42.079488472989688 ] ] ] ] } },
{ "type": "Feature", "properties": { "nome": "Gattaceca", "nome_slug": "Gattaceca", "popolazione": 5, "famiglie": 1, "edifici": 2, "elevazione_media": 91.05, "pendenza_media": 7.31, "pendenza_max": 82.77, "rugosita_media": 1.68, "stabilita_media": 1.62, "costruibilita_media": 1.58, "radiazione_media": 0.53, "geomorfologia_dominante": "Versante" }, "geometry": { "type": "MultiPolygon", "coordinates": [ [ [ [ 12.654476256731749, 42.044978787205054 ], [ 12.654438547935472, 42.0450199405878 ], [ 12.654413239209624, 42.045047566170652 ], [ 12.654314689163336, 42.045159449712806 ], [ 12.654259362183861, 42.045221854813477 ], [ 12.654149501879669, 42.045343553726141 ], [ 12.653990795988518, 42.045521126889525 ], [ 12.653902279797354, 42.045749101049019 ], [ 12.653567926744381, 42.046304539340454 ], [ 12.653025913627204, 42.047253789606792 ], [ 12.652266224991184, 42.048516140255074 ], [ 12.652202843291203, 42.048608009543344 ], [ 12.651615114095625, 42.049459863587302 ], [ 12.651329474172703, 42.049839341531623 ], [ 12.650535273829794, 42.050894465739113 ], [ 12.649994801599014, 42.051652430939825 ], [ 12.649841338482172, 42.051867645757973 ], [ 12.649816159919112, 42.051897410208902 ], [ 12.649047787228291, 42.052805837526577 ], [ 12.648972870425309, 42.05289441548102 ], [ 12.648922602918296, 42.052953849299229 ], [ 12.648887802727391, 42.052994643541659 ], [ 12.648772586500087, 42.053129706938606 ], [ 12.648155714171335, 42.053300467735831 ], [ 12.647479302091357, 42.053487704866441 ], [ 12.647430640456308, 42.053501178324247 ], [ 12.647173664144979, 42.053572315566576 ], [ 12.646414941551518, 42.05383957077138 ], [ 12.645533653283072, 42.054142252895844 ], [ 12.645302705646772, 42.054222958506728 ], [ 12.643464421759241, 42.054865377259922 ], [ 12.642421174792002, 42.055175616851486 ], [ 12.641858315513531, 42.05534486871791 ], [ 12.641434356915855, 42.055231554494185 ], [ 12.640016110778102, 42.054992956742687 ], [ 12.638695042783313, 42.05502040941451 ], [ 12.637560840412821, 42.055043414019089 ], [ 12.636741451510424, 42.055074695863944 ], [ 12.636557521144917, 42.055081609541837 ], [ 12.636024519787785, 42.055101636576069 ], [ 12.635866099898523, 42.054800514803141 ], [ 12.635632085653608, 42.054299174944319 ], [ 12.634897109839816, 42.05383479000924 ], [ 12.635218339794068, 42.054168820654652 ], [ 12.635384514188679, 42.054419669107958 ], [ 12.636017650711697, 42.055430016364539 ], [ 12.636174487971918, 42.055377390754082 ], [ 12.636358155962197, 42.055794457868828 ], [ 12.63557226009002, 42.056027856246878 ], [ 12.635703397500089, 42.056417066905411 ], [ 12.635902672548857, 42.057008494681952 ], [ 12.636159915050625, 42.057889873997695 ], [ 12.636316068035017, 42.058424879473812 ], [ 12.636055410735993, 42.059188272698414 ], [ 12.635857046266405, 42.05962389938108 ], [ 12.635261904324503, 42.060119276620355 ], [ 12.632441595772931, 42.061399941696905 ], [ 12.632399547513963, 42.061432207232421 ], [ 12.629899190136438, 42.063350749736088 ], [ 12.630449210762819, 42.063464366385475 ], [ 12.629869590087344, 42.064233211106014 ], [ 12.629517161574823, 42.064220546475639 ], [ 12.629232949466699, 42.064563096501296 ], [ 12.628540656613753, 42.06447780290776 ], [ 12.628150112996179, 42.06476001098298 ], [ 12.627615085059855, 42.065261772616431 ], [ 12.627540331677526, 42.065331891729763 ], [ 12.627452669246235, 42.065578481031565 ], [ 12.62768028849878, 42.065787761522586 ], [ 12.627404799640253, 42.066337332628855 ], [ 12.625721225867148, 42.066244049964723 ], [ 12.625754455647041, 42.06693151071628 ], [ 12.625808558395157, 42.067203858117445 ], [ 12.62595265361897, 42.067929231264479 ], [ 12.626334533662821, 42.068739965321029 ], [ 12.62640560928536, 42.068890859371578 ], [ 12.62642529485845, 42.068932652236484 ], [ 12.626839691581843, 42.069394204326549 ], [ 12.627378201822276, 42.069156934519683 ], [ 12.627808914278882, 42.069180442925919 ], [ 12.627935801958159, 42.069460700246061 ], [ 12.627363339080395, 42.070034430707935 ], [ 12.627458230332905, 42.070123987631206 ], [ 12.627656770068533, 42.070319218901652 ], [ 12.627730671929118, 42.070391478268562 ], [ 12.627940103038458, 42.070597443669214 ], [ 12.62804172749262, 42.070643484287501 ], [ 12.628080678412758, 42.070661567265155 ], [ 12.628132207128621, 42.070684762944722 ], [ 12.62836512228257, 42.070913371127887 ], [ 12.628429814608102, 42.070977842568979 ], [ 12.628505871772374, 42.071210650787549 ], [ 12.628514574741134, 42.071237353319397 ], [ 12.628525004294124, 42.07126902760772 ], [ 12.628542050099249, 42.071318109209749 ], [ 12.628555279220572, 42.071354602419895 ], [ 12.62856656753341, 42.07138476194077 ], [ 12.628636320928848, 42.071603419752222 ], [ 12.6287403623296, 42.071913724940195 ], [ 12.628777222259195, 42.07196206840576 ], [ 12.628939117848976, 42.072168885872124 ], [ 12.629015613731188, 42.072265346985219 ], [ 12.629051329316443, 42.072311440300503 ], [ 12.629078046922345, 42.072351917742999 ], [ 12.629207501736163, 42.072516500774199 ], [ 12.629540007513521, 42.072901614096367 ], [ 12.62977892409898, 42.073040619832071 ], [ 12.630129797359153, 42.073277692483522 ], [ 12.630161185081942, 42.073469872312174 ], [ 12.630058499579251, 42.074157210878418 ], [ 12.62930813108906, 42.075333915204915 ], [ 12.629154467728089, 42.075665896163208 ], [ 12.628599540996333, 42.076832128897117 ], [ 12.628136969451115, 42.077804235226814 ], [ 12.62785471015204, 42.078496570086585 ], [ 12.627745334318222, 42.078326774847568 ], [ 12.627130224564294, 42.078390598583347 ], [ 12.627416036255243, 42.080107590086193 ], [ 12.627558607933157, 42.080650880256222 ], [ 12.627307918551807, 42.080879841910772 ], [ 12.627681382683228, 42.081157737152566 ], [ 12.627206674835497, 42.081508144169867 ], [ 12.627139857480415, 42.081628339056302 ], [ 12.627629005901117, 42.081904125576841 ], [ 12.627696787166279, 42.081869504724907 ], [ 12.6283273547868, 42.081391736535586 ], [ 12.62846191146409, 42.081430541492743 ], [ 12.628643148856717, 42.081443293650075 ], [ 12.628834115099831, 42.081397711301456 ], [ 12.628884423285514, 42.081358443695166 ], [ 12.629201132456741, 42.081656595026132 ], [ 12.629395853880181, 42.081603163206857 ], [ 12.629655803624207, 42.081522363933132 ], [ 12.629723571044419, 42.081428009771031 ], [ 12.629764574504064, 42.081361816215612 ], [ 12.629615864372084, 42.08121510319414 ], [ 12.629343063165557, 42.080950920344684 ], [ 12.629093769413744, 42.080744672373733 ], [ 12.629022806399206, 42.080580412007521 ], [ 12.629196828157614, 42.080392497303592 ], [ 12.62938369074535, 42.080204839345996 ], [ 12.629619042339904, 42.080094796632523 ], [ 12.630020228094017, 42.080016899319297 ], [ 12.630485579238519, 42.079940324987206 ], [ 12.630844873223676, 42.079952529857714 ], [ 12.631165110661549, 42.079978307452301 ], [ 12.631384418559804, 42.079954096902043 ], [ 12.632184577292888, 42.079166243544442 ], [ 12.632177797986627, 42.079003306173618 ], [ 12.632199269713364, 42.078924840551565 ], [ 12.632280815682034, 42.078651131501886 ], [ 12.632416680418292, 42.078452838535021 ], [ 12.632562154371174, 42.078340935217447 ], [ 12.632975080528333, 42.078291996358388 ], [ 12.633490362184098, 42.078254748914411 ], [ 12.633812020264676, 42.078242244738099 ], [ 12.634081244574682, 42.078257369960973 ], [ 12.634462463061418, 42.078370570781388 ], [ 12.634679993612593, 42.07839421255462 ], [ 12.634835448537011, 42.078359112215075 ], [ 12.63513568238457, 42.078231231475137 ], [ 12.635460192914726, 42.07814215635117 ], [ 12.635603523906427, 42.078087670678073 ], [ 12.635810009465127, 42.078063195689353 ], [ 12.63605461416982, 42.078049090994043 ], [ 12.636337532623473, 42.077988247005671 ], [ 12.636995614783125, 42.077618407982236 ], [ 12.636918541695128, 42.077875751903193 ], [ 12.636569912936544, 42.078682470519986 ], [ 12.63624491348903, 42.079351010792315 ], [ 12.636178090743956, 42.079488472989688 ], [ 12.636115893564606, 42.079616420830106 ], [ 12.635618429337905, 42.080575350572254 ], [ 12.635572370881579, 42.080654772325843 ], [ 12.635619278913127, 42.080670738974433 ], [ 12.635670965355965, 42.08068372745187 ], [ 12.63577098486606, 42.080716929814081 ], [ 12.635544331480011, 42.081099614834734 ], [ 12.635404153454633, 42.081327444921108 ], [ 12.635294212950191, 42.081506126300056 ], [ 12.635046337545116, 42.081898112672434 ], [ 12.634973868511603, 42.082013684592305 ], [ 12.634742227443734, 42.08236684681922 ], [ 12.634631954380783, 42.082534968426422 ], [ 12.634038673447321, 42.083436428486642 ], [ 12.633874597032532, 42.083672912501306 ], [ 12.633664199109941, 42.083981077091487 ], [ 12.633437360484621, 42.084313318758234 ], [ 12.633062081147536, 42.084833278504526 ], [ 12.632696864800517, 42.085319514323906 ], [ 12.632606546439415, 42.085438531126321 ], [ 12.631966571467219, 42.086269647396414 ], [ 12.631800910627863, 42.086480101144005 ], [ 12.631779548617228, 42.086507952399494 ], [ 12.63160211729187, 42.086739259992655 ], [ 12.631532558030905, 42.086828272812333 ], [ 12.631408328982017, 42.086997096506614 ], [ 12.631377624778027, 42.08703822574428 ], [ 12.631236086327853, 42.087227817711366 ], [ 12.631157880381197, 42.087329620769879 ], [ 12.631057010843946, 42.087461519579833 ], [ 12.630856235588809, 42.087724052760677 ], [ 12.630518406600372, 42.088165791791603 ], [ 12.630329182635025, 42.088412502508206 ], [ 12.630229089534875, 42.088543003689388 ], [ 12.629645818366505, 42.089278059946238 ], [ 12.629357603669636, 42.089620347043223 ], [ 12.629231153400436, 42.089802610684764 ], [ 12.62908477157281, 42.089980799500665 ], [ 12.628725760843913, 42.090443198919935 ], [ 12.628623726866408, 42.090572698516063 ], [ 12.628555012016347, 42.090657138152039 ], [ 12.628502925657333, 42.090720811467172 ], [ 12.628328538552664, 42.090943070615936 ], [ 12.628162261598151, 42.091169214900439 ], [ 12.62812389547793, 42.09122139504732 ], [ 12.627857371283516, 42.091566330668506 ], [ 12.627814488260256, 42.091625316255723 ], [ 12.627716490385071, 42.091738447359475 ], [ 12.627608223268657, 42.091874060337176 ], [ 12.62754848440226, 42.09195158601473 ], [ 12.627482566571771, 42.092039921949372 ], [ 12.627395644378566, 42.092146722206884 ], [ 12.627324915753567, 42.092241268665113 ], [ 12.627205108312474, 42.092404065147058 ], [ 12.627142017331867, 42.092481126712912 ], [ 12.627071302512558, 42.092571308013817 ], [ 12.627019262536466, 42.092633090913466 ], [ 12.626924686486365, 42.092758422441435 ], [ 12.626858375989562, 42.092843570186403 ], [ 12.626739061451019, 42.092996777718461 ], [ 12.626613845825238, 42.093157327880448 ], [ 12.6265075957677, 42.093288642001951 ], [ 12.626447915531893, 42.093371415881514 ], [ 12.626272044870001, 42.093601928438261 ], [ 12.626142974160651, 42.093775900876196 ], [ 12.625984682720807, 42.093977224615031 ], [ 12.625807528576059, 42.094208904459705 ], [ 12.625469432237574, 42.094646617528809 ], [ 12.625301763086387, 42.094853198571741 ], [ 12.625136697005786, 42.095066880059434 ], [ 12.624984477801272, 42.095263931236147 ], [ 12.624908163146307, 42.095361835159331 ], [ 12.624873076010223, 42.095412196024199 ], [ 12.624841719314446, 42.09544581715992 ], [ 12.624762220662102, 42.095546325894787 ], [ 12.624590128926251, 42.095773979852794 ], [ 12.624399236532273, 42.09604703449417 ], [ 12.626080873520271, 42.097330306125187 ], [ 12.628297970522231, 42.099022068685329 ], [ 12.628875034284716, 42.099442172349072 ], [ 12.62971404773343, 42.100052958158678 ], [ 12.630101290804374, 42.100389449412781 ], [ 12.630519367851747, 42.100764241743128 ], [ 12.630989522891896, 42.101223250024411 ], [ 12.631274451905181, 42.101520750572767 ], [ 12.63135336304236, 42.101602009686935 ], [ 12.631637267835535, 42.10199060858077 ], [ 12.631844854500569, 42.10231864049949 ], [ 12.631862188488633, 42.102346031716294 ], [ 12.631953960902349, 42.102513681414393 ], [ 12.632053142170331, 42.102694867946703 ], [ 12.632206580666898, 42.10297517159988 ], [ 12.632280349799546, 42.103081711509986 ], [ 12.632751665192997, 42.102931381555543 ], [ 12.633666093847824, 42.102639709766159 ], [ 12.63390252301491, 42.102568658070219 ], [ 12.634587931528008, 42.102362676823539 ], [ 12.635206992485337, 42.102176628939539 ], [ 12.635550844659008, 42.102076870365018 ], [ 12.63645801748026, 42.101813666775826 ], [ 12.636635672114938, 42.101764065899225 ], [ 12.637474607462337, 42.101530336197904 ], [ 12.637536183036779, 42.101513324145202 ], [ 12.637717432499519, 42.101463246405835 ], [ 12.638090172144981, 42.101360262574033 ], [ 12.639208925227798, 42.096919072059087 ], [ 12.639255786834253, 42.096733032585369 ], [ 12.639295191518023, 42.096576593182085 ], [ 12.638971546251483, 42.096286676743091 ], [ 12.638780666023841, 42.09611568715119 ], [ 12.638729776957886, 42.096045597948411 ], [ 12.638263037747741, 42.095402746759156 ], [ 12.637651683995262, 42.094229638563483 ], [ 12.637165457055071, 42.093362045968206 ], [ 12.636931821923714, 42.09291021289954 ], [ 12.636783366047874, 42.092626777512464 ], [ 12.6365701955269, 42.091845653664258 ], [ 12.63653061709592, 42.090955451280387 ], [ 12.636842464208996, 42.090040581215561 ], [ 12.637316895066746, 42.089656345976969 ], [ 12.637681294047953, 42.089553879787779 ], [ 12.638634332289355, 42.08929486081049 ], [ 12.639833068522899, 42.088932632717345 ], [ 12.640860965192081, 42.088647849752533 ], [ 12.642438287331286, 42.088471662863832 ], [ 12.64362550275758, 42.088713070960146 ], [ 12.64441985351781, 42.088836376686785 ], [ 12.645731738001039, 42.088695601672434 ], [ 12.647221921199334, 42.088580653791595 ], [ 12.648595834586903, 42.088401855085394 ], [ 12.649365548382448, 42.088174749899281 ], [ 12.650234919689247, 42.087840898389665 ], [ 12.650670727720833, 42.087836836274015 ], [ 12.65293290359832, 42.087813465489411 ], [ 12.653143698232133, 42.087714384714118 ], [ 12.653214047900898, 42.087680360286647 ], [ 12.654865279807487, 42.086900914425975 ], [ 12.656011426222486, 42.086598725745496 ], [ 12.65681780931855, 42.086379401000471 ], [ 12.658783539768729, 42.084853411061594 ], [ 12.660324994944462, 42.084043316286625 ], [ 12.661230741902024, 42.08312292688526 ], [ 12.662154509997746, 42.082634166833593 ], [ 12.662963359971098, 42.081987008575588 ], [ 12.663782897276647, 42.081407036058764 ], [ 12.664418554913368, 42.081008521596573 ], [ 12.66448387002217, 42.080967572725839 ], [ 12.665004154679167, 42.080532319452615 ], [ 12.66527492914577, 42.080305793440616 ], [ 12.665299473222206, 42.080284011443894 ], [ 12.66553329634989, 42.080076496694133 ], [ 12.666448565475694, 42.079264230113161 ], [ 12.667430119176311, 42.078233321180619 ], [ 12.668386889728977, 42.077468293089467 ], [ 12.668673615502183, 42.077239033410386 ], [ 12.669667729028886, 42.0765183646484 ], [ 12.670386106606653, 42.075981328237177 ], [ 12.670800302337563, 42.075671678221497 ], [ 12.671892019388586, 42.074889313217675 ], [ 12.672463324437198, 42.074532335015384 ], [ 12.672603828011434, 42.074444541489683 ], [ 12.67289452198602, 42.0742628985235 ], [ 12.6731751945302, 42.074139399336602 ], [ 12.673987016570811, 42.07378216420684 ], [ 12.674870037443517, 42.073402674411078 ], [ 12.67617824670304, 42.072996022439547 ], [ 12.676210317778443, 42.072966589473403 ], [ 12.676579956462714, 42.072627457554688 ], [ 12.676570317138616, 42.072473709060461 ], [ 12.676548404965558, 42.072124234057007 ], [ 12.676541356503645, 42.072011885025837 ], [ 12.676373696572346, 42.071875881415437 ], [ 12.676237018693346, 42.071765009829242 ], [ 12.675942071060495, 42.071549356975574 ], [ 12.675069763156303, 42.070910991021982 ], [ 12.673300302175575, 42.069752100760454 ], [ 12.672989958913382, 42.069532523962614 ], [ 12.671951729858835, 42.068797928020537 ], [ 12.671674946101323, 42.068602086468111 ], [ 12.670718961034227, 42.067624186768498 ], [ 12.670518222310728, 42.067403978611161 ], [ 12.669765884171319, 42.066578651628689 ], [ 12.668962626697555, 42.065393268504856 ], [ 12.668257408689046, 42.064191205765084 ], [ 12.66812210107101, 42.063933091051709 ], [ 12.667469213150259, 42.062663148653137 ], [ 12.666979677841171, 42.061481191271731 ], [ 12.666607180393912, 42.060101908748436 ], [ 12.666667050459589, 42.059095988659664 ], [ 12.66700122673606, 42.057880410170931 ], [ 12.667044146169749, 42.057724220672355 ], [ 12.667937084005986, 42.056484527708243 ], [ 12.668539796047551, 42.05581548200265 ], [ 12.668981154942829, 42.055325537926777 ], [ 12.670174827597545, 42.054404880632482 ], [ 12.671353394983766, 42.05390338839296 ], [ 12.672186201850211, 42.053662786091451 ], [ 12.672657533225824, 42.053526892810169 ], [ 12.673002344003566, 42.053427346502623 ], [ 12.673686816048772, 42.052883149138793 ], [ 12.6737715569139, 42.052616912405043 ], [ 12.673877929999943, 42.052282712873819 ], [ 12.674367523899667, 42.051109930004891 ], [ 12.675020801801175, 42.049509386277954 ], [ 12.674888385545353, 42.048752038922444 ], [ 12.674666372940731, 42.048529543338262 ], [ 12.67436382333281, 42.048219578885366 ], [ 12.673528133738547, 42.047620539780802 ], [ 12.672405137241231, 42.046936168246063 ], [ 12.671181363496039, 42.046074915392744 ], [ 12.669837549014931, 42.045789268696865 ], [ 12.668231113719072, 42.045467013951537 ], [ 12.666702270043256, 42.044957637737411 ], [ 12.665061775274221, 42.044213197824135 ], [ 12.663283231904318, 42.043995424946182 ], [ 12.661787113822699, 42.044263846992393 ], [ 12.66074538737783, 42.044648303289904 ], [ 12.659021805884221, 42.045846911568518 ], [ 12.658925147731908, 42.04591521358676 ], [ 12.658811381962932, 42.045995022125076 ], [ 12.658140945191189, 42.046469341728979 ], [ 12.658075389663201, 42.046447123094751 ], [ 12.657484627033085, 42.046256153891221 ], [ 12.656753852795562, 42.04607159893321 ], [ 12.655740233845492, 42.046041674690457 ], [ 12.6554520170058, 42.045782337109209 ], [ 12.654821675550213, 42.045213797058807 ], [ 12.654791386903545, 42.045186708735066 ], [ 12.654510349612666, 42.044935316030831 ], [ 12.654476256731749, 42.044978787205054 ] ] ] ] } },
{ "type": "Feature", "properties": { "nome": "Tormancina", "nome_slug": "Tormancina", "popolazione": 0, "famiglie": 0, "edifici": 0, "elevazione_media": 25.69, "pendenza_media": 3.07, "pendenza_max": 74.97, "rugosita_media": 0.83, "stabilita_media": 1.48, "costruibilita_media": 1.31, "radiazione_media": 0.5, "geomorfologia_dominante": "Pianura/fondovalle" }, "geometry": { "type": "MultiPolygon", "coordinates": [ [ [ [ 12.627438173242346, 42.090742998892097 ], [ 12.627284911583601, 42.090603409388414 ], [ 12.627084914218456, 42.090571200091667 ], [ 12.626456976267221, 42.090678518844619 ], [ 12.625576822030181, 42.090888696593701 ], [ 12.625083878787231, 42.090990007338206 ], [ 12.624768992840314, 42.091056452551435 ], [ 12.624473873774988, 42.09106790691677 ], [ 12.62370106753864, 42.090928918123019 ], [ 12.623245642334844, 42.090814060557719 ], [ 12.622708405723504, 42.090679954532057 ], [ 12.622474305184571, 42.090635571073577 ], [ 12.622227628817999, 42.090612883377652 ], [ 12.62170935618126, 42.09060213618821 ], [ 12.621458725261355, 42.090684780694986 ], [ 12.621156723188125, 42.090880564506278 ], [ 12.620835737407909, 42.0909529645417 ], [ 12.620301438308479, 42.091056076365781 ], [ 12.619711831784658, 42.09106140469811 ], [ 12.619562987842759, 42.091036297510129 ], [ 12.618985500823896, 42.090940923548281 ], [ 12.618165119389349, 42.090814076374357 ], [ 12.61774780605141, 42.090712692842914 ], [ 12.617651123942675, 42.090689207052563 ], [ 12.617238267982941, 42.090381966198265 ], [ 12.616311515364703, 42.089633593454629 ], [ 12.615603280589765, 42.089030314037835 ], [ 12.614857439745668, 42.08848774445611 ], [ 12.614785932523159, 42.08849119929689 ], [ 12.614695662418255, 42.088580428443407 ], [ 12.617119683777883, 42.090443730637567 ], [ 12.617874306582818, 42.091018366143921 ], [ 12.6195278260265, 42.092292191583141 ], [ 12.619607203046286, 42.092355696136295 ], [ 12.620059640851421, 42.092703432618976 ], [ 12.622464750256983, 42.094551859170359 ], [ 12.622994123959305, 42.094958682613388 ], [ 12.624072941712853, 42.095787811033695 ], [ 12.624018827004768, 42.095862370092185 ], [ 12.623980032610087, 42.095917874328279 ], [ 12.623843230851026, 42.096107826143594 ], [ 12.623714346074909, 42.096285895226941 ], [ 12.623651461604592, 42.096376833568392 ], [ 12.62358101395581, 42.096480491490667 ], [ 12.623432312660475, 42.096699394497321 ], [ 12.623321489866001, 42.096868696916502 ], [ 12.623287703975807, 42.096920307430878 ], [ 12.623191568743621, 42.097067346847659 ], [ 12.623070157673297, 42.097263009083527 ], [ 12.622989677288627, 42.097392709273386 ], [ 12.622892692474004, 42.097558829188422 ], [ 12.622860374437478, 42.097614185943335 ], [ 12.622791460677901, 42.09773417349443 ], [ 12.622703937613107, 42.09789236718872 ], [ 12.622661356221561, 42.097973515339753 ], [ 12.622598008930403, 42.098084029489804 ], [ 12.622507564781362, 42.098260783054627 ], [ 12.622407671451569, 42.09845099375201 ], [ 12.622384790419142, 42.09849940663436 ], [ 12.622323147223543, 42.098629847238044 ], [ 12.622248468296178, 42.09877668492723 ], [ 12.622206006409277, 42.098877644815033 ], [ 12.622132098561661, 42.099020794055569 ], [ 12.622094526361414, 42.099105741228264 ], [ 12.622050073326749, 42.099210914243507 ], [ 12.621929511274933, 42.099510933308409 ], [ 12.621708329940475, 42.100086041702937 ], [ 12.621643518869057, 42.100268753320904 ], [ 12.621592789906522, 42.100418929034745 ], [ 12.621542138059493, 42.100561994900943 ], [ 12.621504771576724, 42.100667535364714 ], [ 12.621470966146221, 42.100778958595036 ], [ 12.62139261655434, 42.101056619029016 ], [ 12.621367842942727, 42.101136250376712 ], [ 12.621326492220275, 42.101269174721921 ], [ 12.621308501276848, 42.101361912337978 ], [ 12.621159013858811, 42.101973405791455 ], [ 12.621021623215649, 42.102617990772686 ], [ 12.62097038059864, 42.102889045812326 ], [ 12.620906123721287, 42.103250436258783 ], [ 12.620882230367975, 42.103384803381239 ], [ 12.62078374875164, 42.10389876875842 ], [ 12.620692856268672, 42.104423520479195 ], [ 12.620679254748916, 42.104525092450473 ], [ 12.620671064814831, 42.10457269865335 ], [ 12.620624562047434, 42.104843049965652 ], [ 12.620619716318519, 42.104889375398884 ], [ 12.620569914956217, 42.105140230435801 ], [ 12.620520567676019, 42.105400122594006 ], [ 12.620458709843906, 42.105418206900985 ], [ 12.619640135174921, 42.105415133483262 ], [ 12.618343108454244, 42.105421607640274 ], [ 12.617937961651819, 42.105438946280259 ], [ 12.617767207908226, 42.105420908528721 ], [ 12.617611106322885, 42.105385408073914 ], [ 12.617424909012488, 42.105353208520633 ], [ 12.616560400353009, 42.105372468206347 ], [ 12.615907302437929, 42.105392496091952 ], [ 12.615767611011124, 42.105399371790512 ], [ 12.615384810581295, 42.105449708019592 ], [ 12.615235909598541, 42.105569708472522 ], [ 12.615147408961443, 42.105609208781573 ], [ 12.614942408786927, 42.105622608190131 ], [ 12.614743107156659, 42.105580408221243 ], [ 12.614665910062776, 42.105508808537017 ], [ 12.614554448231292, 42.105472941321359 ], [ 12.614186407826184, 42.105354507934081 ], [ 12.61406423867423, 42.10550326128584 ], [ 12.614603329273692, 42.105610774819567 ], [ 12.615913028674477, 42.105862104497007 ], [ 12.617508412247254, 42.105888285686099 ], [ 12.618928939772806, 42.106068549832791 ], [ 12.620387819518109, 42.106071763110933 ], [ 12.620677102207983, 42.106071623978643 ], [ 12.620850884360122, 42.106071926035867 ], [ 12.622169982996205, 42.106074219304801 ], [ 12.62396052372852, 42.106076143259841 ], [ 12.624260371461995, 42.106102953191588 ], [ 12.625671250349001, 42.106229127754851 ], [ 12.625996100231472, 42.105667889545451 ], [ 12.626023859081117, 42.1056218564513 ], [ 12.626477287615783, 42.105226026119496 ], [ 12.626557028059374, 42.105156561153521 ], [ 12.626745152993488, 42.105061332753188 ], [ 12.62706414089326, 42.104899851751405 ], [ 12.627790299068566, 42.104532232035048 ], [ 12.629540152089685, 42.103995080848634 ], [ 12.629788793932741, 42.103919876058953 ], [ 12.63106979517082, 42.103532411021064 ], [ 12.632151079053507, 42.103126672770514 ], [ 12.632141613341908, 42.103098401897469 ], [ 12.632107530347859, 42.103012398070483 ], [ 12.632085797116995, 42.102957735240985 ], [ 12.631966278620215, 42.102739295378576 ], [ 12.631874059276525, 42.102605811833079 ], [ 12.631750663387267, 42.102427514918702 ], [ 12.631527217222278, 42.102074232972114 ], [ 12.631247458256812, 42.10169184532365 ], [ 12.630884742096397, 42.101313265827052 ], [ 12.630415932179668, 42.10085555800196 ], [ 12.629998944408332, 42.100481737514933 ], [ 12.629613578277302, 42.100146820817884 ], [ 12.62819805922152, 42.099117607120085 ], [ 12.628085474378356, 42.099027467057596 ], [ 12.62684920051786, 42.098081127777625 ], [ 12.625370915144515, 42.096946509054852 ], [ 12.624327306184068, 42.096142557213803 ], [ 12.624399236532273, 42.09604703449417 ], [ 12.624590128926251, 42.095773979852794 ], [ 12.624762220662102, 42.095546325894787 ], [ 12.624841719314446, 42.09544581715992 ], [ 12.624873076010223, 42.095412196024199 ], [ 12.624908163146307, 42.095361835159331 ], [ 12.624984477801272, 42.095263931236147 ], [ 12.625136697005786, 42.095066880059434 ], [ 12.625301763086387, 42.094853198571741 ], [ 12.625469432237574, 42.094646617528809 ], [ 12.625807528576059, 42.094208904459705 ], [ 12.625984682720807, 42.093977224615031 ], [ 12.626142974160651, 42.093775900876196 ], [ 12.626272044870001, 42.093601928438261 ], [ 12.626447915531893, 42.093371415881514 ], [ 12.6265075957677, 42.093288642001951 ], [ 12.626613845825238, 42.093157327880448 ], [ 12.626739061451019, 42.092996777718461 ], [ 12.626858375989562, 42.092843570186403 ], [ 12.626924686486365, 42.092758422441435 ], [ 12.627019262536466, 42.092633090913466 ], [ 12.627071302512558, 42.092571308013817 ], [ 12.627142017331867, 42.092481126712912 ], [ 12.627205108312474, 42.092404065147058 ], [ 12.627324915753567, 42.092241268665113 ], [ 12.627395644378566, 42.092146722206884 ], [ 12.627482566571771, 42.092039921949372 ], [ 12.62754848440226, 42.09195158601473 ], [ 12.627608223268657, 42.091874060337176 ], [ 12.627716490385071, 42.091738447359475 ], [ 12.627814488260256, 42.091625316255723 ], [ 12.627857371283516, 42.091566330668506 ], [ 12.62812389547793, 42.09122139504732 ], [ 12.628162261598151, 42.091169214900439 ], [ 12.628328538552664, 42.090943070615936 ], [ 12.628502925657333, 42.090720811467172 ], [ 12.628555012016347, 42.090657138152039 ], [ 12.628623726866408, 42.090572698516063 ], [ 12.628725760843913, 42.090443198919935 ], [ 12.62908477157281, 42.089980799500665 ], [ 12.629231153400436, 42.089802610684764 ], [ 12.629357603669636, 42.089620347043223 ], [ 12.629645818366505, 42.089278059946238 ], [ 12.630229089534875, 42.088543003689388 ], [ 12.630329182635025, 42.088412502508206 ], [ 12.630518406600372, 42.088165791791603 ], [ 12.630856235588809, 42.087724052760677 ], [ 12.631057010843946, 42.087461519579833 ], [ 12.631157880381197, 42.087329620769879 ], [ 12.631236086327853, 42.087227817711366 ], [ 12.631377624778027, 42.08703822574428 ], [ 12.631408328982017, 42.086997096506614 ], [ 12.631532558030905, 42.086828272812333 ], [ 12.63160211729187, 42.086739259992655 ], [ 12.631779548617228, 42.086507952399494 ], [ 12.631800910627863, 42.086480101144005 ], [ 12.631966571467219, 42.086269647396414 ], [ 12.632606546439415, 42.085438531126321 ], [ 12.632696864800517, 42.085319514323906 ], [ 12.633062081147536, 42.084833278504526 ], [ 12.633437360484621, 42.084313318758234 ], [ 12.633664199109941, 42.083981077091487 ], [ 12.633874597032532, 42.083672912501306 ], [ 12.634038673447321, 42.083436428486642 ], [ 12.634631954380783, 42.082534968426422 ], [ 12.634742227443734, 42.08236684681922 ], [ 12.634973868511603, 42.082013684592305 ], [ 12.635046337545116, 42.081898112672434 ], [ 12.635294212950191, 42.081506126300056 ], [ 12.635404153454633, 42.081327444921108 ], [ 12.635544331480011, 42.081099614834734 ], [ 12.63577098486606, 42.080716929814081 ], [ 12.635670965355965, 42.08068372745187 ], [ 12.635619278913127, 42.080670738974433 ], [ 12.635572370881579, 42.080654772325843 ], [ 12.635368493382201, 42.080591624346994 ], [ 12.635111762227485, 42.08103112580546 ], [ 12.634839606726086, 42.081483325324406 ], [ 12.634800865768682, 42.081546841153198 ], [ 12.634471474607437, 42.082078010695909 ], [ 12.634307867261802, 42.082318452417141 ], [ 12.634243506174203, 42.082412743553661 ], [ 12.634156249418286, 42.082557764536134 ], [ 12.634024537252659, 42.082748152300987 ], [ 12.633839481101647, 42.08301700066491 ], [ 12.633681164360938, 42.083251952887665 ], [ 12.633641595113643, 42.083310571732689 ], [ 12.63350867927959, 42.083504444062513 ], [ 12.633321011971935, 42.083767671719862 ], [ 12.633184622470571, 42.083966853100776 ], [ 12.633064344226172, 42.084138352882974 ], [ 12.632992017144673, 42.084233765698194 ], [ 12.632879911174768, 42.08438136085261 ], [ 12.632680818625662, 42.084647098151329 ], [ 12.632385307216721, 42.08503575952416 ], [ 12.632247417870579, 42.085218787025212 ], [ 12.632237663553999, 42.085246783746584 ], [ 12.632149002084095, 42.08536125614939 ], [ 12.631936899974908, 42.08564341568492 ], [ 12.631874610510371, 42.085721306271779 ], [ 12.631722234435056, 42.085916514517116 ], [ 12.631687159402359, 42.08596911112528 ], [ 12.631594921897525, 42.086090238319137 ], [ 12.631431310723849, 42.086293922610409 ], [ 12.631417215055958, 42.086317413111985 ], [ 12.631381626497546, 42.086359056403658 ], [ 12.631295429251683, 42.086475580578202 ], [ 12.631087027191066, 42.086746238510479 ], [ 12.631036704030651, 42.086802121185549 ], [ 12.630967205505566, 42.086899813149699 ], [ 12.630892001437067, 42.086996201862142 ], [ 12.630414129113996, 42.08761242248459 ], [ 12.630352849708228, 42.087688503634375 ], [ 12.630333017417486, 42.087717693786971 ], [ 12.630120056327385, 42.087994095301617 ], [ 12.62994666104297, 42.088212268868091 ], [ 12.629858129246365, 42.08832622934667 ], [ 12.629800761153165, 42.088400076527293 ], [ 12.629332002537652, 42.089002817586326 ], [ 12.629260192508934, 42.08909631441098 ], [ 12.629194323682785, 42.089182856938976 ], [ 12.629112742066607, 42.089286888816609 ], [ 12.629093556712652, 42.089310741010237 ], [ 12.629060099966635, 42.08935365417711 ], [ 12.629006785430468, 42.089419442188138 ], [ 12.628975427297894, 42.089460386189508 ], [ 12.628863950262911, 42.089602134216591 ], [ 12.628630734880126, 42.089902539653565 ], [ 12.628428316350623, 42.090164456111665 ], [ 12.627943523258837, 42.090791741686004 ], [ 12.62786497189969, 42.09089206138124 ], [ 12.627831828428141, 42.090935344273568 ], [ 12.627785619839248, 42.090996128901672 ], [ 12.627582631436757, 42.090872173788306 ], [ 12.627438173242346, 42.090742998892097 ] ] ] ] } }
]
}
